Time,Close,Volume,diferencia_media_20
2018-06-28,0.07399597636123723,0.9355594565715157,0.649426626052679
2018-06-29,0.07380362589643319,0.9988424159161451,0.5218419638057703
2018-07-02,0.07360981337914208,0.6881926423446801,0.549798423221643
2018-07-03,0.07341453124450048,0.6111433368951305,0.5627441318760054
2018-07-04,0.07321777192765122,0.4942909479468784,0.5714208923132046
2018-07-05,0.07301952786373533,0.6737673637612578,0.5170892313205514
2018-07-06,0.07281979148789208,0.588846486541495,0.4914083497581092
2018-07-09,0.07261855523526695,0.5390245764005495,0.4471376097473567
2018-07-10,0.07241581154099741,0.53115554877118,0.433770829600429
2018-07-11,0.07221155284022895,0.8531623670686409,0.4076196022218232
2018-07-12,0.07200577156809906,0.7127563221899964,0.37088335423759244
2018-07-13,0.07179846213194896,0.6248969622958327,0.3876635011646658
2018-07-16,0.07158962682790726,0.521172340100748,0.3824225049274315
2018-07-17,0.07137926992429922,0.6928942146237216,0.3877799677477167
2018-07-18,0.07116739568945629,0.6457919910446243,0.42980200680881525
2018-07-19,0.0709540083916993,0.8225003816211265,0.4812399211610821
2018-07-20,0.07073911229936058,0.991909632117234,0.5190019709729445
2018-07-23,0.07052271168076452,0.6326642242914567,0.5666412829242092
2018-07-24,0.07030481240638409,0.6279244898997608,0.6001881383264666
2018-07-25,0.0700854267552824,0.6628402788378365,0.5908663321985298
2018-07-26,0.06986456860866053,0.6119803592326871,0.6556083139222366
2018-07-27,0.0696422518477311,0.47752251564646625,0.6658036194230402
2018-07-30,0.0694184903537014,0.38330534778405334,0.6153959863823674
2018-07-31,0.06919329800777252,0.6255558947743347,0.5547751299050365
2018-08-01,0.06896668869115175,0.5378491833307891,0.606253359612972
2018-08-02,0.06873867628505259,0.5102096372055157,0.689809173983156
2018-08-03,0.06850927467067969,0.47079835139673337,0.7419190109299394
2018-08-06,0.068278497729235,0.30827100188266426,0.7357507615122726
2018-08-07,0.06804635934193026,0.3308426194474126,0.6867407274681958
2018-08-08,0.06781287338997011,0.3563196458555946,0.7113106970077044
2018-08-09,0.06757805375456183,0.3995395105073017,0.7649032431463885
2018-08-10,0.06734191431691361,0.8202386404111331,0.8784402436839258
2018-08-13,0.06710446895823097,0.7678725894265507,0.8750268769037801
2018-08-14,0.06686573155972031,0.5697323563832494,0.8727065042107136
2018-08-15,0.06662571600258982,0.619047982496311,0.8858717075792835
2018-08-16,0.06638443616804768,0.6751284791126037,0.8179000179179333
2018-08-17,0.06614190593729674,0.5207271154531115,0.778032610643252
2018-08-20,0.06589813919154697,0.3961710680303262,0.7605223078301366
2018-08-21,0.06565314981200299,0.5416043352159975,0.6431284716000704
2018-08-22,0.06540695167987387,0.513193914415102,0.5799677477154608
2018-08-23,0.06515955867636514,0.5092148781356536,0.5520963984948927
2018-08-24,0.06491098468268497,0.5137052867246731,0.47583766350116347
2018-08-27,0.06466124358003622,0.404073169490663,0.4380890521411931
2018-08-28,0.06441034924963152,0.4737063043810105,0.40620856477333755
2018-08-29,0.06415831557267548,0.5408080191319391,0.34514423938362215
2018-08-30,0.06390515643037453,0.5404747366814227,0.45424207131338334
2018-08-31,0.06365088570393507,0.6031191166742991,0.5074807382189573
2018-09-03,0.06339551727456616,0.36830509336996897,0.4982306038344356
2018-09-04,0.06313906502347155,0.5072482572635221,0.4935674610284887
2018-09-05,0.06288154283185854,0.5781458301531572,0.4449964164128291
2018-09-06,0.0626229645809353,0.6315498906019437,0.5371976348324685
2018-09-07,0.06236334415190914,0.6140334808935023,0.5817147464612072
2018-09-10,0.06210269542598734,0.39204192744110317,0.5446156602759367
2018-09-11,0.06184103228437454,0.40414949371597214,0.5011064325389701
2018-09-12,0.06157836860827892,0.4404035007378008,0.5312444006450466
2018-09-13,0.06131471827890511,0.4716964331145373,0.4173490413904331
2018-09-14,0.061050095177465735,0.4133643718516257,0.49078122200322355
2018-09-17,0.06078451318516187,0.20103037704167304,0.46851818670489187
2018-09-18,0.06051798618320081,0.36727471632829595,0.44850833184017136
2018-09-19,0.060250528052793406,0.2649951661323971,0.46109120229349393
2018-09-20,0.059982152675144285,0.36350684373886943,0.3532073105178304
2018-09-21,0.05971287393145985,0.29869231160637055,0.38366332198530817
2018-09-24,0.059442705702948295,0.23668651096524707,0.3782521053574598
2018-09-25,0.05917166187081335,0.27212130463542467,0.3536686973660642
2018-09-26,0.058899756316264984,0.30863226988246073,0.41138236875112166
2018-09-27,0.0586270029205096,0.36825675469393987,0.4535163949113037
2018-09-28,0.0583534155647536,0.3198671958479622,0.47619602221823587
2018-10-01,0.0580790081302025,0.25456164453264135,0.4841560652212852
2018-10-02,0.05780379449806716,0.2845952271917774,0.5571716538254777
2018-10-03,0.05752778854955043,0.3632371648094439,0.5459147106253363
2018-10-04,0.057251004165860486,0.4014908665343714,0.5822074896971876
2018-10-05,0.056973455228201964,0.39115656642751745,0.609541300842142
2018-10-08,0.0566951556177866,0.2887676181753422,0.6963402616018628
2018-10-09,0.05641611921581813,0.47088230804457337,0.7253314818132943
2018-10-10,0.05613635990350474,0.41796417849692163,0.7706414621035653
2018-10-11,0.05585589156205195,0.7678217066096779,0.7013080093173241
2018-10-12,0.05557472807266883,0.5070192845875947,0.7289688227916147
2018-10-15,0.05529288331655735,0.45880272731898436,0.7488846084931009
2018-10-16,0.05501037117492924,0.3866050984582507,0.6988398136534654
2018-10-17,0.05472720552899002,0.4467536762835191,0.7236158394552943
2018-10-18,0.05444340025994876,0.55002798554928,0.803408887296185
2018-10-19,0.05415896924900654,0.5330661985447515,0.6909827987815775
2018-10-22,0.053873926377373316,0.47019284587594773,0.6989338828166995
2018-10-23,0.05358828552625816,0.5921564137790668,0.7141148539688214
2018-10-24,0.053302060576865706,0.6528392611814989,0.7923042465507968
2018-10-25,0.053015265410403245,0.599768483183229,0.7778489518007522
2018-10-26,0.052727913908077184,0.7603775505011957,0.7806710266977248
2018-10-29,0.05244001995109393,0.5961430824810461,0.742555097652751
2018-10-30,0.052151597420662554,0.544748893298733,0.6853476079555646
2018-10-31,0.05186266019798769,0.4358240472192541,0.711422684106788
2018-11-01,0.05157322216427751,0.4555894774334707,0.6328838917756661
2018-11-02,0.05128329720073754,0.5264030936752658,0.594526070596667
2018-11-05,0.05099289918857686,0.33988704014654253,0.5677029206235421
2018-11-06,0.050702042009002746,0.32039637714343866,0.5217613330944281
2018-11-07,0.050410739543217176,0.5916475856103394,0.514226841067909
2018-11-08,0.05011900567243188,0.38475805220577014,0.5250761512273797
2018-11-09,0.049826854277851496,0.3836488067979444,0.5747446694140834
2018-11-12,0.04953429924068242,0.5397674655268916,0.6846756853610455
2018-11-13,0.04924135444213196,0.6232916094234977,0.6067326643970602
2018-11-14,0.04894803376341095,0.6625044522464764,0.6010168428597
2018-11-15,0.048654351085718694,0.7103699180786648,0.5821134205339533
2018-11-16,0.0483603202902696,0.5674324530606014,0.5693289733022753
2018-11-19,0.04806595525826651,0.5256220424362692,0.5606746102848953
2018-11-20,0.047771269870915845,0.4629674858800183,0.6192796989786792
2018-11-21,0.047476278009426665,0.3815040960667583,0.5770560831392201
2018-11-22,0.04718099355500449,0.29169846842721214,0.5767559577136732
2018-11-23,0.046885430388853955,0.3155879509489646,0.6533730514244748
2018-11-26,0.04658960239218768,0.4308731491375363,0.5919010929940888
2018-11-27,0.04629352344620852,0.4376303872182364,0.6116780146927048
2018-11-28,0.045997207432123766,0.3899811733577571,0.5509227736964712
2018-11-29,0.04570066823113983,0.3806747061517326,0.5477154631786408
2018-11-30,0.04540391972446578,0.3326184297562713,0.6159917577495065
2018-12-03,0.045106975793307136,0.3658449091741719,0.5691766708475181
2018-12-04,0.044809850318869415,0.49846079478959954,0.6602983336319652
2018-12-05,0.04451255718236169,0.24501348394647132,0.6106790897688572
2018-12-06,0.04421511026498948,0.6413422887091029,0.623203726930657
2018-12-07,0.04391752344796096,0.4995369663664581,0.5963178641820442
2018-12-10,0.04361981061247988,0.5502238843942401,0.582409066475543
2018-12-11,0.04332198563975709,0.4560194372360454,0.6117944812757558
2018-12-12,0.0430240624109981,0.46914974813005655,0.5739204443648097
2018-12-13,0.04272605480741021,0.40120846690072764,0.5513796810607428
2018-12-14,0.04242797671019627,0.389757288963517,0.6259093352445773
2018-12-17,0.04212984200056802,0.38854373378110213,0.6346936032968977
2018-12-18,0.04183166455973186,0.4374726504859309,0.6475586812399218
2018-12-19,0.04153345826889154,0.5332290235587441,0.6356970077047102
2018-12-20,0.04123523700925702,0.6373759731338726,0.6804560114674792
2018-12-21,0.04093701466203381,0.6052841805322342,0.7637788926715627
2018-12-24,0.04063880510842832,0.5056327278278125,0.794888908797704
2018-12-26,0.04034062222964785,0.28555436828982855,0.7382995878874747
2018-12-27,0.040042479906900574,0.9819925711087365,0.6839679268948202
2018-12-28,0.039744392021392905,0.8181219152292271,0.7327987815803607
2018-12-31,0.03944637245433036,0.4571770213199003,0.7775757032789817
2019-01-02,0.03914843508691934,0.6227217218745229,0.9353610464074522
2019-01-03,0.03885059380036893,0.870274258382944,0.9917756674431089
2019-01-04,0.03855286247588463,0.6534549432656591,0.8796183479663133
2019-01-07,0.03825525499467375,0.40255940568869897,0.7684375559935487
2019-01-08,0.037957785237943575,0.4134356077952476,0.7789509048557586
2019-01-09,0.03766046708690052,0.5135755355416476,0.725582332915248
2019-01-10,0.03736331442275098,0.5138095964992622,0.7195260705966673
2019-01-11,0.03706634112670226,0.386091182007836,0.7217299767066814
2019-01-14,0.036769561079960766,0.30867552027680256,0.7364719584303886
2019-01-15,0.03647298816373379,0.4556937872080599,0.7180836767604364
2019-01-16,0.03617663625922951,0.36617055920215746,0.681177208385594
2019-01-17,0.03588051924765168,0.5007098152953747,0.6532297079376435
2019-01-18,0.035584651010210244,0.3485243983106905,0.6099086185271454
2019-01-21,0.03528904542811162,0.22406757238080705,0.6058143701845549
2019-01-22,0.034993716382560436,0.2855467358672976,0.6326330406737135
2019-01-23,0.03469867775476487,0.32794229888566634,0.5822702024726728
2019-01-24,0.034403943425932226,0.4170024932580268,0.640221286507792
2019-01-25,0.0341095272772689,0.40157736732305505,0.5442573015588592
2019-01-28,0.03381544318998131,0.3129064264997711,0.5407991399390788
2019-01-29,0.033521705045278516,0.34838447056429045,0.5286239025264282
2019-01-30,0.033228326724365154,0.36870706762326366,0.5218777996774765
2019-01-31,0.03293532210844763,0.3468579860581082,0.5814549363913276
2019-02-01,0.0326427050787359,0.29673841143845725,0.5173445619064675
2019-02-04,0.03235048951643371,0.24258637358164148,0.4974959684644339
2019-02-05,0.03205868930275013,0.2221543784663919,0.5269261781042813
2019-02-06,0.031767318318888904,0.24397801862311097,0.5677701128829947
2019-02-07,0.0314763904460591,0.25289523228005906,0.6059218777996785
2019-02-08,0.031185919565470677,0.2056912430672162,0.625497222719943
2019-02-11,0.030895919558324714,0.23844705642904396,0.6126321447769215
2019-02-12,0.030606404305829393,0.24368544242609275,0.5561637699337042
2019-02-13,0.030317387689194675,0.22388948252175245,0.5722316789105888
2019-02-14,0.0300288835896243,0.30242965450567344,0.592313205518723
2019-02-15,0.02974090588832734,0.28348343764310796,0.5999059308367676
2019-02-18,0.02945346846651198,0.1759222510558185,0.5675237412650046
2019-02-19,0.029166585205379292,0.2543097745891213,0.5431105536642193
2019-02-20,0.028880269986141904,0.24584796214318427,0.524905930836767
2019-02-21,0.028594536690003558,0.29883732763445786,0.5508466224690913
2019-02-22,0.028309399198172436,0.23335877474176975,0.5589589679268953
2019-02-25,0.028024871391854056,0.28497684831832293,0.498544167711881
2019-02-26,0.027740967152258378,0.24387116470767822,0.5198351549901454
2019-02-27,0.027457700360588255,0.2570396377143439,0.5015185450636095
2019-02-28,0.027175084898050983,0.2669185366101868,0.4699471420892294
2019-03-01,0.026893134645858296,0.24421716786241288,0.43051424475900285
2019-03-04,0.02661186348521216,0.17750216251971712,0.4760750761512264
2019-03-05,0.026331285297319873,0.14088434335724825,0.49956101057158164
2019-03-06,0.026051413963392278,0.12023609627028951,0.51791793585379
2019-03-07,0.025772263364630454,0.1519818857171933,0.6513304067371437
2019-03-08,0.02549384738224436,0.17637256398514223,0.6555948754703459
2019-03-11,0.02521617989744307,0.12893960209637206,0.6432986919906819
2019-03-12,0.024939274791429433,0.16206686002137077,0.5902123275398664
2019-03-13,0.024663145945412523,0.13144558082735458,0.5731365346712034
2019-03-14,0.02438780724059786,0.16305653080954563,0.5459505464970438
2019-03-15,0.024113272558192733,0.12666514018216046,0.5534402436839256
2019-03-18,0.023839555779403554,0.09345392560932174,0.5525488263752019
2019-03-19,0.02356667078544028,0.07663461049203683,0.5463268231499718
2019-03-20,0.02329463145750843,0.13110721009515086,0.5597025622648281
2019-03-21,0.02302345167680997,0.17387930595837786,0.5903780684465144
2019-03-22,0.0227531453245593,0.23940619752709513,0.7470256226482697
2019-03-25,0.022483726281957495,0.21534625756881903,0.7251343845189024
2019-03-26,0.02221520843021274,0.20362540070218288,0.6987681419100517
2019-03-27,0.021947605650534996,0.24496768941128583,0.7233515499014498
2019-03-28,0.02168093182412978,0.2292143693074849,0.7179403332736064
2019-03-29,0.021415200832199943,0.19861089909937418,0.6937152839992833
2019-04-01,0.021150426555958113,0.18589782730371956,0.6378964343307646
2019-04-02,0.020886622876606253,0.14638223172034803,0.6415516932449368
2019-04-03,0.020623803675355212,0.15361522413880835,0.5904139043182219
2019-04-04,0.020361982833410508,0.1311148425176818,0.5883354237591808
2019-04-05,0.02010117423197766,0.120625349819366,0.5890790180971136
2019-04-08,0.019841391752265736,0.12691701012568057,0.5692976169145314
2019-04-09,0.01958264927547848,0.13855391034447667,0.5987367855223072
2019-04-10,0.019324960682828518,0.15768584948862768,0.5980469449919363
2019-04-11,0.01906833985551515,0.13597160738818503,0.5493146389535924
2019-04-12,0.018812800674750996,0.15242456622398615,0.4711566027593621
2019-04-15,0.018558357021738914,0.10543937312369613,0.4643029922952854
2019-04-16,0.01830502277768975,0.14638986414287897,0.4890566206772989
2019-04-17,0.018052811823807247,0.10079122780237114,0.4695708654363
2019-04-18,0.017801738041301363,0.12477738767618175,0.5454533237771011
2019-04-19,0.017551815311373176,0.05236096270289524,0.5474287762049795
2019-04-22,0.017303057515237086,0.06040044776878849,0.5343038881920783
2019-04-23,0.017055478534095947,0.11952119269322749,0.5757256764020766
2019-04-24,0.01680909224915439,0.1685874930036127,0.6220614585199781
2019-04-25,0.01656391254162415,0.1553528723350125,0.6921698620318948
2019-04-26,0.016319953292709855,0.14143387777947386,0.6843576419996417
2019-04-29,0.016077228383618802,0.059866178191624694,0.6407991399390768
2019-04-30,0.015835751695555622,0.1226682949168066,0.6332108941049996
2019-05-01,0.015595537109729385,0.08873200020353127,0.656195126321446
2019-05-02,0.015356598507347385,0.12531928967587647,0.6669234904139049
2019-05-03,0.015118949769615142,0.12164809443850812,0.673418742160904
2019-05-06,0.014882604777738173,0.20291558540680815,0.6965239204443638
2019-05-07,0.014647577412926438,0.2092275988398718,0.757364271635907
2019-05-08,0.014413881556386343,0.22139368035414442,0.7630621752374128
2019-05-09,0.014181531089325183,0.24391441510202005,0.7656602759362108
2019-05-10,0.0139505398929467,0.2764336233653895,0.709957892850743
2019-05-13,0.013720921848460854,0.23685188012008346,0.7678776204981183
2019-05-14,0.013492690837072274,0.18691293950033078,0.7431060741802529
2019-05-15,0.013265860739990032,0.21626214827252838,0.7289822612435055
2019-05-16,0.013040445438418757,0.17873098254719383,0.71823149973123
2019-05-17,0.012816458813566634,0.2530071744771791,0.7008869378247626
2019-05-20,0.012593914746640955,0.20411641988500484,0.6764199964164116
2019-05-21,0.012372827118845464,0.17911260367373938,0.6274368392761139
2019-05-22,0.012153209811391896,0.1494860835495853,0.6424341515857371
2019-05-23,0.011935076705486658,0.2458632269882461,0.6787538075613663
2019-05-24,0.011718441682330827,0.17572126392917115,0.6779698978677636
2019-05-27,0.011503318623137027,0.08416781153004631,0.6560338648987617
2019-05-28,0.011289721409110776,0.20818195695313696,0.6906513169682829
2019-05-29,0.011077663921457592,0.23736834071134177,0.6849802902705598
2019-05-30,0.01086716004138566,0.1833231567699588,0.6711521232753983
2019-05-31,0.010658223650100496,0.2882282603164911,0.7505420175595755
2019-06-03,0.010450868628808507,0.27887599857528117,0.690543809353163
2019-06-04,0.010245108858722318,0.2598865313183738,0.6643925819745558
2019-06-05,0.010040958221040341,0.2601765633745484,0.6572478050528568
2019-06-06,0.0098384305969752,0.25478807306772505,0.6066565131696816
2019-06-07,0.009637539867730638,0.21868671449651456,0.5665920086006071
2019-06-10,0.0094382999145175,0.16389355314710224,0.5609568177745904
2019-06-11,0.009240724618536866,0.1810944893909327,0.5408618527145679
2019-06-12,0.009044827861001359,0.20319798504045183,0.5784626411037435
2019-06-13,0.008850623523112056,0.17510558184501096,0.597827450277729
2019-06-14,0.008658125486080692,0.18591563628962499,0.6413680344024357
2019-06-17,0.008467347631114563,0.11093980562763954,0.6311548109657765
2019-06-18,0.008278303839416523,0.2097745891212538,0.6546631428059497
2019-06-19,0.008091007992195642,0.18548313234620672,0.649776025801828
2019-06-20,0.007905473970659216,0.2759476924642548,0.6611852714567267
2019-06-21,0.007721715656014538,0.24539510507301687,0.5817281849130967
2019-06-24,0.007539746929465352,0.17158194677657357,0.5561279340619968
2019-06-25,0.0073595816722207275,0.25191573805525874,0.5984814549363899
2019-06-26,0.00718123376548796,0.2076782170660968,0.536695932628561
2019-06-27,0.007004717090471679,0.18221899964382032,0.5382682314997324
2019-06-28,0.0068300455283836214,0.18089859054597263,0.5312802365167542
2019-07-01,0.006657232960424864,0.2087620210654862,0.5655303709012692
2019-07-02,0.006486293267805365,0.16243830458454178,0.6169996416412838
2019-07-03,0.006317240331730645,0.139273902203226,0.6341605447052489
2019-07-04,0.006150088033410661,0.05041215081666921,0.6268276294570853
2019-07-05,0.005984850254046492,0.13403297206533354,0.6135146031177207
2019-07-08,0.0058215408748516495,0.10379331399786292,0.5952069521591119
2019-07-09,0.0056601737770298755,0.09117946369511017,0.5846174520695208
2019-07-10,0.005500762841786688,0.14539001679132957,0.5804694499193696
2019-07-11,0.005343321950330271,0.12740548516765887,0.5721465687152817
2019-07-12,0.005187864983867918,0.1240192337047779,0.6165068984053023
2019-07-15,0.0050344058236069245,0.10174528061873504,0.6271411933345268
2019-07-16,0.00488295835075192,0.12277006055055208,0.6410051962013958
2019-07-17,0.004733536446511977,0.09976339490154175,0.6540404945350302
2019-07-18,0.004586153992092612,0.16971200325650027,0.6681150331481807
2019-07-19,0.004440824868702897,0.1696026052002239,0.673405303709012
2019-07-22,0.004297562957546575,0.1218923319594973,0.6658125783909661
2019-07-23,0.004156382139831827,0.11722892179311047,0.6809711521232751
2019-07-24,0.004017296296766837,0.10256958225207348,0.6873947321268566
2019-07-25,0.003880319309557123,0.154332671856714,0.6283192976169143
2019-07-26,0.003745465059409092,0.09209026611713224,0.6335154990145127
2019-07-29,0.003612747427530927,0.06462372156922606,0.6021232753986738
2019-07-30,0.0034821802951272574,0.14313081972217984,0.607619602221823
2019-07-31,0.003353777543407155,0.19510761715768588,0.6627665292958239
2019-08-01,0.003227553053577914,0.2807662952221035,0.7847070417487899
2019-08-02,0.003103520706845053,0.3647000457945352,0.8202383085468554
2019-08-05,0.0029816943844167554,0.35212944588612427,0.780491847339186
2019-08-06,0.0028620879674976507,0.3552383859970488,0.7183614047661705
2019-08-07,0.002744715337295922,0.3611204396275378,0.7255106611718318
2019-08-08,0.002629590375017976,0.24551213555182416,0.7483470704174885
2019-08-09,0.0025167269618719956,0.19116674299089198,0.7548915964880835
2019-08-12,0.0024061389790617227,0.17413880832442885,0.7646299946246193
2019-08-13,0.002297840307799781,0.2723121151986974,0.6506719225945167
2019-08-14,0.002191844829284584,0.28878288302040406,0.7504793047840864
2019-08-15,0.0020881664247340836,0.3752607744364728,0.7434420354775112
2019-08-16,0.0019868189753458054,0.25723044827761665,0.7241533775309067
2019-08-19,0.001887816362327932,0.15300208619549177,0.6974466941408354
2019-08-20,0.001791172466891311,0.1685620515951763,0.7028489518007528
2019-08-21,0.0016969011702414605,0.12791940161807358,0.6700098548647194
2019-08-22,0.001605016353583899,0.1835623060092607,0.6771949471420871
2019-08-23,0.0015155318981250332,0.26921589579199107,0.7043943737681412
2019-08-26,0.0014284616850730458,0.4027069658576299,0.659281490772262
2019-08-27,0.0013438195956343435,0.24490663003103852,0.6863734097831912
2019-08-28,0.001261619511016221,0.21798707576451437,0.6499999999999989
2019-08-29,0.0011818753124250847,0.20651554470055467,0.6259138147285447
2019-08-30,0.0011046008810682295,0.2071286826438712,0.7060562623185807
2019-09-02,0.0010298100981538383,0.11677352058209943,0.723795018813833
2019-09-03,0.0009575168448865412,0.21467969266778608,0.7305097652750383
2019-09-04,0.0008877350024727448,0.16920317508777288,0.6183479663142805
2019-09-05,0.0008204784521206321,0.21687783035668856,0.5626455832288101
2019-09-06,0.0007557610750366095,0.19062738513204092,0.5722764737502235
2019-09-09,0.0006935967524279718,0.13582404721925406,0.5231634115749879
2019-09-10,0.0006339993655037901,0.15688444512288202,0.49450815266081327
2019-09-11,0.0005769827954669182,0.14311046659543075,0.498499372872245
2019-09-12,0.0005225609235255391,0.2627970284434947,0.4271456728184906
2019-09-13,0.0004707476308869474,0.1719483030580573,0.42684554739293984
2019-09-16,0.00042155679875932606,0.2031063959700809,0.49424386310697005
2019-09-17,0.00037500230834464077,0.18209942502416937,0.4405438093531623
2019-09-18,0.00033109804085817984,0.164659339541037,0.4545108403511915
2019-09-19,0.0002898578774992444,0.1863964789090724,0.4878068446514963
2019-09-20,0.00025129569947690555,0.15567343408131074,0.5617183300483776
2019-09-23,0.00021542538800023436,0.14219966417340862,0.5921385056441504
2019-09-24,0.00018226082427386103,0.1994504655777744,0.6140745386131523
2019-09-25,0.0001518158895050803,0.2021167251819061,0.6233560293854153
2019-09-26,0.00012410446490118687,0.1631913702742584,0.6378785163949089
2019-09-27,9.914043166769915e-05,0.18958428738614974,0.614002866869736
2019-09-30,7.693767101102367e-05,0.15410369918078665,0.6473839813653454
2019-10-01,5.7510064142896056e-05,0.18148374294000919,0.6538433972406383
2019-10-02,4.087149226528197e-05,0.1877397852745128,0.6836722809532331
2019-10-03,2.7035836585476147e-05,0.23336131888261336,0.7026384160544726
2019-10-04,1.6016978312549668e-05,0.1745535032819417,0.686848235083317
2019-10-07,7.828798654685443e-06,0.13815956851371292,0.6557426984411369
2019-10-08,2.4851788120727747e-06,0.19850913346562865,0.6807830137968104
2019-10-09,0.0,0.15140436574568766,0.6239338828166989
2019-10-10,3.871434168800647e-07,0.29247443138452145,0.5403377530908438
2019-10-11,3.660490276224948e-06,0.25839312064315884,0.4647554201755946
2019-10-14,9.833921783553023e-06,0.13738869383809088,0.47772800573373864
2019-10-15,1.8921319143494486e-05,0.20066656490103296,0.4275936212148349
2019-10-16,3.0936563563344066e-05,0.21946522159466753,0.4027324852177002
2019-10-17,4.589353625217285e-05,0.20544446140538342,0.36924834259093203
2019-10-18,6.380611841461103e-05,0.16497226886480437,0.362520157677836
2019-10-21,8.468819125706517e-05,0.14846079478959956,0.3733560293854147
2019-10-22,0.00010855363598949452,0.1375159008802727,0.42191363554918476
2019-10-23,0.00013541633381741747,0.1635144761614003,0.4098727826554382
2019-10-24,0.0001652901659454642,0.16777591207449244,0.4532073105178296
2019-10-25,0.00019818901358448215,0.10987889889584289,0.4843397240637862
2019-10-28,0.00023412675793998972,0.09360148577825268,0.4499328077405478
2019-10-29,0.0002731172802148407,0.11416832035821504,0.46065669234904166
2019-10-30,0.0003151744616198826,0.15614664427822722,0.4447007704712394
2019-10-31,0.0003603121833624101,0.21837124103190353,0.5386131517649165
2019-11-01,0.0004085443266470534,0.1426576095252633,0.5256719225945163
2019-11-04,0.00045988477268199546,0.09687579504401363,0.5365973839813657
2019-11-05,0.0005143474026736428,0.1767007581539714,0.5465328794122921
2019-11-06,0.0005719460978292901,0.11438202818908054,0.5845860956817782
2019-11-07,0.0006326947393544557,0.19412049051035468,0.5793003046049079
2019-11-08,0.0006966072084608754,0.13901185569633134,0.6156378785163952
2019-11-11,0.000763697386346962,0.06503841652673893,0.6267738756495246
2019-11-12,0.0008339791542262276,0.13256500279855493,0.6519530550080632
2019-11-13,0.0009074663933050786,0.13835037907698572,0.6717075792868651
2019-11-14,0.000984172984786369,0.13597415152902864,0.6922191363554931
2019-11-15,0.001064112809880946,0.10746705337607491,0.6207803261064304
2019-11-18,0.0011472984609852688,0.11749096830000509,0.608112345457802
2019-11-19,0.0012337373752666636,0.10453365898336132,0.6137340978319267
2019-11-20,0.0013234357010745157,0.16032412354347936,0.609263572836408
2019-11-21,0.0014163995867733092,0.15800386709408232,0.6205921877799669
2019-11-22,0.0015126351807159821,0.11994097593242763,0.6521904676581262
2019-11-25,0.0016121486312554723,0.09057141403348089,0.6274547572119683
2019-11-26,0.001714946086751823,0.10379331399786292,0.5998924923848769
2019-11-27,0.001821033695563301,0.08938075611865874,0.5730559039598637
2019-11-28,0.001930417606039292,0.05470157227904136,0.5646031177208367
2019-11-29,0.002043103966540727,0.11257314404925457,0.5596040136176302
2019-12-02,0.002159098925425873,0.12042690683356232,0.5492071313384687
2019-12-03,0.0022784086310450036,0.14258128529995423,0.5771322343666
2019-12-04,0.002401039231758162,0.15510609067317965,0.5582915248163398
2019-12-05,0.0025269968759209505,0.10488475041978325,0.5435181867048913
2019-12-06,0.00265628771188986,0.11254770264081819,0.6031356387744122
2019-12-09,0.002788917888018716,0.06197527095099985,0.6006764020784807
2019-12-10,0.0029248935526675623,0.08684679183839618,0.555482888371258
2019-12-11,0.0030642207720648074,0.09760087518445022,0.5435226661888549
2019-12-12,0.003206905283945183,0.148710120592276,0.47696649345995146
2019-12-13,0.003352952743918891,0.24502874879153314,0.49110822433255463
2019-12-16,0.0035023688075899173,0.08912634203429502,0.4530639670309983
2019-12-17,0.003655159130569352,0.07981733068742687,0.461785522307831
2019-12-18,0.003811329368468286,0.07030733221391137,0.4968912381293675
2019-12-19,0.003970885176889816,0.08638121406401057,0.5190109299408705
2019-12-20,0.0041338322114468085,0.06763344018724878,0.5589455294750045
2019-12-23,0.00430017612774769,0.058512695262809764,0.5591023114137252
2019-12-24,0.004469922581397334,0.08127003510914364,0.5717120587708282
2019-12-26,0.004643077228006831,0.0,0.536131517649167
2019-12-27,0.004819645723186383,0.14028647025899355,0.47900465866332154
2019-12-30,0.004999633722539976,0.1397776420902661,0.5235755240996234
2019-12-31,0.0051830468816813635,0.07865720246272835,0.5311682494176655
2020-01-02,0.00536989085621542,0.11670228463847758,0.5932718150869007
2020-01-03,0.00556017130175146,0.1855848979799522,0.6536597383981335
2020-01-06,0.005753893873897908,0.1493258026764362,0.5913949113062177
2020-01-07,0.005951064228265857,0.13626927186689053,0.6305769575344917
2020-01-08,0.006151688020459289,0.29158907037093573,0.61531983515499
2020-01-09,0.006355770906091074,0.12752505978730982,0.5770516036552591
2020-01-10,0.006563318540766971,0.08876761817534219,0.569199068267336
2020-01-13,0.006774336580096296,0.0637281839922658,0.5160051962013981
2020-01-14,0.006988830679685698,0.12847911260367373,0.5222988711700431
2020-01-15,0.0072068064951471555,0.09188419070879765,0.5110105715821527
2020-01-16,0.007428269682088207,0.07817635984328093,0.5014289553843388
2020-01-17,0.007653225896118165,0.07325090316999948,0.5492788030818849
2020-01-20,0.007881680792843682,0.03302803643209688,0.5441005196201384
2020-01-21,0.00811364002787407,0.10892739022032259,0.5897509406916314
2020-01-22,0.008349109256816867,0.1008293899150257,0.5838335423759182
2020-01-23,0.008588094135279611,0.13179158398208923,0.6534716000716714
2020-01-24,0.00883060031887517,0.10466849844807409,0.6993370363734093
2020-01-27,0.009076633463211081,0.18706558795094896,0.7334259093352451
2020-01-28,0.00932619922389133,0.11418104106243322,0.6998790539329853
2020-01-29,0.009579303256528782,0.10258484709713529,0.7148942841784629
2020-01-30,0.009835951216730088,0.17724520429450974,0.6978453682135815
2020-01-31,0.01009614876010545,0.17557624790108384,0.6913904318222558
2020-02-03,0.010359901542261518,0.15941077698061368,0.6880532162694862
2020-02-04,0.010627215218807606,0.1224418663817229,0.6196649345995331
2020-02-05,0.010898095445353029,0.14340558693329264,0.632762945708654
2020-02-06,0.011172547877504435,0.10098458250648755,0.6299587887475357
2020-02-07,0.011450578170872028,0.12624026866127308,0.6800259810069881
2020-02-10,0.011732191981065121,0.11178191624688343,0.7009899659559228
2020-02-11,0.012017394963688588,0.09695211926932275,0.6836812399211603
2020-02-12,0.012306192774355296,0.09760087518445022,0.6828570148718879
2020-02-13,0.012598591068670117,0.15575484658830713,0.7263662426088493
2020-02-14,0.01289459550224592,0.07936447361725944,0.7257032789822601
2020-02-17,0.013194211730685801,0.03408131074136264,0.6979797527324842
2020-02-18,0.013497445409603515,0.11692362489187401,0.7261109120229345
2020-02-19,0.013804302194603935,0.13219355823538392,0.5604551155706854
2020-02-20,0.014114787741297263,0.21033430010685394,0.5086409245654879
2020-02-21,0.014428907705291927,0.17581285299954208,0.49836050886937866
2020-02-24,0.014746667742194575,0.2827532692209841,0.5774278803081871
2020-02-25,0.015068073507617186,0.33181956953136926,0.5991892134026164
2020-02-26,0.015393130657165521,0.35999847351549386,0.5795914710625315
2020-02-27,0.015721844846448896,0.45644176461608915,0.5451621573194776
2020-02-28,0.016054221731076623,0.588411438457233,0.6599713313026329
2020-03-02,0.016390266966655354,0.5036203124204955,0.5359568177745906
2020-03-03,0.016729986208796177,0.48022693736325245,0.6160141551693232
2020-03-04,0.017073385113105743,0.3621584490917417,0.6031490772263017
2020-03-05,0.017420469335193367,0.3249453009718618,0.6366197814011817
2020-03-06,0.017771244530668362,0.5150765786393935,0.6673803977781751
2020-03-09,0.018125716355134713,0.7366254515849997,0.8200949650600229
2020-03-10,0.018483890464207064,0.7211697959599043,0.6273158932091032
2020-03-11,0.018845772513491177,0.5656668193151173,0.74658663321985
2020-03-12,0.019211368158597253,0.7335877474176971,0.8024368392761152
2020-03-13,0.019580683055131942,0.8456139011855697,0.5496819566385959
2020-03-16,0.019953722858701894,0.851373836055564,0.6814773338111435
2020-03-17,0.0203304932249182,0.9051646059125833,0.6823553126679779
2020-03-18,0.020710999809391062,0.808601740192337,0.7066072388460851
2020-03-19,0.021095248267728017,0.896206686002137,0.6579645224870105
2020-03-20,0.021483244255534828,1.0,0.6364271635907547
2020-03-23,0.021874993428422584,0.8523329771536152,0.5587977065042122
2020-03-24,0.022270501441997048,0.7592123339948099,0.5005868123992108
2020-03-25,0.022669773951872862,0.7645346766396988,0.41280684465149564
2020-03-26,0.023072816613652236,0.6833714954459879,0.4210849310159449
2020-03-27,0.02347963508294537,0.554045183941383,0.48479215194409414
2020-03-30,0.02389023501536336,0.4231033430010686,0.5853879233112339
2020-03-31,0.024304622066511072,0.42555843891517836,0.6143477871349216
2020-04-01,0.024722801891999602,0.3378746247392256,0.7125604730335058
2020-04-02,0.02514478014743471,0.3461456266218898,0.7352759362121454
2020-04-03,0.02557056248842926,0.28352414389660613,0.7211655617272887
2020-04-06,0.026000154570589018,0.30449549687070676,0.6631159290449742
2020-04-07,0.026433562049523296,0.30496107464509237,0.6076061637699309
2020-04-08,0.026870790580839632,0.2733119625502468,0.640615481096577
2020-04-09,0.02731184582014823,0.2784384063501756,0.6075613689303
2020-04-10,0.027756733423054847,0.19043911870961178,0.6046721017738748
2020-04-13,0.0282054590451688,0.1916933801455249,0.6900689840530357
2020-04-14,0.02865802834210296,0.17764717854780443,0.670157677835513
2020-04-15,0.029114446969461305,0.17961634356077955,0.7132727109836946
2020-04-16,0.029574720582851377,0.20594820129242358,0.7304918473391852
2020-04-17,0.030038854837886042,0.22864702589935382,0.7268724242967192
2020-04-20,0.030506855390173726,0.13725639851422178,0.717429672101773
2020-04-21,0.03097872789531575,0.20502213402533964,0.6937555993549543
2020-04-22,0.03145447800892942,0.14684272121304637,0.7101057158215366
2020-04-23,0.03193411138661961,0.20480588205363048,0.745068088156243
2020-04-24,0.03241763368399386,0.15712613850302753,0.6883712596308913
2020-04-27,0.032905050556661486,0.14934615580318528,0.6989383623006606
2020-04-28,0.03339636766023091,0.15805983819264235,0.7323687511198695
2020-04-29,0.03389159065031144,0.13860479316134944,0.695404049453503
2020-04-30,0.03439072518251329,0.2053808578842925,0.571008779788569
2020-05-01,0.03489377691244133,0.13291100595328958,0.5706056262318568
2020-05-04,0.035400751495704874,0.12729863125222612,0.6538120408528931
2020-05-05,0.03591165458791412,0.1485193100290032,0.7213850564414985
2020-05-06,0.0364264918446775,0.12933394392713582,0.786893029922951
2020-05-07,0.03694526892160255,0.1577494530097186,0.7213805769575323
2020-05-08,0.0374679914742968,0.11725181906070321,0.6646523920444342
2020-05-11,0.03799466515836958,0.14252277006055053,0.5922594517111637
2020-05-12,0.038525295629432854,0.13337403958683153,0.595130800931732
2020-05-13,0.03905988854308973,0.16423446802014963,0.6283596129725841
2020-05-14,0.039598449554953064,0.16647840024423755,0.6180657588245828
2020-05-15,0.040140984320628625,0.14961329059176715,0.61127934061996
2020-05-18,0.04068749849572484,0.13340202513611155,0.4996461207668874
2020-05-19,0.04123799773585102,0.1636467714852694,0.4574717792510292
2020-05-20,0.04179248769661825,0.13463593344527552,0.4256450456907368
2020-05-21,0.042350974033632305,0.12508014043657456,0.4560428238666905
2020-05-22,0.0429134624025016,0.11835088790515443,0.504130084214297
2020-05-25,0.04347995845883457,0.049977102732407255,0.5060069879949826
2020-05-26,0.044050467858241404,0.13512186434641021,0.45110195305500944
2020-05-27,0.044624996256328764,0.22818653640665548,0.4199516215731946
2020-05-28,0.04520354930870685,0.22288454688851578,0.37216448665113633
2020-05-29,0.04578613267098319,0.25710069709459116,0.34142178820999725
2020-06-01,0.046372751998767114,0.19015163079428077,0.3461700412112513
2020-06-02,0.04696341294766526,0.21541494937159722,0.22987815803619283
2020-06-03,0.04755812117328784,0.2421945758917214,0.17918831750582487
2020-06-04,0.04815688233124327,0.26634101663868115,0.09248790539329815
2020-06-05,0.04875970207713998,0.263537373428993,0.1302230783013803
2020-06-08,0.04936658606658639,0.18729201648603266,0.27092814907722657
2020-06-09,0.04997753995519183,0.23924846079478962,0.3229528758287029
2020-06-10,0.050592569398563825,0.2469622958326973,0.3777280057337394
2020-06-11,0.051211680052309916,0.33993029054088436,0.5013259272531787
2020-06-12,0.051834877572040305,0.33070014756016897,0.510871707579285
2020-06-15,0.05246216761336342,0.3027425838294408,0.47167622289912015
2020-06-16,0.053093555831886796,0.27293797384623214,0.5448396344741075
2020-06-17,0.053729047883221526,0.22290998829695213,0.6060025085110194
2020-06-18,0.05436864942297159,0.2173408639902305,0.6545645941587519
2020-06-19,0.05501236610674898,0.1871088383452908,0.700461386848235
2020-06-22,0.05566020359016299,0.1631582964432911,0.63048288837126
2020-06-23,0.0563121675288194,0.25018317814074187,0.6332960043003029
2020-06-24,0.056968263578327516,0.20924540782577727,0.6448217165382524
2020-06-25,0.05762849739429665,0.23253956139011855,0.6664038702741455
2020-06-26,0.05829287463233612,0.1538034905612375,0.6695977423400814
2020-06-29,0.05896140094805169,0.16413524652724776,0.6120587708296003
2020-06-30,0.059634081997054444,0.18518546786750117,0.5843889983873863
2020-07-01,0.060310923434951036,0.1626927186689055,0.6079242071313373
2020-07-02,0.060991930917352555,0.1481605861700504,0.6027593621214842
2020-07-03,0.061677110099863874,0.13767363761257823,0.5873096219315529
2020-07-06,0.06236646663809786,0.12076018928407876,0.5294839634474107
2020-07-07,0.06306000618765939,0.1287589680964738,0.5452159111270382
2020-07-08,0.06375773440415866,0.12114435455146798,0.5175819745565304
2020-07-09,0.0644596569432041,0.15743143540426396,0.5674923848772607
2020-07-10,0.06516577946040414,0.1528316287589681,0.5821492564056608
2020-07-13,0.0658761076113672,0.1338650587696535,0.5031535567102673
2020-07-14,0.06659064705170081,0.17390729150765788,0.46001612614226906
2020-07-15,0.06730940343701608,0.15190301735104056,0.48598817416233486
2020-07-16,0.06803238242292053,0.1532488678573246,0.4902974377351717
2020-07-17,0.06875958966502083,0.09609474380501705,0.4874350474825293
2020-07-20,0.06949103081892716,0.16316338472497838,0.4514692707400091
2020-07-21,0.07022671154024707,0.16018419579707932,0.43404855760616434
2020-07-22,0.07096663748458987,0.19132702386404116,0.3719539509048562
2020-07-23,0.07171081430756487,0.1530300717447718,0.39563250313563725
2020-07-24,0.07245924766477962,0.19561898946725692,0.431490772263035
2020-07-27,0.07321194321184255,0.20580572940517988,0.43127575703278875
2020-07-28,0.07396890660436384,0.20208110721009515,0.5039016305321612
2020-07-29,0.07473014349794838,0.17460693023965806,0.46357283640924474
2020-07-30,0.07549565954820991,0.20141454230906225,0.44543092635728265
2020-07-31,0.07626546041074977,0.2830076833053478,0.4157722630352969
2020-08-03,0.07703955174118526,0.2204116419885005,0.42653646299946063
2020-08-04,0.07781793919511681,0.17636238742176769,0.42979304784088807
2020-08-05,0.07860062842815818,0.17814328601231366,0.4009720480200681
2020-08-06,0.07938762509591779,0.2131201343306366,0.4137296183479671
2020-08-07,0.08017893485399963,0.20601943723604543,0.4786462999462453
2020-08-10,0.08097456335801656,0.11588307128682644,0.5329779609388985
2020-08-11,0.08177451626357612,0.1978018623110976,0.48672280953234043
2020-08-12,0.08257879922628497,0.19816313031089405,0.4203950904855766
2020-08-13,0.08338741790175597,0.1715285198188572,0.405379860240099
2020-08-14,0.08420037794559132,0.12325599145168677,0.43503404407812235
2020-08-17,0.08501768501340745,0.122118760494581,0.48191632323956224
2020-08-18,0.08583934476080568,0.18234875082684582,0.4991981723705431
2020-08-19,0.0866653628433971,0.20045540121101108,0.5184330765095844
2020-08-20,0.0874957449167928,0.19638477586119168,0.5385414800215003
2020-08-21,0.08833049663659764,0.16571006970945912,0.6042107149256396
2020-08-24,0.08916962365842185,0.11919808680608558,0.5987815803619432
2020-08-25,0.09001313163787295,0.16020709306467207,0.5236292779071853
2020-08-26,0.09086102623056291,0.1353203073322139,0.5769440960401353
2020-08-27,0.09171331309209307,0.269966417340864,0.531947679627307
2020-08-28,0.09256999787808073,0.2477229939449448,0.5851863465328772
2020-08-31,0.09343108624412899,0.174355060296138,0.5055590395986369
2020-09-01,0.09429658384584627,0.21330331247137846,0.5300259810069866
2020-09-02,0.09516649633884278,0.17628351905561496,0.5627978856835673
2020-09-03,0.09604082937872782,0.20114231923879305,0.567590933524456
2020-09-04,0.09691958862110805,0.2026306416323208,0.5789374664038707
2020-09-07,0.09780277972159368,0.0766804050272223,0.6051514065579643
2020-09-08,0.09869040833579135,0.18268203327736227,0.6674699874574445
2020-09-09,0.09958248011931037,0.1845341678115301,0.6206459415875276
2020-09-10,0.10047900072776184,0.19341576349666717,0.6100698799498285
2020-09-11,0.10137997581674885,0.1584414593191879,0.5771815086902008
2020-09-14,0.10228541104188338,0.09594209535439883,0.6020560831392224
2020-09-15,0.10319531205877386,0.11203378619040351,0.645278623902524
2020-09-16,0.10410968452303138,0.17239861598738104,0.7190870811682488
2020-09-17,0.10502853409025903,0.2030580572940518,0.7048109657767442
2020-09-18,0.1059518664160688,0.13039739479977613,0.7250358358717058
2020-09-21,0.10687968715606733,0.179430621279194,0.7745789285074353
2020-09-22,0.10781200196586571,0.16572024627283366,0.7913411574986555
2020-09-23,0.10874881650106971,0.17813310944893912,0.7787403691094785
2020-09-24,0.10969013641728953,0.17233246832544652,0.7533103386489888
2020-09-25,0.1106359673701327,0.14577418205871878,0.7598907005912899
2020-09-28,0.11158631501521032,0.12182872843840635,0.7190378068446531
2020-09-29,0.11254118500812904,0.1655981275123391,0.6173983157140299
2020-09-30,0.11350058300449639,0.2066071337709256,0.6537941229170388
2020-10-01,0.11446451465991991,0.22914567750470666,0.6104506360867228
2020-10-02,0.11543298563001247,0.22517172950694553,0.6481096577674238
2020-10-05,0.11640600157037984,0.1281610949982191,0.5394687332019341
2020-10-06,0.11738356813662865,0.16934310283417292,0.5944499193692884
2020-10-07,0.11836569098437355,0.15080394850658935,0.5277683210894093
2020-10-08,0.11935237576921676,0.13035160026459064,0.5214029743773518
2020-10-09,0.12034362814677113,0.13343001068539156,0.4955294750044775
2020-10-12,0.12133945377263977,0.09469037805932938,0.5392537179716891
2020-10-13,0.12233985830243821,0.13834020251361118,0.580442573015588
2020-10-14,0.12334484739177043,0.1263623874217677,0.6105447052499544
2020-10-15,0.12435442669624663,0.13498702488169745,0.6171833004837823
2020-10-16,0.12536860187147525,0.1259807662952221,0.6110374484859348
2020-10-19,0.1263873785730638,0.10688444512288202,0.5585378964343287
2020-10-20,0.12741076245661986,0.1166412252582303,0.510562623185807
2020-10-21,0.12843875917775538,0.1423624891874014,0.5775219494714213
2020-10-22,0.12947137439207612,0.10468885157482317,0.5893925819745551
2020-10-23,0.13050861375519318,0.10956851371291916,0.5750851101953053
2020-10-26,0.13155048292271232,0.10434030427924491,0.61328166995162
2020-10-27,0.13259698755024285,0.08806543530249834,0.6665696111807909
2020-10-28,0.1336481332933932,0.15472955782832137,0.7173580003583581
2020-10-29,0.13470392580777357,0.1552104004477688,0.7474556531087596
2020-10-30,0.13576437074899061,0.17903627944843026,0.7589724063787846
2020-11-02,0.13682947377265275,0.14267541851116877,0.7444320014334367
2020-11-03,0.13789924053437197,0.1367119523736834,0.6889670309980293
2020-11-04,0.13897367668975136,0.38844196814735665,0.6750627127754891
2020-11-05,0.1400527878944029,0.23268712155904953,0.6732171653825486
2020-11-06,0.1411365798039368,0.2384724978374803,0.635374484859344
2020-11-09,0.14222505807395702,0.29771790566325756,0.479304784088871
2020-11-10,0.14331822836007468,0.25548516765888163,0.4929313743056809
2020-11-11,0.1444160963178982,0.15475245509591412,0.5122782655438071
2020-11-12,0.145518667603036,0.14970742380298174,0.522522845368214
2020-11-13,0.14662594787109562,0.1288200274767211,0.5529475004479492
2020-11-16,0.14773794277768815,0.15316236706864095,0.5371304425730171
2020-11-17,0.14885465797841846,0.1280440645194118,0.5660589500089596
2020-11-18,0.14997609912889764,0.14466493665089297,0.6087036373409763
2020-11-19,0.15110227188473502,0.1657151579911464,0.5926850026876888
2020-11-20,0.15223318190153723,0.12804915280109908,0.5930299229528755
2020-11-23,0.1533688348349127,0.13416526738920265,0.5327360688048732
2020-11-24,0.15450923634047165,0.14138808324428842,0.5002911664576224
2020-11-25,0.1556543920738207,0.14597262504452246,0.4873723347070415
2020-11-26,0.1568043076905692,0.07285656133923575,0.5215373588962546
2020-11-27,0.15795898884632553,0.092169134483285,0.5029475004479482
2020-11-30,0.15911844119669816,0.14563679845316235,0.5251478229707922
2020-12-01,0.16028267039729638,0.1427644634406961,0.40322970793764285
2020-12-02,0.1614516821037295,0.16666666666666669,0.37136713850564296
2020-12-03,0.16262548197160331,0.159927237571872,0.4176312488801282
2020-12-04,0.163804075656528,0.1508319340558693,0.4208385593979561
2020-12-07,0.16498746881411375,0.13968350887905157,0.453959863823687
2020-12-08,0.16617566709996634,0.1501043097745891,0.45305500806306986
2020-12-09,0.1673686761696942,0.13845723299241847,0.4751030281311591
2020-12-10,0.16856650167890574,0.1767134788581896,0.4317729797527326
2020-12-11,0.16976914928321385,0.15001780898590544,0.48835334169503597
2020-12-14,0.17097662463822338,0.14062229685035366,0.4716314280594855
2020-12-15,0.1721889333995419,0.13074085381366712,0.5165382547930469
2020-12-16,0.17340608122277956,0.16127563221899965,0.5101684285970258
2020-12-17,0.1746280737635466,0.15461252734951408,0.49976258734993584
2020-12-18,0.1758549166774479,0.14069353279397545,0.5048199247446691
2020-12-21,0.17708661562009365,0.24440034600315474,0.5254210714925639
2020-12-22,0.17832317624709315,0.17457131226784717,0.5731768500268757
2020-12-23,0.17956460421405485,0.15872385895283164,0.56629636265902
2020-12-24,0.18081090517658627,0.06601027832900828,0.5669234904139043
2020-12-28,0.18206208479029673,0.12551010023914927,0.5333676760437186
2020-12-29,0.18331814871079555,0.12048033379127869,0.5353207310517828
2020-12-30,0.1845791025936867,0.13663562814837432,0.5324807382189584
2020-12-31,0.18584495209458662,0.10030529690123645,0.6031983515499013
2021-01-04,0.1871157028690975,0.19878898895842878,0.5848907005912912
2021-01-05,0.1883913605728278,0.16670482877932125,0.5880218598817418
2021-01-06,0.18967193086139122,0.2775912074492444,0.5290897688586269
2021-01-07,0.1909574193903918,0.19342085177835444,0.5035477512990485
2021-01-08,0.19224783181543792,0.2166819315117285,0.5396927074001076
2021-01-11,0.1935431737921407,0.15798351396733323,0.5743773517290788
2021-01-12,0.19484345097610856,0.1606345087264031,0.5770874395269653
2021-01-13,0.1961486690229508,0.15220322597058972,0.6098459057516576
2021-01-14,0.19745883358827054,0.16772757339846334,0.6219942662605267
2021-01-15,0.1987739503276824,0.144980410115504,0.6836364450815269
2021-01-18,0.2000940248967895,0.11950592784816567,0.6977199426626058
2021-01-19,0.2014190629512047,0.12647432961888772,0.6242653646299948
2021-01-20,0.2027490701465373,0.13075611865872894,0.680249955205159
2021-01-21,0.2040840521383931,0.13818246578130566,0.6269933703637331
2021-01-22,0.20542401458237958,0.11872742075001273,0.5947993191184374
2021-01-25,0.20676896313410875,0.11726199562407776,0.6214208923132055
2021-01-26,0.20811890344918638,0.11596448379382283,0.6162918831750572
2021-01-27,0.20947384118322265,0.1734340813107414,0.6042375918294212
2021-01-28,0.21083378199182512,0.19052561949829544,0.5756450456907369
2021-01-29,0.21219873153060131,0.22263267694499572,0.5162202114316418
2021-02-01,0.21356869545516322,0.14423497684831832,0.5652347249596834
2021-02-02,0.21494367942111658,0.1355925304024831,0.5774368392761143
2021-02-03,0.21632368908407074,0.10745433267185671,0.5770202472675139
2021-02-04,0.2177087300996341,0.10008904492952729,0.5841067908976861
2021-02-05,0.2190988081234142,0.10375769602605202,0.5210804515319831
2021-02-08,0.22049392881102126,0.10142980715412404,0.5362614226841063
2021-02-09,0.22189409781806368,0.12219508471989009,0.5438138326464784
2021-02-10,0.22329932080014814,0.10737037602401668,0.5428597025622656
2021-02-11,0.2247096034128857,0.060242711036482974,0.5192080272352636
2021-02-12,0.22612495131188304,0.07518953849285097,0.5191632323956263
2021-02-15,0.22754537015274945,0.05791736630539866,0.4761377889267155
2021-02-16,0.22897086559109248,0.12482827049305449,0.43466224690915534
2021-02-17,0.2304014432825241,0.1414771281738157,0.5214746461207656
2021-02-18,0.2318371088826483,0.12454841500025442,0.5024592366959316
2021-02-19,0.23327786804707618,0.1210425889177225,0.5124529654183835
2021-02-22,0.23472372643141526,0.1553681371800743,0.5195843038881917
2021-02-23,0.2361746896912731,0.13580878237419225,0.5172236158394542
2021-02-24,0.23763076348226253,0.20802167607998778,0.44705249955204973
2021-02-25,0.23909195345998757,0.30106599501348397,0.4080317147464587
2021-02-26,0.2405582652800602,0.3461634356077953,0.48479215194409797
2021-03-01,0.24202970459808526,0.19582252073474787,0.4901540942483417
2021-03-02,0.24350627706967387,0.1939907393273292,0.46983067550618224
2021-03-03,0.24498798835043267,0.1940390780033583,0.47309173983156944
2021-03-04,0.24647484409597187,0.23788988958428742,0.4709281490772251
2021-03-05,0.24796684996190166,0.2890958123441714,0.49526070596667454
2021-03-08,0.24946401160382514,0.20713885920724573,0.5118347966314276
2021-03-09,0.2509663346773561,0.20453874726504861,0.5148226124350481
2021-03-10,0.2524738248381002,0.16250954052816363,0.5087663501164649
2021-03-11,0.25398648774166865,0.17365033328245055,0.4555590395986373
2021-03-12,0.25550432904366716,0.1625349819366,0.4458072030102107
2021-03-15,0.25702735439970503,0.14994402890143999,0.4687466403870238
2021-03-16,0.2585555694653916,0.12629369561898945,0.5145314459774208
2021-03-17,0.2600889798963326,0.1264463440696077,0.4687511198709912
2021-03-18,0.26162759134814184,0.18025237877168881,0.5353610464074526
2021-03-19,0.26317140947642326,0.13996336437185164,0.5540628919548438
2021-03-22,0.2647204399367862,0.10328194168829187,0.54165920086006
2021-03-23,0.26627468838484347,0.12394036533862514,0.6542465507973467
2021-03-24,0.2678341604761991,0.11675825573703762,0.6748835334169503
2021-03-25,0.2693988618664589,0.1527222307026917,0.6676133309442744
2021-03-26,0.2709687982112374,0.11818551875031803,0.5915740906647551
2021-03-29,0.27254397516614226,0.13025492291253243,0.6052678731410139
2021-03-30,0.27412439838677916,0.1046277921945759,0.6002194947142079
2021-03-31,0.2757100735287592,0.1487431944232433,0.5515588604192789
2021-04-01,0.27730100624768994,0.12155141708644991,0.5204712417129531
2021-04-02,0.2788972021991789,0.041639953187808484,0.5379457086543598
2021-04-05,0.2804986670388354,0.07470615173255991,0.5408080989070048
2021-04-06,0.28210540642226967,0.1257797791685748,0.529775129905033
2021-04-07,0.2837174260050874,0.1549839719126851,0.5287358896255143
2021-04-08,0.2853347314428998,0.12071693888973693,0.5464522487009474
2021-04-09,0.2869573283913125,0.1172798046099832,0.5197366063429488
2021-04-12,0.2885852225059349,0.10280873149137536,0.5408797706504197
2021-04-13,0.29021841944237803,0.14192489696229582,0.5410051962013979
2021-04-14,0.2918569248562486,0.11906579148221645,0.5245206952159092
2021-04-15,0.2935007444031523,0.10459217422276497,0.5586678014692704
2021-04-16,0.2951498837387021,0.09865414949371597,0.5411485396882278
2021-04-19,0.29680434851850723,0.11180990179616344,0.5609344203547737
2021-04-20,0.29846414439816993,0.09519920622805679,0.5738398136534676
2021-04-21,0.30012927703330483,0.06401058362590954,0.5848951800752586
2021-04-22,0.30179975207952214,0.08400244237520989,0.6181598279878158
2021-04-23,0.3034755751924205,0.06953391339744568,0.556118975094067
2021-04-26,0.3051567520276164,0.06692362489187402,0.5488890879770648
2021-04-27,0.3068432882407164,0.06261639444359639,0.4832108941049982
2021-04-28,0.3085351894873325,0.07897267592733935,0.4718106074180242
2021-04-29,0.31023246142306693,0.06968401770722028,0.4514423938362313
2021-04-30,0.3119351097035308,0.0794509744059431,0.5085378964343278
2021-05-03,0.31364313998433246,0.052065842365033324,0.5033909693603302
2021-05-04,0.31535655792108397,0.07855798096982648,0.5320417487905387
2021-05-05,0.31707536916939016,0.05383402025136112,0.5544167711879565
2021-05-06,0.3187995793848577,0.08093420851778356,0.5154004658663305
2021-05-07,0.32052919422310033,0.09098102070930646,0.4785432718150864
2021-05-10,0.3222642193397247,0.08079682491222713,0.4937690378068441
2021-05-11,0.3240046603903348,0.10214216659034243,0.5048378426805222
2021-05-12,0.3257505230305471,0.11818297460947437,0.4720659380039403
2021-05-13,0.3275018129159646,0.11332366559812752,0.5000940691632331
2021-05-14,0.32925853570219665,0.07660153666106957,0.4568670489159641
2021-05-17,0.33102069397989364,0.06300310385182924,0.4751523024547574
2021-05-18,0.3327882780798701,0.06837887345443443,0.4567461028489483
2021-05-19,0.33456127526797097,0.11690581590596856,0.48046497043540415
2021-05-20,0.33633967281005894,0.08191115860174018,0.49090216807023934
2021-05-21,0.33812345797197896,0.0786673790261029,0.5281535567102671
2021-05-24,0.33991261801959016,0.05740853813667125,0.5248924923848761
2021-05-25,0.3417071402187428,0.08226733831984938,0.4969001970972947
2021-05-26,0.343507011835289,0.08188062891161656,0.5207937645583219
2021-05-27,0.3453122201350851,0.09553757696026051,0.4517469987457431
2021-05-28,0.3471227523839788,0.08516511474075204,0.4627620498118631
2021-05-31,0.3489385958478284,0.04434691904543836,0.47227199426626065
2021-06-01,0.3507597377924849,0.07185671398768635,0.5034805590395997
2021-06-02,0.3525861654837996,0.06904543835546735,0.5107194051245291
2021-06-03,0.3544178661876263,0.07779473871673535,0.5215552768321078
2021-06-04,0.3562548271698205,0.07321019691650131,0.5733784268052312
2021-06-07,0.35809703569623164,0.04980918943672723,0.5853744848593418
2021-06-08,0.3599444790327144,0.059451483234111854,0.5830048378426796
2021-06-09,0.3617971444451227,0.03766091690836004,0.5650197097294384
2021-06-10,0.3636550191993102,0.04519157380552588,0.6058009317326628
2021-06-11,0.3655180905611273,0.06792601638426703,0.6336946783730476
2021-06-14,0.3673863391710146,0.025744161196763857,0.5822254076330394
2021-06-15,0.36925971916778977,0.015557421258840895,0.5796317864182026
2021-06-16,0.3711381780648466,0.06680405027222307,0.6380352983336309
2021-06-17,0.3730216633755834,0.1281280211672518,0.7689258197455654
2021-06-18,0.3749101226134046,0.1279346664631354,0.8050394194588754
2021-06-21,0.376803503291705,0.11658779830051393,0.7324493818312104
2021-06-22,0.3787017529238881,0.08827151071083296,0.6679313743056783
2021-06-23,0.38060481902334864,0.0868747773876762,0.6481275757032782
2021-06-24,0.38251264910348937,0.07110873657965706,0.6441587529116644
2021-06-25,0.38442519067770853,0.06307179565460745,0.6415427342770108
2021-06-28,0.3863423912594097,0.07063807052358419,0.6633846980827798
2021-06-29,0.388264198361985,0.06859512542614359,0.6887744131875997
2021-06-30,0.39019055949884063,0.09362692718668907,0.6577674251926187
2021-07-01,0.3921214221833704,0.08406859003714447,0.6135235620856478
2021-07-02,0.394056733928978,0.07815091843484455,0.6429089768858631
2021-07-05,0.3959964422490607,0.05335063349107007,0.6454622827450288
2021-07-06,0.3979404946570231,0.0943087569327838,0.7115615481096582
2021-07-07,0.39988883866625624,0.10694296036228566,0.7298423221644866
2021-07-08,0.4018414217901656,0.13792550755609834,0.7519261781042796
2021-07-09,0.4037981915421467,0.10764514323512951,0.6758197455653101
2021-07-12,0.4057590954356032,0.07596295730931664,0.6550662963626581
2021-07-13,0.4077240809839333,0.08984124561135705,0.6939795735531252
2021-07-14,0.40969309570053625,0.09638477586119167,0.6951531983515518
2021-07-15,0.4116660870988085,0.11038263878288303,0.7247446694140823
2021-07-16,0.4136430026921545,0.0949397038620058,0.7012318580899493
2021-07-19,0.41562378999396987,0.13048135144761613,0.7638281669951636
2021-07-20,0.4176083965176547,0.1397979952170152,0.7259182942125063
2021-07-21,0.4195967697766134,0.11235689207754541,0.6563832646479095
2021-07-22,0.4215888572842408,0.09383045845418002,0.6828480559039619
2021-07-23,0.4235846065539359,0.09180786648348853,0.6307964522487015
2021-07-26,0.425583965099098,0.09442069912990382,0.6114540404945327
2021-07-27,0.42758688043312976,0.09914516867653793,0.6525309084393467
2021-07-28,0.42959330006942853,0.11696687528621584,0.605635190826016
2021-07-29,0.43160317152139616,0.0842085177835445,0.5999910410320733
2021-07-30,0.43361644230242646,0.09721416577621737,0.5877262139401547
2021-08-02,0.4356330599259266,0.07009108024220222,0.6167935853789634
2021-08-03,0.4376529719052904,0.08798656693634559,0.6477647375022383
2021-08-04,0.4396761257539161,0.07412354347936702,0.622984232216447
2021-08-05,0.4417024689852127,0.07802116725181905,0.5956056262318566
2021-08-06,0.4437319491125704,0.06659797486388848,0.6140476617093695
2021-08-09,0.4457645136493884,0.06081768686714496,0.6203726930657584
2021-08-10,0.4478001101090747,0.0570625349819366,0.6070238308546876
2021-08-11,0.44983868600501875,0.06413779066809137,0.6014827091919013
2021-08-12,0.45188018885062764,0.04017707220271714,0.6093307650958594
2021-08-13,0.4539245661592979,0.0407571363150664,0.6302141193334518
2021-08-16,0.45597176544442863,0.05488475041978323,0.6826643970614583
2021-08-17,0.45802173421942083,0.0704676130870605,0.710163949113062
2021-08-18,0.4600744199976692,0.07549229125324379,0.6835289374664031
2021-08-19,0.4621297702925826,0.11439729303414238,0.7087260347607948
2021-08-20,0.46418773261755053,0.06025034345901388,0.6757256764020758
2021-08-23,0.4662482544859765,0.06554724469546634,0.634456190646836
2021-08-24,0.46831128341126327,0.044128122932885566,0.620869915785701
2021-08-25,0.4703767669068055,0.060474227853253945,0.5705608313922221
2021-08-26,0.4724446524860051,0.07763445784358623,0.5775085110195293
2021-08-27,0.47451488766226113,0.0808070014756017,0.5572030102132242
2021-08-30,0.4765874199489737,0.033714954459878904,0.5470480200680892
2021-08-31,0.4786621968595419,0.08931969673841143,0.5297124171295476
2021-09-01,0.480739165907365,0.071200325650028,0.498691990682672
2021-09-02,0.48281827460584115,0.046115096931766145,0.47671564235799774
2021-09-03,0.4848994704683749,0.07936447361725944,0.5019306575882438
2021-09-06,0.4869827010083565,0.01733068742685595,0.5015543809353145
2021-09-07,0.4890679137391931,0.0853737342899303,0.4831705787493271
2021-09-08,0.4911550561742821,0.088095964992622,0.5142761153915048
2021-09-09,0.4932440758270227,0.08499211316338472,0.5631293674968619
2021-09-10,0.4953349202108175,0.07848165674451739,0.5604819924744671
2021-09-13,0.4974275368390595,0.060677759120744926,0.55596219315535
2021-09-14,0.49952187322515673,0.07303210705744671,0.6006405662067732
2021-09-15,0.5016178768825004,0.08295171220678778,0.6263662426088489
2021-09-16,0.5037154953244922,0.08362845367119524,0.6373230603834433
2021-09-17,0.505814676064535,0.08372767516409708,0.6568088156244397
2021-09-20,0.507915366616027,0.08065944130667073,0.7157364271635922
2021-09-21,0.5100175144923664,0.09748638884648654,0.7307426984411401
2021-09-22,0.5121210672069516,0.127509794942248,0.7005644149793926
2021-09-23,0.5142259722731852,0.09816821859258128,0.5968374843218062
2021-09-24,0.5163321772044638,0.08360810054444613,0.5726079555635181
2021-09-27,0.5184396295141873,0.09415102020047829,0.5701800752553305
2021-09-28,0.5205482767157577,0.12658118353432046,0.53143253897151
2021-09-29,0.5226580663225722,0.11758255737037603,0.5669682852535377
2021-09-30,0.5247689458480354,0.12068895334045694,0.6530102132234374
2021-10-01,0.5268808628055384,0.1351752913041266,0.6509586095681766
2021-10-04,0.5289937647084848,0.11608660255431742,0.6333900734635384
2021-10-05,0.5311075990702738,0.0977993181702539,0.5927611539150687
2021-10-06,0.5332223134043055,0.12427619192998525,0.6308546855402271
2021-10-07,0.5353378552239798,0.07231211519869739,0.61045959505465
2021-10-08,0.5374541720426951,0.08920012211876051,0.528099802902704
2021-10-11,0.5395712113738522,0.06297511830254922,0.438218957176131
2021-10-12,0.5416889207308477,0.09754999236757748,0.4400555456011468
2021-10-13,0.5438072476270861,0.09390678267948914,0.4196067013080066
2021-10-14,0.5459261395759594,0.05664275174273649,0.38582691273965253
2021-10-15,0.5480455440908738,0.07897267592733935,0.3399614764379133
2021-10-18,0.5501654086852295,0.08462321274105734,0.3415382547930482
2021-10-19,0.5522856808724184,0.07805169694194271,0.33511019530550046
2021-10-20,0.5544063081658495,0.07055920215743143,0.3429089768858628
2021-10-21,0.556527238078913,0.0784969215895792,0.4175954130084194
2021-10-22,0.5586484181250118,0.08446547600875186,0.4609792151944079
2021-10-25,0.5607697958175519,0.07169643311453723,0.4839276115391481
2021-10-26,0.5628913186699229,0.049562407774894415,0.4610419279698956
2021-10-27,0.565012934195531,0.08943163893553148,0.4998521770292065
2021-10-28,0.5671345899077709,0.10771129089706406,0.46062085647733286
2021-10-29,0.5692562333200462,0.10523075357451787,0.5507615122737869
2021-11-01,0.571377811945756,0.07080343967842061,0.5222271994266243
2021-11-02,0.5734992732982978,0.07927797282857578,0.5659872782655421
2021-11-03,0.5756205648910715,0.07581794128122933,0.542147464612078
2021-11-04,0.5777416342374773,0.08616496209230144,0.6400734635370022
2021-11-05,0.5798624288509133,0.09099374141352466,0.6702875828704535
2021-11-08,0.5819828962447806,0.07215183432554827,0.6688541480021486
2021-11-09,0.5841029839324801,0.08888464865414951,0.6970928149077215
2021-11-10,0.5862226394274064,0.11921080751030376,0.7078480559039579
2021-11-11,0.588341810242965,0.05723808070014756,0.713769933703636
2021-11-12,0.5904604452235249,0.07217981987482829,0.7239428417846253
2021-11-15,0.5925784985373674,0.06251717295069455,0.7675282207489692
2021-11-16,0.5946959256837427,0.0976619345646975,0.7332915248163411
2021-11-17,0.5968126821618993,0.10066402076018928,0.7870408528937471
2021-11-18,0.5989287234710918,0.08688495395105074,0.7060383443827263
2021-11-19,0.6010440051105697,0.1279830051391645,0.8069208027235246
2021-11-22,0.6031584825795884,0.11743499720144508,0.7573463537000527
2021-11-23,0.6052721113773973,0.1197272681015621,0.7036328614943553
2021-11-24,0.6073848470032477,0.11834834376431079,0.7122245117362475
2021-11-25,0.6094966449563888,0.03161094998219101,0.6980424655079732
2021-11-26,0.6116074607360762,0.2088078156006717,0.769924744669413
2021-11-29,0.6137172498415584,0.1550959141098051,0.7574314638953596
2021-11-30,0.6158259677720928,0.20267134788581898,0.7335468554022571
2021-12-01,0.6179335700269233,0.1598483692057192,0.7695619064683731
2021-12-02,0.6200400121053082,0.15022897267592733,0.729770650421069
2021-12-03,0.6221452495064943,0.1366890551060907,0.7424475900376273
2021-12-06,0.6242492377297362,0.10270950999847352,0.6859836946783723
2021-12-07,0.6263519322742805,0.08523380654353026,0.6814235800035817
2021-12-08,0.6284532886393848,0.11421920317508778,0.5864719584303885
2021-12-09,0.6305532623242982,0.06702284638477586,0.6485352087439489
2021-12-10,0.6326518088282747,0.08247850200987127,0.6239294033327366
2021-12-13,0.6347488836505626,0.06382994962601131,0.627620498118615
2021-12-14,0.6368444422904131,0.07325599145168678,0.6298423221644873
2021-12-15,0.6389384402470819,0.09263216811682694,0.5605626231858066
2021-12-16,0.6410308330198164,0.11409962855543683,0.5544346891238134
2021-12-17,0.6431215761078715,0.10767821706609677,0.6470524995520507
2021-12-20,0.6452106250104963,0.11080751030377041,0.6093621214836058
2021-12-21,0.6472979352269412,0.07469851931002901,0.5502015767783565
2021-12-22,0.6493834622564627,0.06234925965501449,0.5048423221644871
2021-12-23,0.6514671616852183,0.045214471073118614,0.47721286507794036
2021-12-24,0.653548989447013,0.030509336996896147,0.4946649345995328
2021-12-27,0.6556289015625572,0.0216811682694754,0.44226841067908945
2021-12-28,0.6577068540525604,0.02765226682949168,0.47451173624798226
2021-12-29,0.6597828029377464,0.040609576146135445,0.42997222719942685
2021-12-30,0.6618567042388133,0.04358113265150358,0.4555232037269311
2021-12-31,0.6639285139764857,0.01976543021421666,0.4107865973839774
2022-01-03,0.665998188171466,0.05192845875947692,0.48301379681060763
2022-01-04,0.6680656828444755,0.08518546786750116,0.42760705966672446
2022-01-05,0.6701309540162228,0.0803617768279652,0.41369826196022064
2022-01-06,0.6721939577074201,0.1032361471531064,0.46646658304963357
2022-01-07,0.6742546499387752,0.07542105530962194,0.4452965418383786
2022-01-10,0.67631298673101,0.08858444003460032,0.5263035298333644
2022-01-11,0.6783689241048316,0.08916704828779322,0.4876276652929563
2022-01-12,0.680422418080953,0.08659237775403246,0.4909827987815816
2022-01-13,0.6824734246800848,0.08406604589630083,0.5341247088335409
2022-01-14,0.6845218999229425,0.11765888159568515,0.5815624440064475
2022-01-17,0.6865677998302377,0.02991400803948506,0.562040852893745
2022-01-18,0.6886110804226817,0.12089757288963517,0.6483515499014528
2022-01-19,0.6906516977209902,0.08656948048643974,0.6620990861852697
2022-01-20,0.692689607745872,0.09399073932732917,0.7138819208027246
2022-01-21,0.69472476651804,0.11676079987788125,0.7214388102490553
2022-01-24,0.6967571300582112,0.1313081972217982,0.7063071134205343
2022-01-25,0.6987866543870904,0.11038263878288303,0.736279340619959
2022-01-26,0.7008132955253945,0.09993894061975271,0.7093710804515297
2022-01-27,0.7028370094938374,0.14453518546786748,0.7318536104640738
2022-01-28,0.7048577523131332,0.11595430723044829,0.7289688227916121
2022-01-31,0.7068754800039843,0.09755762479010839,0.6464746461207659
2022-02-01,0.7088901485871126,0.08838854118964025,0.6429851281132404
2022-02-02,0.7109017140832297,0.06849335979239811,0.6274861135997122
2022-02-03,0.7129101325130405,0.11776827965196153,0.4367138505644136
2022-02-04,0.7149153598972662,0.11043352159975577,0.40641462103565784
2022-02-07,0.7169173522566172,0.09791634864906122,0.4301558860419279
2022-02-08,0.7189160656118023,0.07267083905765025,0.4129233112345453
2022-02-09,0.7209114559835399,0.06684984480740853,0.41162426088514315
2022-02-10,0.7229034793925377,0.11962550246781663,0.3667667084751838
2022-02-11,0.7248920918595099,0.1356764870503231,0.507203010213222
2022-02-14,0.7268772494051685,0.16151732559914517,0.5431239921161063
2022-02-15,0.7288589080502259,0.10677504706660561,0.49058412470883295
2022-02-16,0.7308370238153943,0.0986007225359996,0.4969225945171114
2022-02-17,0.7328115527213885,0.1667913295680049,0.5697634832467301
2022-02-18,0.7347824507889156,0.12125375260774436,0.6026787314101419
2022-02-21,0.7367496740386947,0.06679641784969216,0.6508287045332387
2022-02-22,0.7387131784914347,0.18094438508115812,0.6080989070059124
2022-02-23,0.7406729201678477,0.07986058108176868,0.6398226124350485
2022-02-24,0.7426288550886477,0.3409733882867756,0.7064549363913292
2022-02-25,0.7445809392745488,0.1971861802269374,0.6319566385952309
2022-02-28,0.7465291287462561,0.24831069047982496,0.7415920086006084
2022-03-01,0.7484733795244907,0.18900422327380045,0.8404452607059665
2022-03-02,0.7504136476299559,0.2008217574924948,0.7790494535029564
2022-03-03,0.7523498890833773,0.14705642904391186,0.8237815803619415
2022-03-04,0.7542820599054583,0.22082379280516973,0.9917891058950009
2022-03-07,0.7562101161169075,0.2760316491120949,1.0
2022-03-08,0.7581340137384451,0.24715565053681376,0.8946425371797131
2022-03-09,0.7600537087907826,0.17706711443545514,0.6745117362479833
2022-03-10,0.7619691572946303,0.18564595736019945,0.7155482888371251
2022-03-11,0.7638803152707005,0.18272019539001683,0.667864182046227
2022-03-14,0.7657871387397099,0.15649264743296187,0.5443737681419101
2022-03-15,0.7676895837223654,0.17705184959039333,0.512909872782655
2022-03-16,0.7695876062393765,0.18588510659950136,0.37943020963984864
2022-03-17,0.7714811623114688,0.14849641276141046,0.33970614585199727
2022-03-18,0.7733702079593439,0.13147611051747826,0.3345189034223261
2022-03-21,0.7752546992037157,0.08985142217473159,0.3471376097473575
2022-03-22,0.7771345920653028,0.1597974863888465,0.22281849130980086
2022-03-23,0.7790098425648093,0.1600264590647738,0.22192259451710966
2022-03-24,0.7808804067229493,0.1519946064214115,0.13441587529116367
2022-03-25,0.7827462405604386,0.18305856612222055,0.1932807740548284
2022-03-28,0.7846073000979921,0.24069353279397548,0.043106074180255693
2022-03-29,0.786463541356313,0.2509693176614258,0.07114764379143534
2022-03-30,0.7883149203561217,0.23482928814939197,0.13136086722809548
2022-03-31,0.7901613931181286,0.2315473464611001,0.27604371976348274
2022-04-01,0.792002915663045,0.18072050068691803,0.25403601505106455
2022-04-04,0.793839444011585,0.12864448175851018,0.3620587708296009
2022-04-05,0.7956709341844608,0.14382028189080548,0.39204891596488
2022-04-06,0.7974973422023828,0.18196204141861294,0.41179896075971956
2022-04-07,0.7993186240860668,0.16676079987788123,0.44472764737502096
2022-04-08,0.8011347358562215,0.1501984429858037,0.4514244759003744
2022-04-11,0.802945633533561,0.1763267694499568,0.3666188855043889
2022-04-12,0.8047512731387982,0.18610899099374145,0.45830944275219365
2022-04-13,0.8065516106926482,0.16756220424362694,0.38639132771904783
2022-04-14,0.8083466022158206,0.1861675062331451,0.45555456011467244
2022-04-15,0.8101362037290221,0.24260418256754696,0.44992384877262187
2022-04-18,0.8119203712529783,0.11315320816160383,0.4481992474466921
2022-04-19,0.8136990608083909,0.20663257517936195,0.28233739473212777
2022-04-20,0.8154722284159739,0.24602859614308248,0.32965866332198346
2022-04-21,0.8172398300964403,0.22050068691802782,0.32646031177208534
2022-04-22,0.8190018218705122,0.23206889533404573,0.3704264468733184
2022-04-25,0.8207581597588876,0.2704676130870605,0.5155527683210877
2022-04-26,0.8225087997822857,0.24394240065130007,0.6844248342590917
2022-04-27,0.8242536979614199,0.2622042436269272,0.6568670489159626
2022-04-28,0.8259928103170013,0.29882206278939605,0.5099130980111073
2022-04-29,0.8277260928697423,0.2672543632015469,0.5574941766708464
2022-05-02,0.8294535016403533,0.20776217371393685,0.5767738756495275
2022-05-03,0.8311749926495491,0.177797282857579,0.5776652929582513
2022-05-04,0.8328905219180411,0.16293441204905101,0.5732306038344389
2022-05-05,0.8346000454665461,0.2560881290388236,0.5725900376276637
2022-05-06,0.8363035193157717,0.28928662290744417,0.5432270202472678
2022-05-09,0.8380008994864312,0.22560168930952018,0.5525981006988001
2022-05-10,0.8396921419992367,0.2652546684984481,0.5827405482888364
2022-05-11,0.8413772028749023,0.23983106904798251,0.64428417846264
2022-05-12,0.8430560381341392,0.30937261486795914,0.9405079734814548
2022-05-13,0.8447286037976616,0.22994708187045237,0.8116376993370347
2022-05-16,0.8463948558861798,0.17594260418256757,0.7810876187063227
2022-05-17,0.8480547504204061,0.19599043403042793,0.6157453861315176
2022-05-18,0.8497082434210528,0.18626927186689057,0.8026473750223966
2022-05-19,0.8513552909088355,0.2947946878339185,0.6840216807023833
2022-05-20,0.852995848904464,0.2302167607998779,0.6847339186525709
2022-05-23,0.8546298734286539,0.20167658881595685,0.5344696290987289
2022-05-24,0.8562573205021122,0.23578079682491226,0.5881786418204613
2022-05-25,0.8578781461455565,0.2256983666615784,0.6123902526428975
2022-05-26,0.8594923063796971,0.18903475296392408,0.5703995699695403
2022-05-27,0.8610997572252446,0.1819162468834275,0.5626993370363745
2022-05-30,0.8627004547029147,0.10714394748893298,0.4623857731589312
2022-05-31,0.8642943548334188,0.2451661323970895,0.4182270202472674
2022-06-01,0.8658814136374664,0.21349921131633848,0.3776204981186143
2022-06-02,0.8674615871357778,0.1633007683305348,0.3023338111449562
2022-06-03,0.8690348313490563,0.15002798554927999,0.25979663142806075
2022-06-06,0.8706011022980187,0.16683457996234674,0.1993235979215197
2022-06-07,0.8721603560033797,0.2290846181244594,0.1381831213044245
2022-06-08,0.8737125484858455,0.23178395155955833,0.0
2022-06-09,0.8752576357661326,0.25990942858596655,0.15123185808994583
2022-06-10,0.8767955738649578,0.25807001475601693,0.3019485755240997
2022-06-13,0.8783263188030253,0.31273596906324735,0.45301469270740136
2022-06-14,0.8798498266010526,0.29856764870503233,0.3646210356566913
2022-06-15,0.8813660532797503,0.3159543072304483,0.5070641462103543
2022-06-16,0.8828749548598278,0.3495217015213962,0.551670847518365
2022-06-17,0.8843764873620072,0.33442476975525365,0.39330317147464616
2022-06-20,0.8858706068069884,0.22998015570141966,0.38262408170578954
2022-06-21,0.8873572692154976,0.2554699028138198,0.24124708833542163
2022-06-22,0.888836430608233,0.3095964992621992,0.2772307830137962
2022-06-23,0.8903080470059175,0.34646110008650083,0.479183838021859
2022-06-24,0.8917720744292632,0.2692260723553656,0.4434285970256214
2022-06-27,0.8932284688989736,0.2419986770467613,0.41181687869557393
2022-06-28,0.8946771864357705,0.24107006563883376,0.44350026876903637
2022-06-29,0.8961181830603584,0.2856586780644177,0.5194320014334319
2022-06-30,0.89755141479346,0.2675189538492851,0.561167353520873
2022-07-01,0.8989768376557752,0.27328652114181046,0.6781177208385598
2022-07-04,0.9003944076680304,0.17041418612934411,0.644741085826914
2022-07-05,0.9018040808509271,0.29573601994606424,0.8073194767962732
2022-07-06,0.9032058132251839,0.32583829440797846,0.8776070596667261
2022-07-07,0.9045995608115103,0.25837276751640975,0.8766708475183638
2022-07-08,0.905985279630614,0.28280669617870047,0.8255509765275034
2022-07-11,0.9073629257032207,0.23543988195186488,0.8743594337932246
2022-07-12,0.9087324550500311,0.2585305042487152,0.9135593979573517
2022-07-13,0.9100938236917608,0.2762555335063349,0.8271232753986735
2022-07-14,0.9114469876491258,0.2858545769093777,0.7351281132413543
2022-07-15,0.9127919029428346,0.21431333638630234,0.6832288120408536
2022-07-18,0.9141285255936014,0.19869994402890145,0.6402168070238297
2022-07-19,0.9154568116221373,0.22419732356383254,0.5222048020068075
2022-07-20,0.9167767170491556,0.18625655116267237,0.5544391686077732
2022-07-21,0.9180881978953712,0.23965297918892792,0.5748835334169511
2022-07-22,0.9193912101814883,0.23064672060245256,0.6917935853789642
2022-07-25,0.9206857099282297,0.2067063552638274,0.6155662067729815
2022-07-26,0.9219716531563042,0.17618175342186948,0.6939123812936752
2022-07-27,0.9232489958864214,0.18283468172798045,0.609254613868482
2022-07-28,0.9245176941392952,0.2471531063959701,0.8053440243683897
2022-07-29,0.9257777039356405,0.25550043250394344,0.8401675327002325
2022-08-01,0.9270289812961652,0.2151452704421717,0.9192080272352618
2022-08-02,0.9282714822415867,0.29597771332620976,0.8715194409603989
2022-08-03,0.9295051627926147,0.2763572991400804,0.7946380576957515
2022-08-04,0.9307299789699632,0.22263267694499572,0.7781356387744134
2022-08-05,0.9319458867943418,0.19817076273342493,0.6638908797706496
2022-08-08,0.9331528422864634,0.18351651147407522,0.6402616018634656
2022-08-09,0.9343508014670485,0.14465476008751843,0.6097383981365326
2022-08-10,0.9355397203567977,0.20344476670228467,0.7086767604371991
2022-08-11,0.9367195549764293,0.20571159619396534,0.6649659559218745
2022-08-12,0.9378902613466558,0.1777489441815499,0.6838872961834781
2022-08-15,0.9390517954881883,0.1516511474075205,0.7944812757570294
2022-08-16,0.9402041134217418,0.16558031852643362,0.6747133130263413
2022-08-17,0.9413471711680277,0.18992774640004073,0.5741892134026179
2022-08-18,0.9424809247477555,0.1820485422072966,0.5963402616018609
2022-08-19,0.9436053301816383,0.1739479977611561,0.5566565131696832
2022-08-22,0.9447203434903901,0.16840431486287083,0.6100116466583057
2022-08-23,0.9458259206947259,0.21636645804711752,0.6332601684285953
2022-08-24,0.9469220178153561,0.21488067979443343,0.5858985844830685
2022-08-25,0.9480085908729912,0.18669414338777796,0.6337215552768343
2022-08-26,0.9490855958883477,0.19253294662392512,0.5573687511198708
2022-08-29,0.950152988882131,0.19600061059380247,0.42723526249775745
2022-08-30,0.9512107258750637,0.20309876354755002,0.41282924207131355
2022-08-31,0.9522587628878467,0.22038111229837687,0.36820014334348616
2022-09-01,0.953297055941202,0.22334249224037045,0.4041838380218608
2022-09-02,0.9543255610558381,0.201892840787666,0.39892940333273447
2022-09-05,0.9553442342524683,0.15122882002747673,0.40830048378426687
2022-09-06,0.9563530315518038,0.29098356485015014,0.25833631965597675
2022-09-07,0.9573519089745588,0.3118556963313489,0.07525085110195195
2022-09-08,0.9583408225414427,0.2922352821452196,0.08515499014513317
2022-09-09,0.9593197282731731,0.29683254464967185,0.1912112524637158
2022-09-12,0.960288582190457,0.2484607947895996,0.11058950008958912
2022-09-13,0.9612473403140109,0.2484124561135705,0.19019888908797616
2022-09-14,0.9621959586645463,0.27983513967333234,0.3200815266081358
2022-09-15,0.9631343932627754,0.22954510761715768,0.29573553126679686
2022-09-16,0.9640626001294095,0.22130972370630442,0.350111987099086
2022-09-19,0.9649805352851581,0.1854551467969267,0.34340172012184056
2022-09-20,0.9658881547507407,0.23329771536152244,0.3996371617989597
2022-09-21,0.9667854145468677,0.308833257009108,0.561355491847339
2022-09-22,0.9676722706942504,0.3729227090011703,0.7321985307292592
2022-09-23,0.9685486792135984,0.313229532386913,0.8410723884608483
2022-09-26,0.9694145961256302,0.35214979901287335,0.8281490772263025
2022-09-27,0.9702699774510535,0.2828779321223223,0.8394463357821176
2022-09-28,0.9711147792105823,0.3187528621584491,0.7168249417667092
2022-09-29,0.9719489574249307,0.3188469953696637,0.6025712237950182
2022-09-30,0.9727724681148073,0.3041189640258485,0.5977871349220554
2022-10-03,0.9735852673009271,0.28883122169643316,0.5967613330944262
2022-10-04,0.9743873110040031,0.30140945402737496,0.43452338290628767
2022-10-05,0.9751785552447458,0.2830916399531878,0.5133130263393659
2022-10-06,0.9759589560438711,0.2955528418053224,0.5877127754882626
2022-10-07,0.9767284694220866,0.2544242609270849,0.6260078838917764
2022-10-10,0.977487051400109,0.20037398870401468,0.6287134922056994
2022-10-11,0.978234657998649,0.27085432249529334,0.6053798602401
2022-10-12,0.9789712452384194,0.28127003510914367,0.5155079734814542
2022-10-13,0.9796967691401317,0.2802142166590343,0.390803619423041
2022-10-14,0.9804111857245008,0.28621330076833057,0.3341381472854319
2022-10-17,0.9811144510122354,0.23127512339083095,0.1656557964522466
2022-10-18,0.981806521024053,0.25217524042130973,0.14236247984232087
2022-10-19,0.9824873517806596,0.23389050017808988,0.22176581257839018
2022-10-20,0.9831568993027728,0.2458454180023406,0.21248880129009196
2022-10-21,0.9838151196111022,0.30593293644736175,0.3685585020605612
2022-10-24,0.9844619687263654,0.31035465323360306,0.2635235620856479
2022-10-25,0.9850974026692665,0.22922709001170305,0.27157767425192636
2022-10-26,0.9857213774605222,0.27555080649264746,0.29035119154273514
2022-10-27,0.9863338491208475,0.29952170152139623,0.4745789285074375
2022-10-28,0.9869347736709528,0.2684221238487763,0.38880129009138104
2022-10-31,0.9875241071315477,0.20411641988500484,0.40752105357462665
2022-11-01,0.9881018055233497,0.23193660001017657,0.47519709729439086
2022-11-02,0.9886678248670675,0.24190454383554677,0.5905348503852365
2022-11-03,0.9892221211834178,0.22034040604487865,0.6581929761691463
2022-11-04,0.9897646504931057,0.24645092352312625,0.5464746461207641
2022-11-07,0.9902953688168523,0.22232483590291563,0.48889983873857684
2022-11-08,0.9908142321753628,0.2029766447870554,0.5305008063071126
2022-11-09,0.9913211965893538,0.2538085788429248,0.5636176312488799
2022-11-10,0.9918162180795358,0.27574924947845114,0.8042017559577121
2022-11-11,0.9922992526666237,0.3312725792499873,0.8176446873320198
2022-11-14,0.992770256371327,0.2678802218490816,0.7368123992116105
2022-11-15,0.9932291852143607,0.2942069912990383,0.7530729259989245
2022-11-16,0.9936759952164342,0.27501653691548367,0.6663187600788372
2022-11-17,0.9941106423982653,0.22849183330789197,0.6321134205339555
2022-11-18,0.9945330827805625,0.21289370579555283,0.6689795735531242
2022-11-21,0.9949432723840372,0.20209382791431335,0.6024995520516032
2022-11-22,0.9953411672294017,0.16842212384877625,0.5992788030818833
2022-11-23,0.9957267233373726,0.1975652572126393,0.6239428417846236
2022-11-24,0.9960998967286603,0.14765430214216657,0.6857597204801976
2022-11-25,0.9964606434239762,0.17261741209993386,0.6501433434868302
2022-11-28,0.9968089194440317,0.23449346155803186,0.7232664397061466
2022-11-29,0.9971446808095461,0.22679743550602965,0.7418831750582332
2022-11-30,0.9974678835412227,0.26634356077952476,0.6937735172908075
2022-12-01,0.9977784836597801,0.3037882257161757,0.7988398136534671
2022-12-02,0.9980764371859285,0.26695669872284133,0.8576464791256039
2022-12-05,0.9983617001403813,0.2240802930850252,0.6686436122558684
2022-12-06,0.9986342285438488,0.24794433419834122,0.6598862211073296
2022-12-07,0.998893978417045,0.23960718465374248,0.6403467120587701
2022-12-08,0.9991409091414027,0.2051696941942706,0.5743325568894478
2022-12-09,0.9993749935412106,0.2320002035312675,0.6098772621393977
2022-12-12,0.9995962078014875,0.19029919096321174,0.5059263572836391
2022-12-13,0.9998045367768089,0.2421945758917214,0.5866735352087439
2022-12-14,1.0,0.2602554317407012,0.5381831213044266
