Time,Close,Volume,diferencia_media_85
2021-03-16,0.5639793164041187,0.4063355463956452,0.6412525118129245
2021-03-17,0.5622224418885171,0.43337214058714324,0.5823678706661253
2021-03-18,0.5604534954788285,0.5847282967810956,0.632519376842566
2021-03-19,0.5586724405614749,0.4400742582045877,0.6405043219130342
2021-03-22,0.5568792405228944,0.35531449608256505,0.6204389806026511
2021-03-23,0.5550738587495143,0.4572386016802492,0.6841973362252416
2021-03-24,0.5532562586277514,0.4747097322299487,0.7137540268746905
2021-03-25,0.5514264035440437,0.5298527422044618,0.7495313560828036
2021-03-26,0.5495842568848097,0.3575406689531482,0.726119664818216
2021-03-29,0.547729782036475,0.3887621534879331,0.7462296605805995
2021-03-30,0.5458629423854671,0.3550391743494541,0.7822621580858724
2021-03-31,0.5439837013182203,0.3612771781882257,0.7694791377134194
2021-04-01,0.5420920222211514,0.36797142947043826,0.7299244063919659
2021-04-02,0.5401878684806931,0.07587866964538562,0.7385563853588067
2021-04-05,0.538271203483264,0.17295711274031653,0.6967671088064957
2021-04-06,0.5363419906152966,0.35662030773103426,0.6450390270797353
2021-04-07,0.5344001932632167,0.4123139611717693,0.6463622569635883
2021-04-08,0.5324457748134517,0.32882067902205725,0.610174835849325
2021-04-09,0.530478698652427,0.3335090148201756,0.6201519162683456
2021-04-12,0.5284989281665649,0.3306063371196627,0.6100764137918467
2021-04-13,0.5265064267422996,0.43249897737641985,0.5796029399033089
2021-04-14,0.524501157766057,0.36515528145747456,0.5546383672874233
2021-04-15,0.5224830846242554,0.35516503571316194,0.5629313369451792
2021-04-16,0.5204521707033294,0.3010918473301658,0.5486355330966941
2021-04-19,0.5184083793896992,0.27632075768540953,0.5042444512286811
2021-04-20,0.5163516740697958,0.24297536263805422,0.502409062119812
2021-04-21,0.5142820181300447,0.1781095623171077,0.5013656060474905
2021-04-22,0.5121993756859222,0.24279443692772415,0.5151328469947098
2021-04-23,0.5101037093948015,0.19659545011170196,0.4511940509334142
2021-04-26,0.5079949760816778,0.18234165067178507,0.45923823150143755
2021-04-27,0.5058731910412142,0.15883704099933924,0.45377762994217713
2021-04-28,0.5037384678437871,0.23403133947956326,0.4262322122635733
2021-04-29,0.5015909785294301,0.20080393946068406,0.42908554061504733
2021-04-30,0.4994308893058115,0.18695132311758597,0.5035281573659329
2021-05-03,0.49725836492248554,0.11860073628897769,0.46958166068995627
2021-05-04,0.4950735708580627,0.19522670778137882,0.5052514546871208
2021-05-05,0.49287667259114976,0.13872282181177434,0.5087563735117087
2021-05-06,0.4906678356003571,0.15978886756238006,0.46141627518078293
2021-05-07,0.4884472253642933,0.2271404298165571,0.3839098162332588
2021-05-10,0.48621500736156875,0.20720713633932222,0.4109002428655408
2021-05-11,0.48397134707079204,0.25485352883798496,0.39502057294395865
2021-05-12,0.4817164099705735,0.28877316635725747,0.45441281673904144
2021-05-13,0.4794503615395165,0.3077153015952928,0.4472936212482274
2021-05-14,0.4771733672562348,0.22050124288096665,0.3960330442944827
2021-05-17,0.4748855925993336,0.19949812781221485,0.3920770243731303
2021-05-18,0.47258720304742674,0.1864872093389132,0.33755484979244754
2021-05-19,0.4702783640791175,0.30843113810138134,0.37483493800777395
2021-05-20,0.4679592411730198,0.19663478178786067,0.33494939921535766
2021-05-21,0.4656299998077422,0.21917969856203393,0.372135621949942
2021-05-24,0.4632908054618916,0.1922217677228533,0.3449310362111162
2021-05-25,0.4609418236140801,0.24915043579497184,0.3181174047561549
2021-05-26,0.4585832197429074,0.20992102199427334,0.3649398759699819
2021-05-27,0.45621515932699275,0.23907366036311004,0.3640495208759577
2021-05-28,0.4538378078449359,0.24516220383247853,0.3657245184837539
2021-05-31,0.4514513307753596,0.0778688524590164,0.34105430072495285
2021-06-01,0.4490558935968618,0.19025518391491772,0.3525268496284112
2021-06-02,0.4466516617880547,0.20011170196029074,0.35744704118689596
2021-06-03,0.4442388008275415,0.21976180736918285,0.42294327517622565
2021-06-04,0.44181747619393974,0.21644221390138765,0.39341848056392237
2021-06-07,0.4393878533658526,0.13380636229193546,0.37695192355886936
2021-06-08,0.4369500978218941,0.17453824612189675,0.39021885238058424
2021-06-09,0.4345043750406692,0.11546206853151256,0.3859712115481903
2021-06-10,0.4320508505007883,0.24056039772190932,0.38877715150162095
2021-06-11,0.4295896896808582,0.18529152638368837,0.4415122366868211
2021-06-14,0.4271210580594911,0.15235518076838364,0.4322277559315234
2021-06-15,0.42464512111529373,0.16836317296497907,0.4280138337669664
2021-06-16,0.42216204432687476,0.2704918032786885,0.5280635004533792
2021-06-17,0.41967199317284276,0.3759006953840345,0.5957642062671157
2021-06-18,0.41717513313180987,0.39404833076366386,0.6279828490451683
2021-06-21,0.41467162968238647,0.3313772379723735,0.5821063231615363
2021-06-22,0.41216164830317226,0.26758125924294396,0.5622360033354148
2021-06-23,0.40964535447278294,0.2534061231553444,0.571265315793551
2021-06-24,0.4071229136698289,0.21597023378748312,0.5653062247394791
2021-06-25,0.40459449137291514,0.2063575721342941,0.5604133726414022
2021-06-28,0.4020602530606503,0.22044617853434442,0.5685769355198825
2021-06-29,0.39952036421164827,0.2132484817973003,0.5882659035919489
2021-06-30,0.39697499030451233,0.27045247160252983,0.6164565325362357
2021-07-01,0.39442429681785285,0.23889273465277996,0.6214614764219939
2021-07-02,0.3918684492302802,0.24085145212548378,0.608204572069096
2021-07-05,0.38930761302040295,0.11401466284887199,0.6109886404541995
2021-07-06,0.3867419536668315,0.2880022655045468,0.6409581569558434
2021-07-07,0.3841716366481762,0.2657956011453384,0.6650269065856188
2021-07-08,0.3815968274430386,0.3478808092885687,0.6206923262691213
2021-07-09,0.37901769153003073,0.2379881061011296,0.5960002369419916
2021-07-12,0.37643439438776305,0.18986973348856237,0.6086119300292082
2021-07-13,0.37384710149484235,0.26018690412510626,0.6721470133917794
2021-07-14,0.3712559783298861,0.24463515937195182,0.6246711290741489
2021-07-15,0.36866119037149225,0.25158113338158017,0.6432373566387031
2021-07-16,0.3660629030982765,0.21942355495421792,0.6468115354296614
2021-07-19,0.3634612819888421,0.3005254711934804,0.6505497509830804
2021-07-20,0.3608564925218012,0.29410654164437877,0.6641666248980456
2021-07-21,0.35824870017576416,0.2103064724206287,0.6533174156919398
2021-07-22,0.35563807042934137,0.2582989836694881,0.6714288968983382
2021-07-23,0.35302476876113076,0.1671360246688273,0.670310712967562
2021-07-26,0.3504089606497516,0.1966033164469337,0.6473328078081515
2021-07-27,0.34779081157381597,0.22759667725999813,0.637404027102519
2021-07-28,0.34517048701192365,0.26758125924294396,0.6179811631117776
2021-07-29,0.34254815244268855,0.18180673987602655,0.5847391131990357
2021-07-30,0.33992397334471924,0.2084028192945471,0.5991178467440994
2021-08-02,0.337298115196619,0.14971209213051825,0.5980324701658136
2021-08-03,0.33467074347700176,0.1606777634435669,0.6030437932590009
2021-08-04,0.3320420236644779,0.17779490890783803,0.6244177834076805
2021-08-05,0.32941212123765773,0.1549196060539316,0.627677558403922
2021-08-06,0.3267812016751428,0.15762562537365096,0.6817796166096343
2021-08-09,0.3241494304555488,0.15381831912148772,0.698851287005099
2021-08-10,0.3215169730574807,0.11720052861772759,0.7092384593302733
2021-08-11,0.3188839949595472,0.13873855448223785,0.6920273576867177
2021-08-12,0.3162506616403604,0.09027406311947392,0.6971571517750137
2021-08-13,0.3136171385785307,0.08540480161102545,0.6451028191540282
2021-08-16,0.31098359125265773,0.09782574494194646,0.6577518761704697
2021-08-17,0.30835018514135726,0.17766904754413013,0.7070467459207231
2021-08-18,0.3057170857232432,0.17253233063780246,0.7034525181921327
2021-08-19,0.30308445847691345,0.23601365595796234,0.7253814993871393
2021-08-20,0.30045246888098553,0.1480444290613889,0.7038644327289776
2021-08-23,0.29782128241406625,0.13427047607060824,0.6651326191658726
2021-08-24,0.2951910645547642,0.11347188571788178,0.6530257947808965
2021-08-25,0.2925619807816826,0.14074446996633208,0.6381121191271415
2021-08-26,0.2899341965734372,0.15868758062993613,0.6508705339852281
2021-08-27,0.2873078774086384,0.19573801957144207,0.6142721096494629
2021-08-30,0.2846831887658876,0.08790629621471949,0.6115363409777509
2021-08-31,0.282060296123797,0.2132720808029955,0.6006042020750648
2021-09-01,0.27943936496097876,0.17305937509832922,0.5748504303686711
2021-09-02,0.27682056075603967,0.11648469211163906,0.5457083882021119
2021-09-03,0.2742040489875883,0.18050092822755734,0.5407089122084363
2021-09-06,0.2715899951342351,0.044830244485699,0.5448608649293951
2021-09-07,0.26897856467458503,0.196320128378591,0.5635300711281634
2021-09-08,0.26636992308725027,0.2174648374815141,0.5818128796198
2021-09-09,0.2637642358508394,0.23458984928101698,0.5732146193207979
2021-09-10,0.26116166844396105,0.1885560555048614,0.580537949449337
2021-09-13,0.25856238634522377,0.1788725968345867,0.5771205168980655
2021-09-14,0.2559665550332415,0.21862905509581196,0.5785667743537649
2021-09-15,0.2533743399866122,0.20730153236210316,0.5662202740325251
2021-09-16,0.2507859066839515,0.2148925458607344,0.5985163786150737
2021-09-17,0.24820142060387163,0.19502218306535354,0.6273750017087153
2021-09-20,0.2456210472249758,0.21012554671029862,0.6222178681600081
2021-09-21,0.24304495202587795,0.20930744784619745,0.6184277076318095
2021-09-22,0.24047330048518134,0.2789559799880432,0.6424964572615883
2021-09-23,0.23790625808149635,0.24738051036782985,0.5993046663902353
2021-09-24,0.23534399029343334,0.17115572197224757,0.6092525847181517
2021-09-27,0.23278666259960268,0.21800761461250437,0.6242364316536271
2021-09-28,0.23023444047860941,0.3087693905163462,0.6280803597872983
2021-09-29,0.22768748940906747,0.29435826437179446,0.6895039254908583
2021-09-30,0.22514597486958188,0.3052846040086844,0.7002920765687141
2021-10-01,0.22261006233876302,0.2911881312734024,0.6824403202362133
2021-10-04,0.2200799172952177,0.21054246247758093,0.6567968176868078
2021-10-05,0.21755570521755807,0.19318932695635757,0.6689774586148921
2021-10-06,0.21503759158438918,0.2757701142191876,0.6947521905742645
2021-10-07,0.2125257418743285,0.18925615934048648,0.6915552963369677
2021-10-08,0.21002032156597217,0.2121393285296246,0.6701958872338412
2021-10-11,0.20752149613793947,0.14108272238129702,0.6813795491722976
2021-10-12,0.20502943106883542,0.20471350807085995,0.6940796398481737
2021-10-13,0.20254429183726508,0.2311837261256726,0.6393888719282975
2021-10-14,0.2000662439218459,0.1651065101790378,0.6355668153629533
2021-10-15,0.1975954528011794,0.19119127780749504,0.6317037496069948
2021-10-18,0.19513208395388126,0.20392687454768574,0.6199186195395145
2021-10-19,0.19267630285855297,0.20161417198955353,0.6002196269986277
2021-10-20,0.19022827499380845,0.2004892860514144,0.5832245070923124
2021-10-21,0.18778816583825986,0.19602907397501654,0.6011099820926535
2021-10-22,0.18535614087050512,0.2220194455806929,0.5833429780874229
2021-10-25,0.18293236556915993,0.1941175545137032,0.6065878986435067
2021-10-26,0.1805170054128329,0.16425694597400967,0.6147742444056639
2021-10-27,0.1781102258801397,0.2453195305371134,0.607416284293936
2021-10-28,0.17571219244967295,0.3239514175136088,0.5436952926005755
2021-10-29,0.1733230706000537,0.29605739278185084,0.6334261356128379
2021-11-01,0.1709430258098923,0.20638903747522105,0.5978584089345359
2021-11-02,0.16857222355779022,0.21096724458009505,0.6167809607997711
2021-11-03,0.16621082932236142,0.2692174569711463,0.5892865767805952
2021-11-04,0.16385900858221447,0.24199207073408643,0.6317101288144239
2021-11-05,0.16151692681595264,0.2665979673389761,0.6188168392849827
2021-11-08,0.1591847495021934,0.1863928133161323,0.6009924224128881
2021-11-09,0.15686264211954004,0.23378748308737926,0.5938313064161166
2021-11-10,0.15455077014659935,0.33018155501714863,0.6817267603195082
2021-11-11,0.1522492990619888,0.17666215663446713,0.6996541558258119
2021-11-12,0.14995839434430636,0.18536232340077405,0.700620150093639
2021-11-15,0.1476782214721748,0.20941757653944185,0.7561748449624763
2021-11-16,0.14540894592419384,0.26659010100374436,0.7888445888372986
2021-11-17,0.1431507331789721,0.2804977816934646,0.7848229542109602
2021-11-18,0.14090374871511635,0.2256222271168308,0.7394430951914448
2021-11-19,0.1386681580112441,0.3268462288788899,0.8053886076468459
2021-11-22,0.13644412654595683,0.3087693905163462,0.8375443696659556
2021-11-23,0.1342318197978667,0.31540857745193673,0.8206002834190733
2021-11-24,0.13203140324558404,0.307770365941915,0.8522402409517773
2021-11-25,0.1298430423677157,0.09000660772159466,0.8397852941042456
2021-11-26,0.1276669026428685,0.4573093986973349,0.7572119218273686
2021-11-29,0.1255031495496528,0.30859633114124796,0.765018249089823
2021-11-30,0.12335194856667897,0.46759856518045373,0.7239680492839337
2021-12-01,0.12121346517255915,0.3803215757842736,0.7343524876630684
2021-12-02,0.11908786484589662,0.12170007237028416,0.74307559816461
2021-12-03,0.11697531306529996,0.34057298385828016,0.7324642422640715
2021-12-06,0.11487597530938132,0.21309115509266544,0.747563826248616
2021-12-07,0.11279001705674752,0.22791919700449956,0.7564600866660904
2021-12-08,0.11071760378600892,0.25969919134073816,0.6961310106942848
2021-12-09,0.10865890097577235,0.19869576161857713,0.7299462779602929
2021-12-10,0.10661407410465173,0.21249331361505305,0.7069957122612919
2021-12-13,0.1045832886512521,0.15583996727604546,0.7264668759654249
2021-12-14,0.10256671009418206,0.19934866744281174,0.7438985159229585
2021-12-15,0.10056450391205018,0.2628063937572763,0.7121537571253456
2021-12-16,0.09857683558346686,0.2722223970296719,0.6808026865576436
2021-12-17,0.09660387058704245,0.21806267895912654,0.7503898151396822
2021-12-20,0.09464577440138378,0.21962807967024325,0.713968185981236
2021-12-21,0.0927027125051012,0.17421572637739532,0.7027735882586127
2021-12-22,0.09077485037679978,0.1625892829048803,0.6665670295220603
2021-12-23,0.08886235349509342,0.13665397564582613,0.6633090771565135
2021-12-24,0.08696538733858716,0.09239010729681257,0.6634649120808521
2021-12-27,0.08508411738589494,0.06253736509235078,0.654301636266706
2021-12-28,0.08321870911562002,0.08007929265913596,0.6639971202435039
2021-12-29,0.08136932800637275,0.14519681570749818,0.6294528006998912
2021-12-30,0.07953613953676353,0.13108461030175264,0.6411759613237767
2021-12-31,0.07771930918540271,0.09526918599163023,0.5909743328032513
2022-01-03,0.07591900243089711,0.17203675151820272,0.6529975440051404
2022-01-04,0.07413538475185355,0.22270381674585446,0.6560741446166322
2022-01-05,0.07236862162688418,0.23553380950882605,0.6318923918838255
2022-01-06,0.07061887853459758,0.2547119348038136,0.6381813790935154
2022-01-07,0.06888632095360059,0.20325036971775592,0.5853651868424297
2022-01-10,0.06717111436250356,0.2263773952990781,0.6065304857766463
2022-01-11,0.06547342423991687,0.21560051603159122,0.5711924105657911
2022-01-12,0.06379341606444378,0.23521915609955638,0.5115440871582002
2022-01-13,0.06213125531470354,0.23207262200685944,0.49853414926434164
2022-01-14,0.06048710746929942,0.25486926150844846,0.525225664462803
2022-01-17,0.05886113800683823,0.11406972719549419,0.5302041802034981
2022-01-18,0.05725351240592502,0.31853937887417016,0.5873090224775939
2022-01-19,0.05566439614518082,0.2360687203045845,0.5729977262682093
2022-01-20,0.05409395470320533,0.24679053522544916,0.593571581542219
2022-01-21,0.0525423535586107,0.2438563921840093,0.5652624816028218
2022-01-24,0.05100975819000553,0.2828812812686826,0.5761372076386441
2022-01-25,0.04949633407600018,0.2302004342217048,0.5902379900028693
2022-01-26,0.0480022466951997,0.2862402064126365,0.6335500745000291
2022-01-27,0.046527661526210906,0.33553066297473333,0.7046709468110801
2022-01-28,0.045072744047653046,0.312560964098046,0.6974442161093226
2022-01-31,0.04363765973813116,0.28622447374217297,0.6286207697880739
2022-02-01,0.04222257407624852,0.26852521947075303,0.5940700710370304
2022-02-02,0.04082765254061904,0.20662502753217335,0.5679927823824529
2022-02-03,0.03945306060984599,0.36470690034926534,0.4628415723834985
2022-02-04,0.03809896376254862,0.3637786727919198,0.4534140151187204
2022-02-07,0.03676552747732664,0.2828026179163652,0.4585911976050615
2022-02-08,0.03545291723279398,0.2281709197319153,0.4766161038534969
2022-02-09,0.034161298507553894,0.19355904471224947,0.47077457247918886
2022-02-10,0.03289083678022031,0.38380636229193543,0.4649713163494539
2022-02-11,0.031641697529401824,0.4490576130392373,0.5257232426422697
2022-02-14,0.030414046233703473,0.437439035901954,0.5540888441331789
2022-02-15,0.029208048371742734,0.3093279003178,0.5117691820489109
2022-02-16,0.028023869422121095,0.267974576004531,0.4972291456874278
2022-02-17,0.02686167486344715,0.3914209747962619,0.5037423164724818
2022-02-18,0.025721630174333043,0.2711604417733866,0.5309478135266541
2022-02-21,0.02460390083338737,0.19804285579434253,0.5381262445150199
2022-02-22,0.023508652319213397,0.4080268084704698,0.5238823856413144
2022-02-23,0.02243605011043215,0.2352820867814103,0.5371228863179662
2022-02-24,0.021386259685639786,0.8116956672225544,0.6193344664020815
2022-02-25,0.020359446523457336,0.501801390768069,0.555479511352711
2022-02-28,0.019355776102482736,0.6508448444038891,0.5927705353522008
2022-03-01,0.018375413901331683,0.5227258424845033,0.6625936946091153
2022-03-02,0.01741852539860922,0.5890075831471634,0.6611219203237011
2022-03-03,0.016485276072925714,0.4316651458418552,0.6983436843568172
2022-03-04,0.015575831402891538,0.5666278594128568,0.7952019246980123
2022-03-07,0.014690356867109955,0.8109011673641484,0.8497942705604138
2022-03-08,0.013829017944200217,0.7552153802586451,0.8108218697456986
2022-03-09,0.012991980112762036,0.5346118750196659,0.6685081312111832
2022-03-10,0.012179408851407558,0.5887165287435889,0.7313934467313388
2022-03-11,0.011391469638743601,0.5250149460369403,0.785808086101073
2022-03-14,0.010628327953385863,0.4763065982819924,0.7602301982566534
2022-03-15,0.009890149273939386,0.5303089896479029,0.7461348837845109
2022-03-16,0.00917709907900921,0.5812671092791291,0.6813403626123763
2022-03-17,0.008489342847205705,0.4005773890060099,0.6349288946200494
2022-03-18,0.007827046057139242,0.3902646235171958,0.6641155912386143
2022-03-21,0.007190374187423743,0.3387243950788207,0.6883975886595921
2022-03-22,0.006579492716660695,0.409639407192977,0.6803871267594092
2022-03-23,0.005994567123465799,0.3350193511846701,0.69317379239325
2022-03-24,0.005435762886440543,0.3659733803215758,0.6979837147947501
2022-03-25,0.004903245484198848,0.37976306598281995,0.7055540113823285
2022-03-28,0.00439718039534398,0.47182278719989934,0.7004470001777061
2022-03-29,0.0039177330984934144,0.5847676284572544,0.620839959355336
2022-03-30,0.003465069072248639,0.5288458512947988,0.5637542547035277
2022-03-31,0.0030393537952217997,0.48716214090179666,0.6327189549035619
2022-04-01,0.0026407527460197144,0.390807400648186,0.6438169531994
2022-04-04,0.002269431403252753,0.28111135584154057,0.700300278406838
2022-04-05,0.0019255552455330616,0.3141106321386993,0.7485070376327662
2022-04-06,0.0016092897514674576,0.4201016330511941,0.7516538095259783
2022-04-07,0.0013208003996627582,0.3939382020704194,0.7605190852216553
2022-04-08,0.001060252668727557,0.3247223183663195,0.7592951887106254
2022-04-11,0.0008278120372757769,0.3415720084327114,0.7502057294395875
2022-04-12,0.0006236439839106822,0.429320977942796,0.7908084734100969
2022-04-13,0.000447913987242643,0.3562112582989837,0.736248023584841
2022-04-14,0.00030078752588202917,0.46073912085837454,0.7800157657555049
2022-04-15,0.00018243007843743442,0.16219596614329315,0.7918555747438077
2022-04-18,9.300712351922868e-05,0.21486108051980743,0.8091031290012433
2022-04-19,3.2684139734229234e-05,0.36292910858689154,0.7983022195085275
2022-04-20,1.6266056910296811e-06,0.45085900380730626,0.7434100508969623
2022-04-21,0.0,0.44943519713036095,0.7561019397347164
2022-04-22,2.796980126795745e-05,0.4497577168748623,0.7785959364448668
2022-04-25,8.570148811060108e-05,0.5861757024637362,0.8389869818602689
2022-04-26,0.00017336053912231364,0.46452282810484247,0.8905018157958287
2022-04-27,0.0002911124329258996,0.5355165035713162,0.9442767117919642
2022-04-28,0.0004391226481263999,0.6313127340234731,0.9834459567216323
2022-04-29,0.0006175566633341845,0.5145448538434914,0.941379640303831
2022-05-02,0.0008265799571489651,0.4180721185614046,0.9615197094726671
2022-05-03,0.0010663580081882174,0.41132280293256973,0.9453019415573465
2022-05-04,0.001337056295062311,0.47754161291337593,0.8615210764456871
2022-05-05,0.0016388402963798399,0.6296608036248073,0.9166492757321282
2022-05-06,0.001971875490742292,0.7421651301091847,0.9050236258503708
2022-05-09,0.0023363273567618137,0.5825335892514395,0.8874707809516855
2022-05-10,0.0027323613730523277,0.6166577514867374,0.9017474471778849
2022-05-11,0.0031601430182170986,0.6108130644095529,0.9057654365428338
2022-05-12,0.003619837770870049,0.6683946383059061,1.0
2022-05-13,0.004111611109617996,0.4755986281111356,0.969192984694458
2022-05-16,0.004635628513067758,0.36410119253642115,0.939575235916761
2022-05-17,0.005192055459820821,0.4824738051036783,0.8424035030961938
2022-05-18,0.005781057428505321,0.42283911771184035,0.9038544082601634
2022-05-19,0.006402799897719191,0.6357257480884806,0.8022591507452281
2022-05-20,0.0070574483460692505,0.45201535508637236,0.8116447875040436
2022-05-23,0.007745168252167645,0.4273937258110192,0.7051831060360979
2022-05-24,0.00846612509462652,0.4568374185834303,0.6660995247490463
2022-05-25,0.009220484352042035,0.466796198986816,0.7053553446366809
2022-05-26,0.010008411503040548,0.38983984141468175,0.6623740676104838
2022-05-27,0.010830072026219995,0.3803373084547371,0.6570200899468237
2022-05-30,0.01168563140019252,0.2521947075296561,0.615243571809371
2022-05-31,0.012575255103561389,0.5323542368081559,0.6470266058515551
2022-06-01,0.013499108614949407,0.44653251942984806,0.7028237106026974
2022-06-02,0.014457357412949179,0.37137755262578265,0.624084241990678
2022-06-03,0.015450166976176405,0.337465781441742,0.6386488838665294
2022-06-06,0.016477702783246784,0.3325335892514396,0.6496685090425267
2022-06-07,0.01754013031275825,0.4419307133192788,0.636130008247406
2022-06-08,0.018637615043326505,0.41628646046379914,0.6208636535543578
2022-06-09,0.01977032245356014,0.5154888140713004,0.6896269530627029
2022-06-10,0.020938418022064198,0.5623249740410937,0.7587720937014423
2022-06-13,0.022142067227449047,0.6923712280922564,0.8365674396139666
2022-06-14,0.02338143554832861,0.6888628425788994,0.8206394699789946
2022-06-15,0.024656688463304377,0.8482898587206192,0.7891936226152005
2022-06-16,0.025967991450988492,0.8465435322991725,0.7017820771610708
2022-06-17,0.027315509989987774,0.744414901985463,0.7369989474307727
2022-06-20,0.02869940955891792,0.42671722098108933,0.7176316736761986
2022-06-21,0.030119855636382198,0.4630596897517385,0.6919909050728378
2022-06-22,0.031577013700990975,0.5974481608508229,0.6588700601012476
2022-06-23,0.033071049231347516,0.7032582360529877,0.6896980356597698
2022-06-24,0.034602127706074626,0.4919370063874642,0.6565999735718565
2022-06-27,0.036170414603768464,0.4999370693181461,0.6302656939894193
2022-06-28,0.03777607540304295,0.5388282307038796,0.6721779981135767
2022-06-29,0.03941927558250491,0.56939680941443,0.7275003075689294
2022-06-30,0.041100180620768256,0.5850193511846701,0.6895039254908583
2022-07-01,0.04281895599643626,0.5925395676662156,0.7304921558531512
2022-07-04,0.04457576718811218,0.3224017494729555,0.7280306931008864
2022-07-05,0.046370779674420604,0.5750369717755892,0.845122868091658
2022-07-06,0.048204158933963015,0.6454800037758409,0.9011131716963672
2022-07-07,0.05007607044534801,0.514710046883358,0.9089878476098472
2022-07-08,0.05198667968717707,0.5680280670841069,0.8837726632735361
2022-07-11,0.053936152138071236,0.5356816966111828,0.987661701516884
2022-07-12,0.05592465327663554,0.6265300022025738,0.9829347088119627
2022-07-13,0.05795234858148035,0.6864164123218275,0.9573003194160292
2022-07-14,0.06001940353120183,0.7070104779585287,0.9760524553113727
2022-07-15,0.062125983604428114,0.5339196375192725,0.9156076422904997
2022-07-18,0.06427225427975536,0.46069978918221577,0.863964312891011
2022-07-19,0.06645838103579571,0.5181161700387024,0.7954643835179513
2022-07-20,0.06868452935116309,0.4623359869104182,0.8197163075324783
2022-07-21,0.07095086470446432,0.5745649916616846,0.7770749511307127
2022-07-22,0.07325755257429734,0.5206884616594821,0.780600830208281
2022-07-25,0.07560475843928494,0.4856675372077657,0.7705025448481069
2022-07-26,0.07799264777802684,0.43033573518769075,0.8396030310348424
2022-07-27,0.08042138606913873,0.4781158553852931,0.7679636202913479
2022-07-28,0.08289113879122567,0.6013262641200717,0.7617438930480285
2022-07-29,0.0854020714228998,0.5609011673641484,0.7311665292099351
2022-08-01,0.08795434944276792,0.4968141342311444,0.6983436843568172
2022-08-02,0.09054813832943864,0.6399657027783896,0.7648040899832775
2022-08-03,0.09318360356151878,0.5411173342563167,0.7560809794817359
2022-08-04,0.0958609106176187,0.48486517101412796,0.6908836569262233
2022-08-05,0.0985802249763541,0.45808816588527734,0.7366508249682172
2022-08-08,0.1013417121163247,0.37272269595041063,0.7182805302032694
2022-08-09,0.10414553751614086,0.28933167615871125,0.697590937880189
2022-08-10,0.10699186665441651,0.43826500110128697,0.6266459494311123
2022-08-11,0.10988086500976024,0.4582769579308392,0.6050377512382482
2022-08-12,0.11281269806077177,0.36953683018155503,0.6471213826476439
2022-08-15,0.11578753128607211,0.3403448601365596,0.7186851542173405
2022-08-16,0.11880553016426099,0.40062458701740034,0.7042954848881133
2022-08-17,0.1218668601739541,0.4956892482930052,0.6927819267940373
2022-08-18,0.1249716867937547,0.4524794688650452,0.756323389364041
2022-08-19,0.12812017550227495,0.39326169724048965,0.7847573395059759
2022-08-22,0.13131249177812165,0.4284871464082314,0.8542770307523362
2022-08-23,0.13454880109990874,0.5263758220320317,0.8284221030424247
2022-08-24,0.1378292689462377,0.4292344482552468,0.8228840396786716
2022-08-25,0.14115406079572068,0.4416789905918631,0.8132277422617942
2022-08-26,0.14452334212697515,0.48362229004751267,0.8150895595157273
2022-08-29,0.14793727841859194,0.507937132248828,0.7851145751220017
2022-08-30,0.15139603514919742,0.5599808061420346,0.7669648186710286
2022-08-31,0.1548997777973895,0.5285862622321513,0.7329827806965186
2022-09-01,0.15844867184178213,0.5312765488814072,0.8107617229327959
2022-09-02,0.1620428827609839,0.5124445423366162,0.7965707203492165
2022-09-05,0.16568257603359982,0.37114156256883046,0.8102240468780616
2022-09-06,0.16936791713824384,0.5916664044554922,0.8237543458350602
2022-09-07,0.17309907155351922,0.5254003964632957,0.7419000013669734
2022-09-08,0.17687620475804522,0.5904235234888771,0.7445464611346803
2022-09-09,0.18069948223042154,0.5109027406311948,0.708514874944753
2022-09-12,0.18456906944925855,0.5160394575375225,0.6427689405503425
2022-09-13,0.18848513189316307,0.5315990686259086,0.7572091878813273
2022-09-14,0.19244783504075436,0.6061640602875932,0.743295225163239
2022-09-15,0.19645734437063211,0.4487429596299676,0.7248547591165708
2022-09-16,0.20051382536140316,0.5070639690381046,0.706073461130122
2022-09-19,0.20461744349168498,0.35521223372455246,0.6917047520538772
2022-09-20,0.20876836424007728,0.4750637173153771,0.7274811699466411
2022-09-21,0.21296675308519752,0.624177967968283,0.8226799050409422
2022-09-22,0.21721277550564722,0.7484188666184198,0.8166916518957634
2022-09-23,0.22150659698004382,0.6732953651552814,0.9199737541180057
2022-09-26,0.22584838298698884,1.0,0.9711924105657896
2022-09-27,0.23023829900509796,0.7204697775400397,0.9722805210901141
2022-09-28,0.23467651051296734,0.9190868758062993,0.8533930548657411
2022-09-29,0.23916318298922334,0.8226220068594443,0.7854007281409607
2022-09-30,0.24369848191246213,0.8268698278845852,0.786564477839089
2022-10-03,0.24828257009891708,0.7163163525376798,0.7602675621858817
2022-10-04,0.252915615689572,0.6781488939932664,0.6286171245266853
2022-10-05,0.257597808124471,0.5414005223246594,0.6988203022832999
2022-10-06,0.262329123320713,0.6234935968031213,0.7646409645361641
2022-10-07,0.2671091770053451,0.5579040936408546,0.7965889466561565
2022-10-10,0.27193737398475726,0.468322268021774,0.8192141727762765
2022-10-11,0.27681315077353474,0.5989427645448538,0.8114798394262364
2022-10-12,0.28173584485945824,0.5754617538781033,0.8065514460296277
2022-10-13,0.2867046156740507,0.6298653283408325,0.741486264199432
2022-10-14,0.29171851829729256,0.6495390327554199,0.7756678802349364
2022-10-17,0.2967766182182867,0.5099902457443126,0.676713614595627
2022-10-18,0.30187798352842066,0.54510556621881,0.6580945307409443
2022-10-19,0.30702168101795557,0.5052232465938769,0.7190004693274028
2022-10-20,0.3122067774771278,0.5880636229193543,0.7002328410711598
2022-10-21,0.31743233969618956,0.7405210660457506,0.6370486141171862
2022-10-24,0.32269743446539145,0.7499764009943047,0.6212937943981444
2022-10-25,0.32800112857498576,0.5324014348195463,0.5428988029872917
2022-10-26,0.3333424888152141,0.5887873257606746,0.45016790985268534
2022-10-27,0.33872058197632526,0.6258062993612535,0.5371566049858059
2022-10-28,0.34413447484856974,0.5531528271608823,0.5322783339332827
2022-10-31,0.34958323422219983,0.42629243887857526,0.5918810915735224
2022-11-01,0.35506592688746075,0.509337339920078,0.5949868542761201
2022-11-02,0.3605816196346012,0.5600594694943519,0.6377330119427888
2022-11-03,0.36612937925387,0.5790252037380825,0.6839458131894662
2022-11-04,0.37170827253551586,0.6696453856077531,0.5205989164460528
2022-11-07,0.37731736626979284,0.593444196217866,0.4716959122950113
2022-11-08,0.3829557272469444,0.5032173311097826,0.4319060616140319
2022-11-09,0.38862242225721744,0.6477140429816557,0.47874037992736884
2022-11-10,0.39431651809086254,0.7191403668858752,0.32846630183675707
2022-11-11,0.400037081538132,0.7558132217362575,0.21871932854285242
2022-11-14,0.40578317938926745,0.6680485195557094,0.24144479935114532
2022-11-15,0.41155387843452473,0.7967024322708537,0.2262285670021844
2022-11-16,0.4173482454641473,0.6895708127497562,0.19136893234850588
2022-11-17,0.42316534726838917,0.5928778200811806,0.2153902935802387
2022-11-18,0.42900425063749736,0.482725527831094,0.24914268008730545
2022-11-21,0.4348640223617135,0.4975378370724647,0.31278712129151653
2022-11-22,0.4407437292312988,0.4214231773701268,0.2665989255592056
2022-11-23,0.4466424380364913,0.4821748843648721,0.1970391364375783
2022-11-24,0.4525592155675451,0.3426654290299236,0.18590468552785844
2022-11-25,0.45849312861470715,0.40385765079764635,0.20129224516205485
2022-11-28,0.4644432439682262,0.5497781693464648,0.24345880626802735
2022-11-29,0.4704086284183546,0.5340848305591391,0.25346504877815584
2022-11-30,0.47638834875533753,0.6011846700859004,0.19414479889548647
2022-12-01,0.4823814717694219,0.6647603914288411,0.10575996865075227
2022-12-02,0.4883870642508601,0.584688965104937,0.0976756902074628
2022-12-05,0.494404192989899,0.556551083980995,0.1370445131981251
2022-12-06,0.5004319247767874,0.5456640760202637,0.15934622237005874
2022-12-07,0.5064693264017759,0.5610978257449419,0.13134332438725443
2022-12-08,0.5125154646551096,0.4824266070922878,0.09553136519595606
2022-12-09,0.5185694063270425,0.49442276832069476,0.11361641825729141
2022-12-12,0.52463021820782,0.4185676976810043,0.11443751338494346
2022-12-13,0.5306969670876889,0.5456876750259589,0.0457553209424838
2022-12-14,0.5367687197569015,0.5820537428023033,0.012238965110292988
2022-12-15,0.542844543005705,0.5502658821308329,0.059993711924106685
2022-12-16,0.5489235036243478,0.47861143450489285,0.0964836897335784
2022-12-19,0.5550046684030825,0.38983197507945,0.0857356365309887
2022-12-20,0.5610871041321523,0.6205987854378402,0.07939288171582631
2022-12-21,0.5671698776018079,0.4217456971146283,0.10021552607956663
2022-12-22,0.573252055602298,0.4286680721185614,0.11016344440748477
2022-12-23,0.5793327049238695,0.39585758786696457,0.10238536792078817
2022-12-27,0.58541089235678,0.3165885277366981,0.09041341820717014
2022-12-28,0.5914856846912695,0.33867719706743027,0.11638408296615071
2022-12-29,0.5975561487175849,0.31654919606053933,0.0835193176070686
2022-12-30,0.603621351225982,0.3995547654258834,0.06050587114912287
2023-01-02,0.6096803590067079,0.0,0.0984448403603353
2023-01-03,0.6157322388500059,0.5516424907963878,0.19020882791176802
2023-01-04,0.6217760575461302,0.542297284541078,0.15372887457111317
2023-01-05,0.6278108818853276,0.4953352632075768,0.22225432077388946
2023-01-06,0.6338357776281622,0.47896541959032124,0.13363163722358629
2023-01-09,0.639849812594564,0.45730153236210314,0.07107439522835224
2023-01-10,0.6458520628419784,0.4436927724111891,0.07533935105234052
2023-01-11,0.651841521846876,0.36123784651206703,0.06533584248825502
2023-01-12,0.6578170442838154,0.5491567288631573,0.0
2023-01-13,0.6637774022463852,0.45647556716277016,0.021644650806744048
2023-01-16,0.6697213760656773,0.27739057927692645,0.03729740320691899
2023-01-17,0.6756477481321586,0.4670793870551587,0.07059139809444043
2023-01-18,0.6815552998066199,0.5967165916742708,0.0733818456869732
2023-01-19,0.6874428114616293,0.4448805890311821,0.05409021110620049
2023-01-20,0.6933090654461704,0.3372455240552532,0.043884390535079476
2023-01-23,0.6991528520148726,0.39203454894433776,0.04289014549149628
2023-01-24,0.704972882168347,0.33007929265913594,0.04153775351653899
2023-01-25,0.7107677336972387,0.3453793146848746,0.03266518729808793
2023-01-26,0.7165359051381941,0.34320820616091374,0.06177897868888932
2023-01-27,0.7222759029334824,0.300171486108052,0.0887493563835357
2023-01-30,0.7279862355017901,0.3399751423806677,0.1114174143249656
2023-01-31,0.7336654102736038,0.35613259494666627,0.1129702956762671
2023-02-01,0.7393119346793995,0.3951496176961077,0.0229678806905953
2023-02-02,0.7449243161496604,0.5032723954564048,0.09373607396235473
2023-02-03,0.7505010621148696,0.45126018690412506,0.19335104322824403
2023-02-06,0.7560406800055048,0.37748182876561465,0.2552339118666924
2023-02-07,0.7615416772520476,0.4809005380573298,0.2629445510177117
2023-02-08,0.7670025612849773,0.33004782731820903,0.28275472403093144
2023-02-09,0.772421839534779,0.36168622762027625,0.2732196315552048
2023-02-10,0.7777980194319323,0.3894150593121677,0.32898210632316194
2023-02-13,0.7831296084069184,0.31246656807526507,0.30092361810419366
2023-02-14,0.7884151138902133,0.5106982159151694,0.3007632266031173
2023-02-15,0.7936530433123057,0.40345646770082755,0.34625426609497084
2023-02-16,0.7988419041036767,0.4383279317831409,0.3653845978593207
2023-02-17,0.8039802036948025,0.3843176740819987,0.357451597763632
2023-02-20,0.8090664495161679,0.1950772474119757,0.3718522028770226
2023-02-21,0.8140991489982508,0.39406406343412725,0.4088743888491461
2023-02-22,0.8190768095715306,0.434205972121708,0.446594642377077
2023-02-23,0.8239979386664942,0.3790000314653409,0.4594624150768
2023-02-24,0.828861043713621,0.4375019665838079,0.5023252211078868
2023-02-27,0.8336646321433925,0.3546537239230987,0.4593840419569575
2023-02-28,0.8384072113862846,0.35573141184984747,0.4914942382087201
2023-03-01,0.8430872888727841,0.47341178691671126,0.42631331932945543
2023-03-02,0.8477033720333687,0.4266700229696989,0.4891412219827488
2023-03-03,0.8522539682985197,0.35011484849438346,0.46853820461763657
2023-03-06,0.8567375896212361,0.32514710046883355,0.437418608148071
2023-03-07,0.8611527389094782,0.44024731757968594,0.5456445961278206
2023-03-08,0.8654978828911304,0.34065951354582924,0.5541972906594741
2023-03-09,0.8697718509994772,0.32963877788615836,0.5295735499833681
2023-03-10,0.8739740823023414,0.6106793367106133,0.4891977235342644
2023-03-13,0.8781043785729459,0.835294672917781,0.42130746412835074
2023-03-14,0.8821625054044251,0.6205279884207545,0.4237825966108185
2023-03-15,0.8861482193448929,0.675537270696328,0.5477953003467547
2023-03-16,0.8900612814649786,0.6469195431232497,0.5203610631404839
2023-03-17,0.893901452835296,0.46902237185739903,0.48366603937793706
2023-03-20,0.8976684945264726,0.5158742644976558,0.44161977189776797
2023-03-21,0.9013621676091361,0.32831723356722575,0.41073256084169046
2023-03-22,0.9049822331539108,0.39695100846417675,0.34969448152991583
2023-03-23,0.9085284547214574,0.4512523205688934,0.3710393095874944
2023-03-24,0.912000590892367,0.4770303011233127,0.43152604311432824
2023-03-27,0.9153983803268808,0.32003398256820115,0.4042339711021895
2023-03-28,0.9187217613865837,0.28126868254617543,0.3722057932316606
2023-03-29,0.9219710080906669,0.28931594348824774,0.37806555091291116
2023-03-30,0.9251465941596511,0.2892058147950033,0.3352674482714622
2023-03-31,0.9282489733937176,0.32333784336553284,0.387797487503589
2023-04-03,0.9312785946129676,0.3423271766149586,0.34369164733918667
2023-04-04,0.93423590912756,0.3199238538749568,0.3066986234581691
2023-04-05,0.9371213682476309,0.2920927598250527,0.348353936654472
2023-04-06,0.9399354232833321,0.2300509738523017,0.341906380574404
2023-04-07,0.9426785255448014,0.007771939208961326,0.36200179529123266
2023-04-10,0.9453511263421941,0.18416664044554923,0.3944819855738795
2023-04-11,0.9479536769856427,0.24491048110506278,0.35715268632981484
2023-04-12,0.9504866287853062,0.26765205626002964,0.2996951650164276
2023-04-13,0.9529504330513241,0.26070608225040115,0.2600338097993755
2023-04-14,0.9553455410938483,0.278169346464869,0.30428637173464257
2023-04-17,0.9576724042230147,0.25822818665240244,0.3590691825045678
2023-04-18,0.959931473748977,0.2264953903275542,0.3266974387482179
2023-04-19,0.9621232009818765,0.2566549196060539,0.34336357381426685
2023-04-20,0.9642480372318616,0.25738648878260595,0.33539685505073946
2023-04-21,0.9663064338090805,0.25062930681853934,0.32439819012772086
2023-04-24,0.9682988420236693,0.28894622573235584,0.2842438133079399
2023-04-25,0.9702257131857817,0.25735502344167904,0.34337815485981815
2023-04-26,0.9720874986055676,0.33413832163871493,0.29683728008821575
2023-04-27,0.973884649593165,0.27879865328340836,0.308003627035083
2023-04-28,0.9756176174587203,0.378174066266008,0.3204868246583706
2023-05-01,0.977286853512382,0.23270192882539883,0.3544324100190007
2023-05-02,0.9788928090642965,0.29756772914634533,0.3408756829169374
2023-05-03,0.9804359354246088,0.3194361410905887,0.2961729312002471
2023-05-04,0.9819166839034619,0.40756269469179696,0.33945129702956833
2023-05-05,0.9833355058110058,0.2658978635033511,0.3379868132669281
2023-05-08,0.9846928524573837,0.18797394669771247,0.3516920847705527
2023-05-09,0.9859891751527421,0.21420030836034112,0.3866838601495472
2023-05-10,0.987224925207224,0.2517305937509833,0.3725530043788712
2023-05-11,0.988400553930985,0.28282621692206034,0.4248087376915491
2023-05-12,0.9895165126341574,0.2239152323715428,0.47616226881068935
2023-05-15,0.9905732526269002,0.17828262169220607,0.45734998610244065
2023-05-16,0.9915712252193511,0.21724458009502537,0.4671684976510849
2023-05-17,0.9925108817216532,0.2319860923193103,0.4861630434287335
2023-05-18,0.9933926734439584,0.2104166011138731,0.5388234007554807
2023-05-19,0.994217051696408,0.2686982788458513,0.5105562213220444
2023-05-22,0.9949844677891537,0.2356596708725339,0.5051366289534
2023-05-23,0.9956953730323388,0.24912683678927663,0.5362890327754577
2023-05-24,0.9963502187361097,0.2825194298480225,0.5511999744831714
2023-05-25,0.9969494562106078,0.2706963279947139,0.5684329476950574
2023-05-26,0.9974935367659832,0.2462556244296907,0.5672008493459035
2023-05-29,0.9979829117123771,0.04449199207073409,0.5783699302388103
2023-05-30,0.9984180323599467,0.2643167301217709,0.557837084155415
2023-05-31,0.998799350018821,0.2947909128095403,0.5904867790926034
2023-06-01,0.9991273159991607,0.2770680595324251,0.5317351899864657
2023-06-02,0.9994023816111035,0.23398414146817284,0.5736265338576445
2023-06-05,0.9996249981647978,0.20222774613762942,0.5697078778655187
2023-06-06,0.9997956169703883,0.199372266448507,0.5847227095227896
2023-06-07,0.9999146893380253,0.211242566313206,0.5794726218086869
2023-06-08,0.9999826665778482,0.21910890154494825,0.5146562290682254
2023-06-09,1.0000000000000018,0.18463862055945376,0.5417259401356948
2023-06-12,0.9999671409146433,0.17691387936188288,0.5352838519477093
2023-06-13,0.999884540631907,0.25827538466379285,0.5085376578284271
2023-06-14,0.9997526504619394,0.26283785909820334,0.4804153775351659
2023-06-15,0.999571921714896,0.2746530946162802,0.3941302178499345
2023-06-16,0.999342805700909,0.2420235360750134,0.3991050883292418
2023-06-19,0.999065753730136,0.13935999496554544,0.41721930348168146
2023-06-20,0.9987412171127126,0.2529184103709764,0.42240833306753256
2023-06-21,0.9983696478850668,0.2801044649318776,0.3730542278197239
2023-06-22,0.9979514975366577,0.267486863220163,0.39982047087664
2023-06-23,0.9974872099356222,0.29112520059154845,0.44987082104956294
2023-06-26,0.996977279952084,0.21088071489254587,0.44490415240837955
2023-06-27,0.9964223729858173,0.2608319436141091,0.40534759845623125
2023-06-28,0.9958233347574144,0.2587866964538561,0.444675412256281
2023-06-29,0.9951810778059809,0.27817721280010066,0.48491089614194577
2023-06-30,0.9944965059733306,0.27192347629086566,0.45210080970368444
2023-07-03,0.9937705220163444,0.20723073534501749,0.4510309254863017
2023-07-04,0.9930040295975147,0.08849627135710017,0.48084005048687084
2023-07-05,0.9921979323793195,0.21976180736918285,0.5032647872306492
2023-07-06,0.9913531340242479,0.32314905131997107,0.47649854417373305
2023-07-07,0.9904705381947831,0.2883169189138165,0.42069961679189594
2023-07-10,0.9895510485534125,0.2413706302507788,0.39759321616855636
2023-07-11,0.9885955687626193,0.23455051760485826,0.39429334329704874
2023-07-12,0.9876050024848873,0.32310185330858066,0.3041569649553688
2023-07-13,0.986580253382698,0.3097605487555458,0.23630498079402984
2023-07-14,0.9855222251185385,0.3080535540102577,0.24218843267430046
2023-07-17,0.9844318213548959,0.21862905509581196,0.23696112784387457
2023-07-18,0.9833099457542538,0.3355227966395016,0.24903696750705334
2023-07-19,0.9821575019790938,0.32880494635159374,0.27180162487526494
2023-07-20,0.9809753936918995,0.30216166892168284,0.3310544374222535
2023-07-21,0.9797645245551614,0.267455397879236,0.33764962658853614
2023-07-24,0.9785257982313667,0.3057723167930525,0.38701649025120477
2023-07-25,0.9772601183829863,0.243439476416727,0.39612964372126436
2023-07-26,0.9759683886725128,0.33568012334413644,0.37485772089144914
2023-07-27,0.9746515127624313,0.431673012177087,0.4599399443186327
2023-07-28,0.9733103943152273,0.45186589471696925,0.4310120612586173
2023-07-31,0.971945936993384,0.319672131147541,0.44682064858313253
2023-08-01,0.970559044459387,0.2818271923476291,0.4569927504864148
2023-08-02,0.9691506203757196,0.3874878071803908,0.4926762142137858
2023-08-03,0.9677215684048655,0.3785673830275951,0.4845718868328608
2023-08-04,0.966272792209308,0.3544491992070734,0.438566865485298
2023-08-07,0.964805195451536,0.22993297882382555,0.44505725338667507
2023-08-08,0.9633196817940348,0.287994399169315,0.48170397743583365
2023-08-09,0.9618171548992844,0.248261539913785,0.46814087112633945
2023-08-10,0.9602985184297737,0.3284273622604701,0.4620377922474408
2023-08-11,0.9587646760479789,0.2728910355243699,0.4880959432797343
2023-08-14,0.9572165314163925,0.3160300179352443,0.5188902001704162
2023-08-15,0.9556549881974998,0.35984550517604863,0.5195809772034479
2023-08-16,0.954080950053779,0.34652779962870894,0.5386356697939982
2023-08-17,0.9524953206477225,0.34319247349045034,0.5429334329704769
2023-08-18,0.9508990036418101,0.29726094207230735,0.5448553970373142
2023-08-21,0.9492929026985237,0.2676048582486391,0.5227988316937252
2023-08-22,0.9476779214803557,0.2619882948931752,0.5600534030793334
2023-08-23,0.9460549636497841,0.29902300116421765,0.5447442165649778
2023-08-24,0.9444249328692944,0.27318208992794435,0.5838861220342381
2023-08-25,0.9427887328013753,0.31179792958056707,0.5945630926397609
2023-08-28,0.9411472671085033,0.2177008275384664,0.5736875919858928
2023-08-29,0.9395014394531707,0.2862402064126365,0.5261934813613232
2023-08-30,0.9378521534978592,0.3006434662219565,0.49076518593111373
2023-08-31,0.9362003129050578,0.27633649035587304,0.550735203656197
2023-09-01,0.9345468213372428,0.29383908624649946,0.602958129616381
2023-09-04,0.9328925824569048,0.09036059280702308,0.5832509352373755
2023-09-05,0.931238499926522,0.25565589503162267,0.6387773793304568
2023-09-06,0.9295854774085868,0.2685330858059847,0.6333422946009111
2023-09-07,0.9279344185655809,0.22048551021050314,0.6547317771104936
2023-09-08,0.9262862270599914,0.2271089644756301,0.6497323011168162
2023-09-11,0.9246418065542947,0.26397847770680594,0.6101775697953645
2023-09-12,0.9230020607109779,0.20990528932380983,0.6055535557246556
2023-09-13,0.9213678931925369,0.27937289575532553,0.6242327863922392
2023-09-14,0.9197402076614445,0.3048834209118656,0.68900725862674
2023-09-15,0.9181199077801878,0.2430933576665303,0.6746740908490284
2023-09-18,0.9165078972112521,0.16836317296497907,0.6494133407453652
2023-09-19,0.9149050796171245,0.1828136307856896,0.6586513444179642
2023-09-20,0.9133123586602814,0.25467260312765494,0.672404004319634
2023-09-21,0.9117306380032169,0.29250180925710334,0.6712785298660822
2023-09-22,0.9101608213084056,0.24674333721405875,0.6824084241990677
2023-09-25,0.9086038122383489,0.21386992228060794,0.7230175473770061
2023-09-26,0.9070605144555159,0.22406469274094584,0.7371875897076051
2023-09-27,0.9055318316223939,0.30430131210471667,0.7887935551778655
2023-09-28,0.9040186674014716,0.3049699505994148,0.7382037063195169
2023-09-29,0.9025219254552308,0.29530222459960354,0.7314818443199983
2023-10-02,0.9010425094461567,0.2655753437588496,0.8034739341027877
2023-10-03,0.8995813230367311,0.3180595324250338,0.8101657226958521
2023-10-04,0.8981392698894481,0.3107202416538183,0.7791846461590342
2023-10-05,0.8967172536667789,0.29352443283722984,0.7406606124950439
2023-10-06,0.8953161780312193,0.3401010037443756,0.7131334211233792
2023-10-09,0.8939369466452476,0.27573078254302885,0.7253331996737475
2023-10-10,0.8925804631713525,0.334075390956861,0.6937971320906027
2023-10-11,0.8912476312720088,0.3050014159403417,0.6809439404364291
2023-10-12,0.8899393546097158,0.2803168559831346,0.7475528904644524
2023-10-13,0.8886565368469466,0.30330228753028543,0.7585552006488555
2023-10-16,0.8874000816461951,0.2323400774047387,0.7161371165071093
2023-10-17,0.8861708926699396,0.2590384191812718,0.7000086574957964
2023-10-18,0.8849698735806601,0.2873100280041534,0.7267393592541808
2023-10-19,0.8837979280408508,0.3572653472200371,0.6879328178326176
2023-10-20,0.8826559597129915,0.2629479877914478,0.675355754728588
2023-10-23,0.8815448722595693,0.23705987854378405,0.616184960562828
2023-10-24,0.8804655693430661,0.2645684528491866,0.6728459922629315
2023-10-25,0.879418954625967,0.23047575595481576,0.6888951668390553
2023-10-26,0.8784059317707591,0.2832195336836475,0.6886281514423854
2023-10-27,0.8774274044399242,0.22733708819735063,0.6831702838291662
2023-10-30,0.8764842762959457,0.2016849690066392,0.6421064142930704
2023-10-31,0.8755774510013143,0.2860199490261477,0.6701685477734282
2023-11-01,0.8747078322185082,0.3029719014505522,0.6719182732396826
2023-11-02,0.8738763236100127,0.2737484660646299,0.6288695588778064
2023-11-03,0.8730838288383183,0.27484188666184195,0.5459535320304582
2023-11-06,0.8723312515659014,0.18540952141216452,0.5506477173828858
2023-11-07,0.8716194933140837,0.22521317768478025,0.5614650305518476
2023-11-08,0.8709494598865248,0.21486894685503918,0.5504864145664645
2023-11-09,0.8703220742161584,0.26699915043579503,0.5767733057508566
2023-11-10,0.869738084127265,0.20722286900978573,0.5592195495368248
2023-11-13,0.8691979555903195,0.15844372423775213,0.5433052496320557
2023-11-14,0.8687020099541201,0.2505349107957585,0.4007691501528745
2023-11-15,0.8682503140237028,0.25996664673861747,0.4220839048039989
2023-11-16,0.8678424822589079,0.23121519146659955,0.41499204877359785
2023-11-17,0.8674778553053457,0.24194487272269596,0.3660425675398585
2023-11-20,0.8671558009081739,0.23072747868223156,0.3440725771542359
2023-11-21,0.8668756935874544,0.25282401434819546,0.3656835092931396
2023-11-22,0.8666369044757918,0.256135741480759,0.38116037783134377
2023-11-23,0.8664388047058011,0.1005317642616658,0.3681850699206721
