Time,Close,Volume,diferencia_media_25
2018-08-01,1.31243,126954,0.004010800000000092
2018-08-02,1.30165,149892,0.014547600000000216
2018-08-03,1.30021,131539,0.015173199999999998
2018-08-06,1.2943,90049,0.020285200000000003
2018-08-07,1.29379,93483,0.019776799999999817
2018-08-08,1.28832,111908,0.02386960000000027
2018-08-09,1.28239,112333,0.028216800000000042
2018-08-10,1.2771,229713,0.03146120000000008
2018-08-13,1.27657,194359,0.030022400000000227
2018-08-14,1.27191,171414,0.032474799999999915
2018-08-15,1.26974,174991,0.03261639999999999
2018-08-16,1.27117,177501,0.029214800000000096
2018-08-17,1.27508,157334,0.023359200000000024
2018-08-20,1.27953,118214,0.017147599999999708
2018-08-21,1.29041,153418,0.005422000000000038
2018-08-22,1.29135,151617,0.003862000000000032
2018-08-23,1.28149,144211,0.01292519999999997
2018-08-24,1.28488,148762,0.008412000000000086
2018-08-27,1.28935,79807,0.0031183999999999656
2018-08-28,1.28705,91658,0.004328400000000121
2018-08-29,1.30275,118777,-0.012026800000000115
2018-08-30,1.30109,104961,-0.010758400000000057
2018-08-31,1.29567,118822,-0.00591800000000009
2018-09-03,1.28713,72816,0.0015776000000000678
2018-09-04,1.28529,95400,0.0023359999999998937
2018-09-05,1.29053,119142,-0.0037799999999998946
2018-09-06,1.29257,108071,-0.006183200000000166
2018-09-07,1.29159,126031,-0.005548000000000108
2018-09-10,1.30264,88086,-0.016264399999999846
2018-09-11,1.30311,103413,-0.016361600000000198
2018-09-12,1.30476,99242,-0.01735399999999987
2018-09-13,1.31058,102095,-0.02204640000000002
2018-09-14,1.30689,89532,-0.01716479999999998
2018-09-17,1.31581,86668,-0.02451519999999996
2018-09-18,1.31473,103757,-0.02172240000000003
2018-09-19,1.31447,103019,-0.019673199999999946
2018-09-20,1.32692,112501,-0.029893200000000286
2018-09-21,1.30831,118500,-0.009954000000000018
2018-09-24,1.31166,99896,-0.012018799999999885
2018-09-25,1.31815,109436,-0.017399199999999837
2018-09-26,1.31662,106625,-0.014858399999999827
2018-09-27,1.30787,116479,-0.005053200000000091
2018-09-28,1.30282,106101,0.0007143999999998929
2018-10-01,1.30398,102010,0.00013960000000023953
2018-10-02,1.29783,121029,0.006720800000000082
2018-10-03,1.29387,144258,0.010325600000000046
2018-10-04,1.302,131616,0.0022320000000000118
2018-10-05,1.31148,133565,-0.006615600000000166
2018-10-08,1.30926,112417,-0.0035104000000001356
2018-10-09,1.31446,133191,-0.007543599999999984
2018-10-10,1.31897,123782,-0.010916000000000148
2018-10-11,1.32345,173936,-0.014160799999999973
2018-10-12,1.31525,147376,-0.0050144000000000855
2018-10-15,1.31513,133417,-0.00439479999999981
2018-10-16,1.31855,136597,-0.007197200000000237
2018-10-17,1.31141,124249,0.00020880000000000898
2018-10-18,1.30166,117649,0.00960200000000011
2018-10-19,1.30652,119689,0.0047272000000000425
2018-10-22,1.29653,121843,0.013946000000000236
2018-10-23,1.29836,151352,0.01146120000000006
2018-10-24,1.28788,148190,0.020877600000000163
2018-10-25,1.28175,144936,0.025200799999999912
2018-10-26,1.28277,171093,0.023159200000000046
2018-10-29,1.27922,117160,0.0254116000000002
2018-10-30,1.27055,124594,0.03217760000000003
2018-10-31,1.27654,114774,0.02458439999999995
2018-11-01,1.2997,143673,0.0010975999999998098
2018-11-02,1.29661,120632,0.0039392000000000316
2018-11-05,1.30427,95978,-0.003709199999999857
2018-11-06,1.31045,115221,-0.009384399999999848
2018-11-07,1.31272,144716,-0.010900400000000143
2018-11-08,1.30604,137700,-0.004058799999999918
2018-11-09,1.2972,131171,0.004210000000000047
2018-11-12,1.28498,135665,0.015458799999999995
2018-11-13,1.29682,157401,0.002913199999999838
2018-11-14,1.29895,189571,-1.760000000006201e-05
2018-11-15,1.27706,214750,0.020016799999999835
2018-11-16,1.28247,145659,0.013295599999999963
2018-11-19,1.28514,101835,0.009426000000000156
2018-11-20,1.27864,111943,0.014329600000000164
2018-11-21,1.27771,104083,0.013911600000000135
2018-11-22,1.28759,102907,0.0034688000000000496
2018-11-23,1.28049,108949,0.009527600000000191
2018-11-26,1.2808,107256,0.008588400000000052
2018-11-27,1.27415,153293,0.014270000000000005
2018-11-28,1.28236,129390,0.005839200000000044
2018-11-29,1.2784,129299,0.009665200000000151
2018-11-30,1.27537,130490,0.012399199999999944
2018-12-03,1.27236,122201,0.015134800000000226
2018-12-04,1.27152,154755,0.01601359999999996
2018-12-05,1.27328,107708,0.014123200000000002
2018-12-06,1.2784,158147,0.008151199999999914
2018-12-07,1.27337,135499,0.01225160000000014
2018-12-10,1.25599,169923,0.027700399999999847
2018-12-11,1.2488,145797,0.03242440000000002
2018-12-12,1.26256,189984,0.01665800000000006
2018-12-13,1.26579,127635,0.011818000000000106
2018-12-14,1.25852,136140,0.017540799999999912
2018-12-17,1.26143,132747,0.013688799999999945
2018-12-18,1.264,130828,0.00980599999999976
2018-12-19,1.26107,159206,0.01122080000000003
2018-12-20,1.26587,168498,0.005973199999999901
2018-12-21,1.26365,168564,0.007440399999999903
2018-12-24,1.26969,112584,0.0007824000000000719
2018-12-26,1.26342,77836,0.006443600000000105
2018-12-27,1.26439,197024,0.0049407999999999674
2018-12-28,1.26956,104304,-0.0009504000000000179
2018-12-31,1.27395,90140,-0.005601999999999885
2019-01-02,1.26099,134890,0.00656560000000006
2019-01-03,1.26373,155936,0.0034087999999998786
2019-01-04,1.27253,137158,-0.005784400000000023
2019-01-07,1.27743,95574,-0.010723199999999933
2019-01-08,1.27142,94557,-0.0048711999999999644
2019-01-09,1.27887,139160,-0.012060799999999983
2019-01-10,1.27509,118631,-0.008137999999999979
2019-01-11,1.28358,129613,-0.016216000000000008
2019-01-14,1.28685,115100,-0.019148000000000165
2019-01-15,1.28597,165932,-0.017764000000000113
2019-01-16,1.28789,125703,-0.01840799999999998
2019-01-17,1.29857,154430,-0.027097200000000043
2019-01-18,1.28729,103466,-0.014828000000000063
2019-01-21,1.28912,79764,-0.015724800000000094
2019-01-22,1.29568,100783,-0.020798399999999884
2019-01-23,1.30684,112150,-0.03014199999999989
2019-01-24,1.3063,123180,-0.0279100000000001
2019-01-25,1.31983,134404,-0.03908960000000006
2019-01-28,1.31558,94173,-0.03285120000000008
2019-01-29,1.30662,151091,-0.02217239999999987
2019-01-30,1.31147,118310,-0.025351200000000018
2019-01-31,1.31107,106639,-0.023045199999999877
2019-02-01,1.30824,99075,-0.018461200000000177
2019-02-04,1.30373,86863,-0.012584400000000162
2019-02-05,1.29505,77167,-0.003060400000000074
2019-02-06,1.29286,86190,0.00040440000000008247
2019-02-07,1.29513,96800,-0.0006095999999997659
2019-02-08,1.29411,72089,0.0012735999999999859
2019-02-11,1.28604,87531,0.009687999999999919
2019-02-12,1.28945,81226,0.006999199999999872
2019-02-13,1.28453,97464,0.0121456000000002
2019-02-14,1.27994,102904,0.016929599999999878
2019-02-15,1.28881,94690,0.008268799999999965
2019-02-18,1.29225,86320,0.0050448000000000714
2019-02-19,1.30635,93627,-0.008239999999999803
2019-02-20,1.305,108871,-0.0062055999999997
2019-02-21,1.30359,116131,-0.00459480000000001
2019-02-22,1.30552,100142,-0.005795599999999901
2019-02-25,1.30961,98911,-0.009066000000000018
2019-02-26,1.32506,143413,-0.02334079999999994
2019-02-27,1.33087,132722,-0.028189600000000148
2019-02-28,1.32616,113553,-0.022685200000000183
2019-03-01,1.32082,109730,-0.017305600000000032
2019-03-04,1.31813,76986,-0.014513600000000126
2019-03-05,1.31788,85536,-0.01381319999999997
2019-03-06,1.317,78013,-0.012712000000000057
2019-03-07,1.30812,80881,-0.003949999999999898
2019-03-08,1.30164,88514,0.0022660000000001013
2019-03-11,1.31503,94617,-0.010672000000000015
2019-03-12,1.30714,116740,-0.0022983999999999227
2019-03-13,1.33378,96108,-0.027301599999999926
2019-03-14,1.32408,98533,-0.01644359999999989
2019-03-15,1.32925,83389,-0.020208000000000004
2019-03-18,1.3253,74666,-0.014687600000000023
2019-03-19,1.32638,75295,-0.014290399999999925
2019-03-20,1.31901,95822,-0.005541200000000135
2019-03-21,1.31053,106013,0.0041623999999997885
2019-03-22,1.32115,107573,-0.005163999999999946
2019-03-25,1.31982,89273,-0.0027312000000001557
2019-03-26,1.32053,93816,-0.002873999999999821
2019-03-27,1.31859,108229,-0.00039039999999990194
2019-03-28,1.30391,104510,0.014302400000000048
2019-03-29,1.30294,99663,0.015169199999999883
2019-04-01,1.31046,85903,0.007683200000000223
2019-04-02,1.31337,99586,0.0043056000000001315
2019-04-03,1.31568,90651,0.0013879999999999448
2019-04-04,1.30745,86655,0.008869599999999922
2019-04-05,1.30337,75706,0.01225160000000014
2019-04-08,1.30619,69924,0.008953999999999906
2019-04-09,1.30523,71793,0.009408000000000083
2019-04-10,1.3087,77529,0.005606
2019-04-11,1.30526,66744,0.008931599999999928
2019-04-12,1.30712,66523,0.007290800000000042
2019-04-15,1.30992,59232,0.0042864000000000235
2019-04-16,1.30479,68592,0.009322400000000064
2019-04-17,1.30394,65096,0.008978799999999731
2019-04-18,1.29838,84485,0.013510799999999712
2019-04-19,1.29886,107751,0.011815200000000026
2019-04-22,1.29795,34021,0.011631200000000064
2019-04-23,1.29371,72083,0.014564400000000033
2019-04-24,1.28992,79677,0.01719079999999984
2019-04-25,1.28975,73073,0.016529600000000144
2019-04-26,1.29141,79512,0.013679999999999914
2019-04-29,1.29306,57531,0.010959599999999847
2019-04-30,1.30357,75786,-0.0002287999999996959
2019-05-01,1.30481,60134,-0.002020000000000133
2019-05-02,1.30322,72963,-0.00045760000000005796
2019-05-03,1.31752,77058,-0.01417439999999992
2019-05-06,1.30943,70402,-0.006125600000000064
2019-05-07,1.30733,73397,-0.0042671999999999155
2019-05-08,1.30067,83280,0.0017924000000000273
2019-05-09,1.30038,79348,0.0017996000000000123
2019-05-10,1.30033,76666,0.0017280000000001738
2019-05-13,1.29584,67560,0.00580399999999992
2019-05-14,1.29048,64254,0.010573999999999861
2019-05-15,1.28417,70362,0.015902800000000106
2019-05-16,1.27956,58375,0.01948480000000008
2019-05-17,1.27175,65773,0.025880000000000125
2019-05-20,1.27214,51697,0.023978800000000078
2019-05-21,1.2706,75682,0.02415120000000015
2019-05-22,1.26607,69543,0.027166399999999813
2019-05-23,1.26579,74785,0.026142800000000133
2019-05-24,1.27117,74515,0.019655199999999873
2019-05-27,1.26785,57298,0.0217712000000001
2019-05-28,1.26523,76486,0.02325200000000005
2019-05-29,1.26259,71280,0.0247987999999999
2019-05-30,1.26091,59473,0.02532520000000016
2019-05-31,1.26302,75088,0.022079600000000088
2019-06-03,1.26633,75463,0.01770040000000006
2019-06-04,1.26995,85257,0.012735600000000069
2019-06-05,1.26812,83522,0.013098000000000054
2019-06-06,1.26916,88498,0.010695599999999805
2019-06-07,1.27374,80893,0.004364399999999824
2019-06-10,1.2686,76532,0.007871200000000078
2019-06-11,1.27226,89610,0.002808400000000155
2019-06-12,1.26884,90534,0.004955199999999937
2019-06-13,1.26737,77955,0.005104799999999798
2019-06-14,1.25902,81726,0.011802400000000102
2019-06-17,1.25327,57906,0.015849599999999908
2019-06-18,1.25571,85683,0.012018799999999885
2019-06-19,1.2643,83618,0.002634000000000025
2019-06-20,1.27032,102819,-0.003755599999999859
2019-06-21,1.27459,92029,-0.007911999999999919
2019-06-24,1.27392,68665,-0.007170799999999922
2019-06-25,1.26884,78102,-0.0021611999999999743
2019-06-26,1.26854,93233,-0.0017624000000000528
2019-06-27,1.26701,85008,-0.00018359999999995047
2019-06-28,1.26958,78478,-0.002817199999999964
2019-07-01,1.26374,78028,0.0028584000000000387
2019-07-02,1.25931,72736,0.007051600000000047
2019-07-03,1.25724,62984,0.008907600000000127
2019-07-04,1.25776,47516,0.00826159999999998
2019-07-05,1.25198,64626,0.013600000000000056
2019-07-08,1.25167,50696,0.013323600000000102
2019-07-09,1.246,56599,0.01803559999999993
2019-07-10,1.25048,77399,0.012850000000000028
2019-07-11,1.2526,76399,0.010067600000000176
2019-07-12,1.25769,73574,0.004335600000000106
2019-07-15,1.25162,51352,0.009726400000000135
2019-07-16,1.24062,65320,0.019460800000000056
2019-07-17,1.24321,62208,0.015845600000000237
2019-07-18,1.25469,71741,0.0038583999999999286
2019-07-19,1.25052,61402,0.007688399999999929
2019-07-22,1.24754,53047,0.010439199999999982
2019-07-23,1.24394,62228,0.013568399999999814
2019-07-24,1.24837,59032,0.008501199999999987
2019-07-25,1.24543,69717,0.010445599999999944
2019-07-26,1.23836,54117,0.016066400000000147
2019-07-29,1.22176,58221,0.03058000000000005
2019-07-30,1.21491,77044,0.03527279999999999
2019-07-31,1.2161,88905,0.03198520000000005
2019-08-01,1.21298,100117,0.032944000000000084
2019-08-02,1.21593,101365,0.027848000000000095
2019-08-05,1.21396,99295,0.02782680000000015
2019-08-06,1.21687,95942,0.023219199999999995
2019-08-07,1.21425,92977,0.024119599999999908
2019-08-08,1.21346,74376,0.02313759999999987
2019-08-09,1.20255,69941,0.032070400000000054
2019-08-12,1.20747,94422,0.025382399999999805
2019-08-13,1.20597,99754,0.025281200000000004
2019-08-14,1.2057,98161,0.023760000000000003
2019-08-15,1.20922,106084,0.0185048000000001
2019-08-16,1.2146,85990,0.01140119999999989
2019-08-19,1.21244,64107,0.01199400000000006
2019-08-20,1.21706,78465,0.006431599999999982
2019-08-21,1.21208,66906,0.010166399999999909
2019-08-22,1.2256,86822,-0.004517199999999999
2019-08-23,1.22836,89752,-0.008163600000000049
2019-08-26,1.2218,107501,-0.002633200000000002
2019-08-27,1.22873,81552,-0.010171600000000058
2019-08-28,1.22101,98794,-0.003546000000000049
2019-08-29,1.2183,81976,-0.0019211999999999563
2019-08-30,1.21622,81407,-0.0007268000000000274
2019-09-02,1.20627,72873,0.008603600000000045
2019-09-03,1.2085,97322,0.006117200000000045
2019-09-04,1.22554,91480,-0.010545199999999921
2019-09-05,1.23298,94866,-0.017185200000000123
2019-09-06,1.22838,77817,-0.012087200000000076
2019-09-09,1.23443,67287,-0.017318399999999956
2019-09-10,1.23573,63499,-0.01786399999999988
2019-09-11,1.23276,59880,-0.01415360000000021
2019-09-12,1.23302,82917,-0.013631200000000065
2019-09-13,1.24977,70578,-0.028492400000000195
2019-09-16,1.24282,64465,-0.020128399999999935
2019-09-17,1.24992,62437,-0.025470399999999893
2019-09-18,1.2469,67114,-0.0208024
2019-09-19,1.25226,70431,-0.02444080000000004
2019-09-20,1.2469,71979,-0.017788799999999938
2019-09-23,1.24337,60459,-0.013021600000000078
2019-09-24,1.24943,63316,-0.017786800000000103
2019-09-25,1.23497,64925,-0.0024111999999998357
2019-09-26,1.23226,62519,0.0005652000000000434
2019-09-27,1.22905,60365,0.003802800000000106
2019-09-30,1.22965,57864,0.0035168000000000976
2019-10-01,1.23038,70880,0.0028527999999998777
2019-10-02,1.22982,67673,0.003765200000000135
2019-10-03,1.23284,79199,0.0013267999999999613
2019-10-04,1.23335,64437,0.0015019999999998923
2019-10-07,1.22886,51544,0.006895600000000002
2019-10-08,1.22195,73907,0.014343599999999901
2019-10-09,1.22035,66757,0.015735999999999972
2019-10-10,1.24411,98657,-0.007578800000000108
2019-10-11,1.26471,117830,-0.026725600000000016
2019-10-14,1.26021,83295,-0.021194399999999947
2019-10-15,1.27837,115140,-0.03764879999999993
2019-10-16,1.28275,118752,-0.04002919999999999
2019-10-17,1.28907,120649,-0.04410720000000001
2019-10-18,1.29614,91654,-0.0493224000000001
2019-10-21,1.29589,84476,-0.046949600000000036
2019-10-22,1.2872,92554,-0.03676839999999992
2019-10-23,1.29118,88838,-0.038977199999999934
2019-10-24,1.2851,78247,-0.03158359999999982
2019-10-25,1.28294,61207,-0.02798199999999995
2019-10-28,1.28533,57737,-0.028693599999999986
2019-10-29,1.28661,70836,-0.028486400000000023
2019-10-30,1.28986,68655,-0.029540799999999923
2019-10-31,1.29419,76132,-0.03139360000000013
2019-11-01,1.29382,68431,-0.028432800000000036
2019-11-04,1.28819,55788,-0.020461199999999957
2019-11-05,1.28827,69052,-0.018225600000000064
2019-11-06,1.2856,54683,-0.013324399999999903
2019-11-07,1.28145,74118,-0.007229999999999848
2019-11-08,1.27801,58610,-0.0020036000000001053
2019-11-11,1.28523,52693,-0.006968800000000108
2019-11-12,1.28447,63970,-0.0037080000000000446
2019-11-13,1.28513,61371,-0.0017768000000002449
2019-11-14,1.28819,57844,-0.0030736000000000097
2019-11-15,1.29025,49106,-0.0041119999999998935
2019-11-18,1.29519,56896,-0.007652800000000237
2019-11-19,1.29266,59849,-0.0045511999999998665
2019-11-20,1.29227,58541,-0.003780399999999906
2019-11-21,1.29067,57442,-0.0021163999999997962
2019-11-22,1.28284,59771,0.005181599999999786
2019-11-25,1.28969,53466,-0.0019164000000000403
2019-11-26,1.2863,55437,0.0014376000000000388
2019-11-27,1.29114,60554,-0.0034039999999997406
2019-11-28,1.29096,55457,-0.0029896000000000367
2019-11-29,1.2932,54929,-0.0048192000000000235
2019-12-02,1.29414,56063,-0.005406800000000045
2019-12-03,1.29922,57553,-0.009982400000000169
2019-12-04,1.31036,65990,-0.020302400000000054
2019-12-05,1.31591,55495,-0.02498359999999966
2019-12-06,1.31376,54961,-0.022035999999999945
2019-12-09,1.31426,53835,-0.0214932000000001
2019-12-10,1.31559,57342,-0.021730399999999817
2019-12-11,1.31953,66250,-0.024313200000000146
2019-12-12,1.31733,89941,-0.020677999999999974
2019-12-13,1.33335,117954,-0.03448439999999997
2019-12-16,1.33338,73777,-0.03258840000000007
2019-12-17,1.31288,85013,-0.010952000000000073
2019-12-18,1.30785,84095,-0.005013199999999829
2019-12-19,1.30057,76428,0.0027620000000001532
2019-12-20,1.29947,61411,0.004230800000000201
2019-12-23,1.29365,64387,0.009989200000000142
2019-12-24,1.29582,49911,0.00794560000000022
2019-12-26,1.29961,41657,0.00444919999999982
2019-12-27,1.3084,66886,-0.003631599999999846
2019-12-30,1.31093,64715,-0.005037999999999876
2019-12-31,1.3252,58043,-0.017887600000000115
2020-01-02,1.31356,76814,-0.005157199999999973
2020-01-03,1.3075,83444,0.0015571999999999253
2020-01-06,1.3168,68227,-0.006709200000000193
2020-01-07,1.31207,74267,-0.0012243999999999033
2020-01-08,1.30961,85025,0.0018544000000002558
2020-01-09,1.30676,73762,0.005006000000000066
2020-01-10,1.30605,63126,0.005543599999999982
2020-01-13,1.2988,62682,0.012109200000000264
2020-01-14,1.30192,83224,0.008515599999999957
2020-01-15,1.3038,64171,0.006217200000000034
2020-01-16,1.30772,63876,0.0019823999999999398
2020-01-17,1.3006,63862,0.008345199999999942
2020-01-20,1.30092,43919,0.007368799999999842
2020-01-21,1.30473,54981,0.0024140000000001383
2020-01-22,1.31402,66023,-0.007650399999999724
2020-01-23,1.31258,53098,-0.006222399999999961
2020-01-24,1.30714,61035,-0.0008108000000002225
2020-01-27,1.30575,52839,0.0007863999999999649
2020-01-28,1.30275,49866,0.003917600000000077
2020-01-29,1.30192,44095,0.005078399999999927
2020-01-30,1.30914,62379,-0.0016088000000000768
2020-01-31,1.32054,62730,-0.01217160000000006
2020-02-03,1.29988,59255,0.008147600000000033
2020-02-04,1.30314,63156,0.0045760000000001355
2020-02-05,1.30006,59852,0.006650400000000056
2020-02-06,1.29276,50150,0.013118400000000197
2020-02-07,1.28856,60397,0.016560800000000153
2020-02-10,1.29138,55857,0.012723999999999736
2020-02-11,1.29533,57866,0.008104399999999679
2020-02-12,1.29565,56536,0.007225999999999955
2020-02-13,1.30405,69711,-0.0012824000000000169
2020-02-14,1.30463,53109,-0.0019191999999998988
2020-02-17,1.3003,42769,0.0024708000000002173
2020-02-18,1.29966,57870,0.003020399999999812
2020-02-19,1.29219,60232,0.01002600000000009
2020-02-20,1.28814,68749,0.013292799999999882
2020-02-21,1.29565,70993,0.005584800000000056
2020-02-24,1.29312,73078,0.007802799999999888
2020-02-25,1.30031,87806,0.00043599999999988093
2020-02-26,1.28953,81693,0.010236399999999923
2020-02-27,1.2885,98746,0.010303200000000068
2020-02-28,1.28148,115837,0.01629680000000011
2020-03-02,1.27532,121543,0.021239599999999914
2020-03-03,1.28145,121423,0.014257600000000092
2020-03-04,1.28727,85426,0.007851599999999959
2020-03-05,1.29521,74855,-0.000645600000000135
2020-03-06,1.3047,121391,-0.010769199999999923
2020-03-09,1.31138,176844,-0.016989200000000038
2020-03-10,1.29135,160793,0.002569199999999938
2020-03-11,1.28186,120130,0.011331199999999875
2020-03-12,1.25614,147542,0.03558639999999991
2020-03-13,1.22729,167825,0.061985600000000085
2020-03-16,1.22731,176122,0.05940279999999998
2020-03-17,1.20521,190930,0.07789800000000002
2020-03-18,1.1628,183234,0.11499400000000004
2020-03-19,1.14801,189310,0.12354240000000005
2020-03-20,1.16422,175837,0.10171600000000014
2020-03-23,1.15433,180202,0.10576719999999984
2020-03-24,1.17562,170965,0.07951559999999991
2020-03-25,1.1882,168952,0.06277600000000017
2020-03-26,1.22007,185910,0.028183199999999964
2020-03-27,1.24578,191272,0.0004783999999997679
2020-03-30,1.24168,135219,0.0025208000000001007
2020-03-31,1.2413,152535,0.0005403999999999964
2020-04-01,1.23657,119832,0.0031520000000000437
2020-04-02,1.23966,117033,-0.0018915999999999933
2020-04-03,1.22703,106368,0.008560399999999913
2020-04-06,1.22314,92380,0.010363200000000239
2020-04-07,1.23387,103013,-0.0022699999999999942
2020-04-08,1.23823,83731,-0.008591600000000144
2020-04-09,1.24632,101803,-0.01863720000000013
2020-04-10,1.24482,29445,-0.019532399999999894
2020-04-13,1.2504,53151,-0.02755160000000001
2020-04-14,1.26246,81167,-0.04076719999999989
2020-04-15,1.25226,82889,-0.03175119999999976
2020-04-16,1.2457,86993,-0.025608800000000098
2020-04-17,1.24934,81849,-0.028366799999999914
2020-04-20,1.2433,66269,-0.02168720000000013
2020-04-21,1.22938,87185,-0.006800399999999929
2020-04-22,1.2334,69080,-0.007996400000000126
2020-04-23,1.23451,88015,-0.005646400000000051
2020-04-24,1.2365,71380,-0.004745199999999894
2020-04-27,1.24312,63250,-0.007813599999999976
2020-04-28,1.24236,70789,-0.0043839999999999435
2020-04-29,1.24702,71884,-0.006691199999999897
2020-04-30,1.25931,91809,-0.01741159999999997
2020-05-01,1.24931,69952,-0.007270399999999899
2020-05-04,1.2442,70753,-0.0020595999999999393
2020-05-05,1.24344,74081,-0.0012140000000000484
2020-05-06,1.23418,68555,0.007950399999999913
2020-05-07,1.23617,78896,0.005820799999999959
2020-05-08,1.24069,57308,0.0018472000000000488
2020-05-11,1.23335,75526,0.009595599999999926
2020-05-12,1.22599,87621,0.0166404
2020-05-13,1.22365,97161,0.018397200000000113
2020-05-14,1.22312,88296,0.017999199999999993
2020-05-15,1.21019,83724,0.029543999999999793
2020-05-18,1.21951,80226,0.018988400000000016
2020-05-19,1.22483,80648,0.012163199999999819
2020-05-20,1.22376,75844,0.012093200000000026
2020-05-21,1.22229,70647,0.012626799999999827
2020-05-22,1.21647,69256,0.017132000000000147
2020-05-25,1.2184,52184,0.014205999999999941
2020-05-26,1.23377,76741,-0.0009884000000000004
2020-05-27,1.22601,99161,0.006475999999999926
2020-05-28,1.23224,92824,0.000155200000000022
2020-05-29,1.23463,111600,-0.0023096000000000227
2020-06-01,1.24887,86007,-0.01631959999999988
2020-06-02,1.25517,91506,-0.022107199999999994
2020-06-03,1.25751,99703,-0.024027599999999927
2020-06-04,1.2596,99517,-0.026105999999999963
2020-06-05,1.26671,100925,-0.032520000000000104
2020-06-08,1.27237,76589,-0.03705320000000012
2020-06-09,1.27276,84312,-0.036270399999999814
2020-06-10,1.27458,106601,-0.03647439999999991
2020-06-11,1.26017,139994,-0.021104400000000023
2020-06-12,1.25415,141586,-0.01454600000000017
2020-06-15,1.26062,132804,-0.019925200000000087
2020-06-16,1.25722,132461,-0.015276000000000067
2020-06-17,1.2555,109787,-0.012282000000000126
2020-06-18,1.24211,111827,0.0018675999999999693
2020-06-19,1.23509,94290,0.009883599999999992
2020-06-22,1.247,83984,-0.0009268000000000054
2020-06-23,1.2521,109961,-0.0049360000000000515
2020-06-24,1.24203,105093,0.005864800000000114
2020-06-25,1.24186,92291,0.006817599999999979
2020-06-26,1.23368,80718,0.015685999999999867
2020-06-29,1.22976,75397,0.020060399999999978
2020-06-30,1.24006,79074,0.010012000000000132
2020-07-01,1.24747,82497,0.00346040000000003
2020-07-02,1.24681,74065,0.0047032000000000185
2020-07-03,1.2483,65117,0.0037599999999999856
2020-07-06,1.24921,69128,0.0028636000000001882
2020-07-07,1.25433,83172,-0.0022899999999999032
2020-07-08,1.26099,78515,-0.008810800000000008
2020-07-09,1.26062,84119,-0.008400000000000185
2020-07-10,1.2623,72278,-0.010256400000000054
2020-07-13,1.25536,69890,-0.003996800000000134
2020-07-14,1.25544,86129,-0.0047695999999999295
2020-07-15,1.25886,80117,-0.008818400000000004
2020-07-16,1.25541,70350,-0.005558799999999975
2020-07-17,1.25665,55068,-0.006698800000000116
2020-07-20,1.26612,72174,-0.015948799999999874
2020-07-21,1.2733,92828,-0.022485599999999994
2020-07-22,1.27352,104613,-0.021984800000000027
2020-07-23,1.27404,107081,-0.021227600000000013
2020-07-24,1.27946,94295,-0.024872800000000028
2020-07-27,1.28796,103227,-0.03173440000000016
2020-07-28,1.2932,103473,-0.03533039999999987
2020-07-29,1.29956,101515,-0.03938920000000001
2020-07-30,1.30945,113127,-0.04657560000000016
2020-07-31,1.30842,140418,-0.04255600000000004
2020-08-03,1.30761,116433,-0.038632
2020-08-04,1.30713,96868,-0.03546919999999987
2020-08-05,1.31137,97721,-0.037153199999999886
2020-08-06,1.31421,121405,-0.03729720000000003
2020-08-07,1.3051,113161,-0.025915199999999805
2020-08-10,1.30731,79305,-0.025801199999999858
2020-08-11,1.30475,105318,-0.021224400000000143
2020-08-12,1.30317,106946,-0.017957200000000118
2020-08-13,1.30672,87895,-0.019663200000000103
2020-08-14,1.30848,82269,-0.019576000000000038
2020-08-17,1.31046,72134,-0.019351999999999814
2020-08-18,1.32386,90081,-0.03001520000000002
2020-08-19,1.30994,105676,-0.014052000000000175
2020-08-20,1.32141,117594,-0.022881999999999847
2020-08-21,1.30893,112267,-0.00831079999999984
2020-08-24,1.30631,83703,-0.004083200000000176
2020-08-25,1.31507,90931,-0.011172399999999971
2020-08-26,1.32108,84070,-0.015280000000000182
2020-08-27,1.31988,126246,-0.01224639999999999
2020-08-28,1.33506,119145,-0.025202399999999958
2020-08-31,1.33661,94368,-0.024806399999999895
2020-09-01,1.33836,123633,-0.02475000000000005
2020-09-02,1.33511,109962,-0.02007800000000004
2020-09-03,1.32809,120824,-0.01231239999999989
2020-09-04,1.32822,117698,-0.01165039999999995
2020-09-07,1.3166,63285,0.00032919999999991845
2020-09-08,1.29814,115052,0.018429599999999935
2020-09-09,1.29994,103303,0.016172400000000087
2020-09-10,1.28098,118975,0.03380319999999992
2020-09-11,1.27956,98242,0.034201600000000054
2020-09-14,1.28455,82723,0.028301200000000026
2020-09-15,1.28888,84994,0.023336400000000035
2020-09-16,1.29674,108670,0.015219199999999988
2020-09-17,1.29732,123367,0.014263200000000031
2020-09-18,1.29161,98716,0.01929840000000027
2020-09-21,1.28162,109392,0.028134800000000126
2020-09-22,1.27366,110322,0.03408679999999986
2020-09-23,1.27263,109603,0.03362440000000011
2020-09-24,1.27442,115284,0.029954799999999837
2020-09-25,1.27432,94055,0.028670399999999985
2020-09-28,1.28318,96030,0.018885200000000157
2020-09-29,1.28528,92001,0.015593599999999874
2020-09-30,1.29044,105680,0.009207999999999883
2020-10-01,1.28869,112949,0.009710399999999897
2020-10-02,1.29347,124306,0.003266800000000014
2020-10-05,1.29824,77132,-0.003038000000000096
2020-10-06,1.28738,96317,0.005782800000000199
2020-10-07,1.29183,91304,-0.000398400000000132
2020-10-08,1.29347,81562,-0.0034231999999998486
2020-10-09,1.30459,75114,-0.015488399999999958
2020-10-12,1.30651,62899,-0.01781200000000016
2020-10-13,1.29346,89569,-0.004949199999999987
2020-10-14,1.30114,88504,-0.01258120000000007
2020-10-15,1.29033,95389,-0.0013971999999999873
2020-10-16,1.29093,95823,-0.0015423999999999438
2020-10-19,1.29495,86643,-0.0051464000000001064
2020-10-20,1.29478,86235,-0.004740399999999978
2020-10-21,1.31469,97836,-0.023932399999999854
2020-10-22,1.30825,88891,-0.017055199999999715
2020-10-23,1.3043,77884,-0.012597599999999876
2020-10-26,1.30234,82818,-0.009808800000000062
2020-10-27,1.3047,69803,-0.010927199999999804
2020-10-28,1.29827,101227,-0.00347160000000013
2020-10-29,1.29283,104556,0.0027047999999998407
2020-10-30,1.29481,101265,0.0015443999999997793
2020-11-02,1.29186,78833,0.0048416000000000015
2020-11-03,1.30635,72056,-0.00880560000000008
2020-11-04,1.29853,169550,-0.0006619999999999404
2020-11-05,1.31509,126620,-0.016166000000000347
2020-11-06,1.31497,117282,-0.015186000000000144
2020-11-09,1.31637,139857,-0.01586080000000023
2020-11-10,1.32739,130087,-0.02528039999999998
2020-11-11,1.32242,96568,-0.01908679999999996
2020-11-12,1.31226,89889,-0.008175199999999938
2020-11-13,1.31996,73945,-0.015260400000000063
2020-11-16,1.32005,79076,-0.014808799999999733
2020-11-17,1.32486,79150,-0.018362800000000012
2020-11-18,1.32672,73523,-0.019199599999999872
2020-11-19,1.32624,81445,-0.017283200000000054
2020-11-20,1.32876,72638,-0.018289999999999917
2020-11-23,1.33236,79508,-0.02039360000000001
2020-11-24,1.33623,80763,-0.022605600000000114
2020-11-25,1.33871,81287,-0.024124800000000057
2020-11-26,1.33558,51114,-0.019901600000000075
2020-11-27,1.33026,67823,-0.0135432000000002
2020-11-30,1.33224,84944,-0.014327200000000095
2020-12-01,1.34225,81574,-0.022835199999999833
2020-12-02,1.3362,90379,-0.01526800000000006
2020-12-03,1.34525,81305,-0.022221200000000163
2020-12-04,1.3436,88573,-0.018619599999999847
2020-12-07,1.33789,90644,-0.011068400000000311
2020-12-08,1.33565,98873,-0.007656399999999897
2020-12-09,1.34061,82369,-0.010933199999999976
2020-12-10,1.32917,95214,0.0010700000000001264
2020-12-11,1.3223,90910,0.008233200000000052
2020-12-14,1.33301,81299,-0.0018112000000001238
2020-12-15,1.34603,91198,-0.014085600000000253
2020-12-16,1.35087,86744,-0.017787600000000126
2020-12-17,1.35844,81136,-0.023510400000000375
2020-12-18,1.35233,73675,-0.016105599999999942
2020-12-21,1.34636,120859,-0.009083200000000069
2020-12-22,1.3363,102205,0.0014343999999999468
2020-12-23,1.34977,103819,-0.011113600000000057
2020-12-24,1.35341,66624,-0.013666799999999979
2020-12-28,1.34576,78126,-0.005336799999999808
2020-12-29,1.35005,87116,-0.008919200000000016
2020-12-30,1.36245,86227,-0.0202703999999998
2020-12-31,1.36589,79081,-0.022623199999999954
2021-01-04,1.3571,103261,-0.012972399999999773
2021-01-05,1.36269,99160,-0.01726519999999976
2021-01-06,1.36071,126148,-0.014146400000000003
2021-01-07,1.3564,102941,-0.009270399999999901
2021-01-08,1.35637,111090,-0.008433600000000041
2021-01-11,1.35086,95747,-0.0026991999999999017
2021-01-12,1.36658,86310,-0.01749999999999985
2021-01-13,1.36354,87857,-0.013433999999999946
2021-01-14,1.3687,97307,-0.017272000000000176
2021-01-15,1.35849,89265,-0.006346799999999764
2021-01-18,1.35848,69706,-0.005164399999999736
2021-01-19,1.3635,76356,-0.00853640000000011
2021-01-20,1.3659,82959,-0.009620799999999763
2021-01-21,1.37335,83730,-0.015978000000000048
2021-01-22,1.36823,74854,-0.010163599999999828
2021-01-25,1.36758,84813,-0.009148000000000156
2021-01-26,1.37359,76934,-0.014307600000000198
2021-01-27,1.3689,98503,-0.008715999999999946
2021-01-28,1.3725,107374,-0.010867999999999878
2021-01-29,1.36993,112730,-0.007491600000000043
2021-02-01,1.36632,96480,-0.003365199999999957
2021-02-02,1.36674,85412,-0.002946000000000115
2021-02-03,1.36427,76347,9.280000000000399e-05
2021-02-04,1.36707,81886,-0.0025224000000001467
2021-02-05,1.37383,73745,-0.008964799999999995
2021-02-08,1.37419,68110,-0.008641200000000016
2021-02-09,1.38133,70985,-0.015035600000000038
2021-02-10,1.38344,71841,-0.01623639999999993
2021-02-11,1.38159,60968,-0.013378799999999913
2021-02-12,1.38514,62724,-0.015777999999999848
2021-02-15,1.39024,55860,-0.019302799999999953
2021-02-16,1.39018,79527,-0.01829879999999995
2021-02-17,1.38642,82693,-0.013623600000000069
2021-02-18,1.39735,85579,-0.023407600000000084
2021-02-19,1.40038,78442,-0.024762000000000173
2021-02-22,1.40617,90354,-0.02864439999999968
2021-02-23,1.41157,80378,-0.03212159999999997
2021-02-24,1.41401,108031,-0.03263719999999992
2021-02-25,1.40092,131768,-0.018444399999999694
2021-02-26,1.3927,157854,-0.009245600000000076
2021-03-01,1.39256,113322,-0.008106399999999736
2021-03-02,1.39544,109598,-0.010112399999999688
2021-03-03,1.39475,108870,-0.008388400000000074
2021-03-04,1.38929,135591,-0.0022568000000000588
2021-03-05,1.3824,135711,0.005131999999999914
2021-03-08,1.3821,126080,0.006063199999999824
2021-03-09,1.3888,113884,0.00024559999999995696
2021-03-10,1.39349,109658,-0.003275599999999823
2021-03-11,1.39923,102889,-0.007729199999999992
2021-03-12,1.39186,103981,0.0003619999999997514
2021-03-15,1.39028,97840,0.0025856000000001877
2021-03-16,1.38933,91512,0.003855599999999848
2021-03-17,1.39632,94129,-0.0026192000000000437
2021-03-18,1.39282,113984,0.0013300000000000534
2021-03-19,1.38648,93197,0.007723600000000053
2021-03-22,1.38638,68620,0.007669200000000043
2021-03-23,1.37532,86571,0.018134799999999673
2021-03-24,1.36814,79658,0.024583599999999928
2021-03-25,1.37322,84132,0.018538399999999733
2021-03-26,1.37894,67955,0.011960799999999994
2021-03-29,1.37611,76512,0.013588400000000167
2021-03-30,1.37404,71902,0.014157200000000314
2021-03-31,1.3783,76789,0.008468799999999721
2021-04-01,1.38335,83580,0.0027159999999997186
2021-04-02,1.38255,70295,0.003110000000000168
2021-04-05,1.39045,45779,-0.0048744000000000565
2021-04-06,1.38243,76303,0.002625199999999772
2021-04-07,1.37382,86088,0.01039800000000013
2021-04-08,1.37348,69741,0.010105600000000159
2021-04-09,1.37042,68972,0.012686399999999987
2021-04-12,1.3744,63581,0.008398399999999917
2021-04-13,1.37506,74767,0.007188799999999995
2021-04-14,1.37758,69228,0.004032399999999825
2021-04-15,1.37794,72402,0.0028208000000002897
2021-04-16,1.38404,73067,-0.0035919999999998176
2021-04-19,1.39855,62928,-0.017771200000000098
2021-04-20,1.39374,49834,-0.012784799999999708
2021-04-21,1.39285,46093,-0.012033600000000089
2021-04-22,1.38399,51119,-0.003526799999999941
2021-04-23,1.38779,45698,-0.007274400000000236
2021-04-26,1.39012,45891,-0.009454800000000096
2021-04-27,1.3908,42153,-0.009515599999999846
2021-04-28,1.39419,50973,-0.011863600000000085
2021-04-29,1.39396,54509,-0.010803999999999814
2021-04-30,1.381,52719,0.002238400000000196
2021-05-03,1.39085,43048,-0.007021999999999862
2021-05-04,1.38858,55918,-0.0041704000000000185
2021-05-05,1.39067,43570,-0.005765599999999926
2021-05-06,1.38923,48206,-0.0040903999999999385
2021-05-07,1.39891,52108,-0.013116000000000128
2021-05-10,1.4116,53995,-0.024960000000000093
2021-05-11,1.41396,55793,-0.02605880000000016
2021-05-12,1.40539,57565,-0.016226000000000074
2021-05-13,1.40488,62925,-0.014459999999999917
2021-05-14,1.40916,53491,-0.01719040000000005
2021-05-17,1.41388,48627,-0.020331199999999994
2021-05-18,1.41885,49794,-0.023549599999999726
2021-05-19,1.41117,68260,-0.014526000000000039
2021-05-20,1.41904,54558,-0.020752000000000104
2021-05-21,1.41495,56106,-0.015425599999999928
2021-05-24,1.41533,54209,-0.015134400000000214
2021-05-25,1.41489,58280,-0.013848400000000094
2021-05-26,1.41167,54776,-0.009875599999999984
2021-05-27,1.41992,61767,-0.016688400000000048
2021-05-28,1.4188,65061,-0.014327999999999896
2021-05-31,1.42062,39278,-0.014928000000000052
2021-06-01,1.41482,62794,-0.00816719999999993
2021-06-02,1.41697,56026,-0.009406000000000247
2021-06-03,1.40999,60103,-0.0017848000000002529
2021-06-04,1.41567,58456,-0.00607800000000025
2021-06-07,1.41763,52430,-0.006966800000000051
2021-06-08,1.41528,51981,-0.0035487999999999076
2021-06-09,1.41135,42775,0.0012083999999998873
2021-06-10,1.41763,61018,-0.003935599999999928
2021-06-11,1.41074,54598,0.003427599999999975
2021-06-14,1.4106,52010,0.003527600000000186
2021-06-15,1.40835,50903,0.005553200000000036
2021-06-16,1.39838,61439,0.0152428
2021-06-17,1.3926,74141,0.020531599999999983
2021-06-18,1.37932,77440,0.032618000000000036
2021-06-21,1.39339,72365,0.0177284000000002
2021-06-22,1.39484,64659,0.01531799999999972
2021-06-23,1.39608,60053,0.01347440000000022
2021-06-24,1.39211,61427,0.016367199999999915
2021-06-25,1.38782,57987,0.019572000000000145
2021-06-28,1.38794,55205,0.018356400000000272
2021-06-29,1.38416,55113,0.020907199999999904
2021-06-30,1.38324,63045,0.020689999999999875
2021-07-01,1.37623,58456,0.025952399999999765
2021-07-02,1.38327,64281,0.01749120000000004
2021-07-05,1.384,40027,0.01529640000000021
2021-07-06,1.37947,66642,0.018412400000000106
2021-07-07,1.37986,68412,0.01653799999999994
2021-07-08,1.37896,72193,0.016196800000000122
2021-07-09,1.38984,67859,0.004283600000000165
2021-07-12,1.38803,56104,0.0049095999999999584
2021-07-13,1.38105,60105,0.010520399999999874
2021-07-14,1.38575,64415,0.004796400000000034
2021-07-15,1.38244,67411,0.006698800000000116
2021-07-16,1.37643,57935,0.011336399999999802
2021-07-19,1.36756,78090,0.018484799999999746
2021-07-20,1.36284,70223,0.02138439999999986
2021-07-21,1.37085,63332,0.012273200000000095
2021-07-22,1.37677,59485,0.005719999999999947
2021-07-23,1.37475,55829,0.007557200000000375
2021-07-26,1.38186,58349,-1.4000000000180535e-05
2021-07-27,1.38777,56204,-0.006206799999999735
2021-07-28,1.38993,54137,-0.008612800000000087
2021-07-29,1.39612,40844,-0.014642400000000055
2021-07-30,1.39009,43768,-0.008521600000000129
2021-08-02,1.38867,42000,-0.007072400000000201
2021-08-03,1.39136,42771,-0.009474399999999772
2021-08-04,1.38881,42138,-0.006701599999999974
2021-08-05,1.3928,42824,-0.010028799999999727
2021-08-06,1.3873,36182,-0.004367599999999916
2021-08-09,1.38459,39332,-0.0016339999999999133
2021-08-10,1.38382,31945,-0.0006899999999998574
2021-08-11,1.38643,35783,-0.003037200000000073
2021-08-12,1.38072,33014,0.0027432000000002787
2021-08-13,1.38696,28342,-0.0036119999999999486
2021-08-16,1.38408,31617,-0.0008899999999998354
2021-08-17,1.37361,40575,0.009282400000000024
2021-08-18,1.37518,34764,0.007289600000000007
2021-08-19,1.3631,45392,0.018596000000000057
2021-08-20,1.36226,38087,0.01886919999999992
2021-08-23,1.37217,36128,0.00914360000000003
2021-08-24,1.37261,30273,0.009094399999999947
2021-08-25,1.37637,34566,0.005555199999999871
2021-08-26,1.36991,41173,0.011740800000000107
2021-08-27,1.37609,47337,0.005614400000000019
2021-08-30,1.37566,30665,0.005796400000000146
2021-08-31,1.37547,45785,0.005494400000000121
2021-09-01,1.3769,41048,0.0035431999999999686
2021-09-02,1.38327,36462,-0.0033407999999999216
2021-09-03,1.38548,40566,-0.00573519999999994
2021-09-06,1.38348,30157,-0.003942799999999913
2021-09-07,1.37828,46443,0.0007340000000000124
2021-09-08,1.37699,46853,0.0015511999999999748
2021-09-09,1.38362,50205,-0.005446000000000062
2021-09-10,1.38292,42750,-0.004921199999999848
2021-09-13,1.38423,45825,-0.006245600000000184
2021-09-14,1.38085,48332,-0.002984400000000109
2021-09-15,1.38381,47039,-0.006049199999999866
2021-09-16,1.37879,45206,-0.001106400000000285
2021-09-17,1.3729,45520,0.004221199999999925
2021-09-20,1.36512,45769,0.011242799999999997
2021-09-21,1.36596,52324,0.010096799999999906
2021-09-22,1.3616,57674,0.01391359999999997
2021-09-23,1.37196,57945,0.003908000000000023
2021-09-24,1.36672,47324,0.009326400000000179
2021-09-27,1.36962,50950,0.006324399999999786
2021-09-28,1.3534,60395,0.021776000000000018
2021-09-29,1.34253,66027,0.03129240000000033
2021-09-30,1.34747,57616,0.02545479999999989
2021-10-01,1.35456,70487,0.017503599999999953
2021-10-04,1.36076,56311,0.010707599999999928
2021-10-05,1.36255,55887,0.008400799999999986
2021-10-06,1.35819,66662,0.012012399999999923
2021-10-07,1.36124,49823,0.0080811999999999
2021-10-08,1.36169,51108,0.006679600000000008
2021-10-11,1.35942,45948,0.007987200000000083
2021-10-12,1.35851,56711,0.008106399999999958
2021-10-13,1.36607,57584,0.00010959999999982095
2021-10-14,1.36745,47613,-0.0019172000000000633
2021-10-15,1.37458,47646,-0.009380799999999745
2021-10-18,1.37282,46051,-0.008077200000000007
2021-10-19,1.37908,45529,-0.014407999999999976
2021-10-20,1.38233,46668,-0.0177172000000001
2021-10-21,1.37929,47359,-0.014657199999999593
2021-10-22,1.37558,56617,-0.010839999999999739
2021-10-25,1.37643,56319,-0.01123760000000007
2021-10-26,1.3764,54018,-0.010790000000000077
2021-10-27,1.37385,61586,-0.007749999999999924
2021-10-28,1.37946,69761,-0.013060000000000072
2021-10-29,1.36938,63860,-0.0028736000000002537
2021-11-01,1.36641,55449,-3.199999999980996e-05
2021-11-02,1.3616,53429,0.005106000000000055
2021-11-03,1.36853,59415,-0.0007840000000001179
2021-11-04,1.35009,56728,0.017760800000000243
2021-11-05,1.34953,54919,0.018119600000000124
2021-11-08,1.35662,48554,0.010863999999999763
2021-11-09,1.35566,54742,0.011548399999999681
2021-11-10,1.34024,64907,0.026250399999999674
2021-11-11,1.33658,46019,0.028924000000000172
2021-11-12,1.3413,44209,0.023388399999999976
2021-11-15,1.34119,46172,0.022769199999999712
2021-11-16,1.34283,57873,0.020501999999999798
2021-11-17,1.34923,60145,0.013428400000000229
2021-11-18,1.34996,50978,0.011998799999999754
2021-11-19,1.34434,60876,0.01640919999999979
2021-11-22,1.3395,68675,0.019916400000000056
2021-11-23,1.33786,63583,0.019907599999999803
2021-11-24,1.33279,65125,0.022996000000000016
2021-11-25,1.3321,46992,0.021798399999999774
2021-11-26,1.33322,76300,0.018983999999999668
2021-11-29,1.33135,51128,0.019050799999999812
2021-11-30,1.33016,81802,0.01839119999999994
2021-12-01,1.32722,78138,0.019465999999999983
2021-12-02,1.32994,49166,0.014765200000000256
2021-12-03,1.32304,73086,0.01981160000000015
2021-12-06,1.3264,59179,0.014851200000000064
2021-12-07,1.32421,53289,0.015545599999999826
2021-12-08,1.32021,64259,0.017612799999999762
2021-12-09,1.32185,53075,0.014843200000000056
2021-12-10,1.32629,51095,0.009473600000000193
2021-12-13,1.32117,44982,0.013175600000000065
2021-12-14,1.32273,41614,0.010298400000000152
2021-12-15,1.32589,53010,0.006564400000000026
2021-12-16,1.33226,67008,2.159999999995499e-05
2021-12-17,1.32343,53084,0.008136799999999944
2021-12-20,1.32093,52918,0.009826399999999902
2021-12-21,1.32691,43154,0.0032095999999999236
2021-12-22,1.33492,43393,-0.005372799999999955
2021-12-23,1.34112,35905,-0.011926399999999893
2021-12-24,1.3392,50070,-0.01021200000000011
2021-12-27,1.34429,24698,-0.015110399999999968
2021-12-28,1.3429,24594,-0.013518799999999942
2021-12-29,1.3487,31103,-0.0186824000000001
2021-12-30,1.35023,32720,-0.01948720000000015
2021-12-31,1.35417,32026,-0.022589199999999865
2022-01-03,1.34772,36983,-0.015484399999999843
2022-01-04,1.35282,44137,-0.019677999999999862
2022-01-05,1.35556,44731,-0.021284400000000092
2022-01-06,1.35345,50532,-0.018234000000000083
2022-01-07,1.35917,43130,-0.022508799999999995
2022-01-10,1.35751,46142,-0.019604399999999966
2022-01-11,1.36334,49234,-0.023869200000000035
2022-01-12,1.37002,45789,-0.02855680000000005
2022-01-13,1.37021,47280,-0.026812399999999847
2022-01-14,1.3683,53597,-0.023222000000000076
2022-01-17,1.36449,37548,-0.017679199999999895
2022-01-18,1.35977,67246,-0.011477599999999866
2022-01-19,1.36122,61272,-0.011514400000000258
2022-01-20,1.35984,59679,-0.009031199999999906
2022-01-21,1.3553,65529,-0.003216399999999897
2022-01-24,1.34898,70715,0.0042255999999998295
2022-01-25,1.35001,68370,0.004119600000000112
2022-01-26,1.34648,67134,0.008112000000000119
2022-01-27,1.3381,73069,0.01637120000000003
2022-01-28,1.3395,67715,0.014983200000000085
2022-01-31,1.34448,61453,0.010010800000000097
2022-02-01,1.3524,55110,0.0024708000000002173
2022-02-02,1.35761,48066,-0.002382799999999685
2022-02-03,1.35987,67183,-0.004257200000000072
2022-02-04,1.35272,68504,0.0028348000000002482
2022-02-07,1.35355,59497,0.0022379999999999622
2022-02-08,1.35478,48138,0.0010863999999997098
2022-02-09,1.35343,40776,0.0023512000000001088
2022-02-10,1.35614,70440,-0.000251200000000118
2022-02-11,1.35595,84142,-0.0001900000000001345
2022-02-14,1.35326,77666,0.0023300000000001653
2022-02-15,1.35402,65561,0.0011972000000002314
2022-02-16,1.35794,62072,-0.003206000000000042
2022-02-17,1.36142,71930,-0.00703760000000031
2022-02-18,1.3595,63873,-0.005469599999999852
2022-02-21,1.36,51090,-0.006149200000000299
2022-02-22,1.35856,72106,-0.0047576000000000285
2022-02-23,1.35471,59897,-0.0011679999999998358
2022-02-24,1.33768,118934,0.014975599999999867
2022-02-25,1.34089,74161,0.01118920000000001
2022-02-28,1.34196,86037,0.009838400000000025
2022-03-01,1.33241,71702,0.018684399999999934
2022-03-02,1.34045,79722,0.010403200000000279
2022-03-03,1.33487,69091,0.015853999999999813
2022-03-04,1.32308,79233,0.02698719999999999
2022-03-07,1.31031,102075,0.03839040000000016
2022-03-08,1.30995,98270,0.037052399999999874
2022-03-09,1.31866,71113,0.02678439999999993
2022-03-10,1.30836,72280,0.035024000000000166
2022-03-11,1.30359,73891,0.037828799999999774
2022-03-14,1.30007,65267,0.039209599999999734
2022-03-15,1.30421,73343,0.03304679999999993
2022-03-16,1.31474,76637,0.02096919999999991
2022-03-17,1.31493,67609,0.019130800000000114
2022-03-18,1.31795,58269,0.014590799999999904
2022-03-21,1.31677,58415,0.014311199999999857
2022-03-22,1.32624,70357,0.003730000000000011
2022-03-23,1.32053,59116,0.007943600000000162
2022-03-24,1.31869,69877,0.008074399999999926
2022-03-25,1.31817,62050,0.006941199999999981
2022-03-28,1.30934,72717,0.013744800000000001
2022-03-29,1.30937,85911,0.011747200000000069
2022-03-30,1.31352,77063,0.00594960000000011
2022-03-31,1.3143,77989,0.0042344000000000825
2022-04-01,1.31135,63644,0.006002800000000086
2022-04-04,1.31151,55113,0.0046248000000002065
2022-04-05,1.3072,55703,0.007926400000000111
2022-04-06,1.30684,73982,0.006942000000000004
2022-04-07,1.30739,66314,0.005292800000000097
2022-04-08,1.3036,57389,0.008303599999999856
2022-04-11,1.30282,66159,0.008783999999999903
2022-04-12,1.30011,72424,0.0111003999999999
2022-04-13,1.31161,62901,-0.0006816000000000599
2022-04-14,1.30794,63881,0.002971599999999963
2022-04-15,1.30569,77619,0.005305600000000021
2022-04-18,1.30108,45069,0.009956000000000076
2022-04-19,1.29989,70625,0.010973200000000016
2022-04-20,1.30679,68461,0.0037552000000000696
2022-04-21,1.3027,71420,0.00735600000000014
2022-04-22,1.28369,74280,0.024995600000000007
2022-04-25,1.27414,86850,0.03284039999999977
2022-04-26,1.25749,83654,0.04674040000000024
2022-04-27,1.25455,76540,0.047041200000000005
2022-04-28,1.24536,86905,0.05329800000000007
2022-04-29,1.25708,72038,0.039134400000000014
2022-05-02,1.24918,67818,0.04462799999999989
2022-05-03,1.2495,72812,0.041913199999999984
2022-05-04,1.26355,75765,0.02586440000000012
2022-05-05,1.23578,93436,0.05049360000000003
2022-05-06,1.23361,109772,0.0495540000000001
2022-05-09,1.23294,94642,0.04708120000000027
2022-05-10,1.23159,99625,0.04540680000000008
2022-05-11,1.2247,98275,0.04901120000000003
2022-05-12,1.21948,112615,0.05071480000000017
2022-05-13,1.22606,76250,0.041033200000000214
2022-05-16,1.232,73369,0.03226039999999997
2022-05-17,1.24928,82155,0.012947200000000159
2022-05-18,1.23418,76131,0.024949999999999806
2022-05-19,1.2471,104250,0.00959639999999995
2022-05-20,1.2494,85547,0.005044799999999849
2022-05-23,1.2587,75244,-0.005950399999999911
2022-05-24,1.25346,78704,-0.0025676000000001142
2022-05-25,1.25768,81668,-0.008751999999999871
2022-05-26,1.26081,72352,-0.013557599999999947
2022-05-27,1.26316,72683,-0.016728799999999877
2022-05-30,1.26503,57533,-0.01896320000000018
2022-05-31,1.2602,91786,-0.01402480000000006
2022-06-01,1.24836,80926,-0.0024324000000000012
2022-06-02,1.25748,66369,-0.011067599999999844
2022-06-03,1.24872,67711,-0.002642000000000033
2022-06-06,1.25297,69268,-0.006740399999999758
2022-06-07,1.25892,84552,-0.012313599999999925
2022-06-08,1.25358,87165,-0.007372399999999946
2022-06-09,1.24956,101614,-0.0028012000000001702
2022-06-10,1.23132,101069,0.015347200000000116
2022-06-13,1.21323,124212,0.03264880000000003
2022-06-14,1.1997,126913,0.04490320000000003
2022-06-15,1.21731,127609,0.026997600000000066
2022-06-16,1.23518,140981,0.009755600000000086
2022-06-17,1.22155,123808,0.023205200000000037
2022-06-20,1.22476,98798,0.01970559999999999
2022-06-21,1.22791,102105,0.015700799999999848
2022-06-22,1.22621,118600,0.01708200000000004
2022-06-23,1.2261,129983,0.016351999999999922
2022-06-24,1.22733,108207,0.014239200000000007
2022-06-27,1.22664,100747,0.01364680000000007
2022-06-28,1.21836,104185,0.020522799999999952
2022-06-29,1.2121,117395,0.02495960000000008
2022-06-30,1.21787,107406,0.017471999999999932
2022-07-01,1.20914,103112,0.024041199999999874
2022-07-04,1.21019,77052,0.02079759999999986
2022-07-05,1.19552,118880,0.03288040000000003
2022-07-06,1.19211,133385,0.03404039999999986
2022-07-07,1.20234,117193,0.02160479999999998
2022-07-08,1.20317,116834,0.01895279999999988
2022-07-11,1.1891,105459,0.03046799999999994
2022-07-12,1.18882,115708,0.02794399999999997
2022-07-13,1.18897,120357,0.025209599999999943
2022-07-14,1.18244,129879,0.029054799999999936
2022-07-15,1.18678,107418,0.02293320000000021
2022-07-18,1.19497,98539,0.014012799999999936
2022-07-19,1.19974,87283,0.009244400000000041
2022-07-20,1.19788,83617,0.01032719999999987
2022-07-21,1.19998,94649,0.006819199999999803
2022-07-22,1.20051,96194,0.005447600000000108
2022-07-25,1.20461,84242,0.0005416000000000309
2022-07-26,1.20263,80218,0.0015104000000001339
2022-07-27,1.21552,84665,-0.011807200000000018
2022-07-28,1.21774,96025,-0.014361599999999974
2022-07-29,1.21803,96677,-0.015023599999999915
2022-08-01,1.22537,82487,-0.022414400000000168
2022-08-02,1.21619,103296,-0.013321200000000033
2022-08-03,1.21468,92836,-0.011708000000000052
2022-08-04,1.21583,82369,-0.01293959999999994
2022-08-05,1.20704,82749,-0.0042335999999998375
2022-08-08,1.20771,68512,-0.005002800000000196
2022-08-09,1.20749,65538,-0.0043039999999998635
2022-08-10,1.22138,77034,-0.017023199999999905
2022-08-11,1.22,82092,-0.014936800000000083
2022-08-12,1.2136,75333,-0.008119600000000116
2022-08-15,1.20539,65348,0.0007420000000000204
2022-08-16,1.20972,71572,-0.0027519999999998657
2022-08-17,1.20486,88199,0.002743600000000068
2022-08-18,1.19318,89094,0.014853200000000122
2022-08-19,1.18296,82931,0.024920399999999843
2022-08-22,1.17651,76691,0.030632000000000215
2022-08-23,1.18309,91295,0.023385999999999907
2022-08-24,1.17919,84612,0.026538399999999962
2022-08-25,1.18349,86783,0.02157880000000012
2022-08-26,1.17389,91555,0.030113999999999974
2022-08-29,1.17058,85799,0.03206280000000006
2022-08-30,1.1654,106055,0.03575360000000005
2022-08-31,1.16226,102637,0.036763199999999996
2022-09-01,1.15441,102897,0.04208000000000012
2022-09-02,1.15128,96436,0.0425399999999998
2022-09-05,1.15219,77488,0.03870280000000004
2022-09-06,1.15202,115140,0.03630599999999995
2022-09-07,1.15364,110009,0.03224439999999995
2022-09-08,1.15025,118399,0.03301120000000002
2022-09-09,1.15886,100807,0.022473999999999883
2022-09-12,1.16825,93404,0.011505600000000005
2022-09-13,1.14924,95948,0.028185600000000033
2022-09-14,1.15402,109650,0.02071119999999982
2022-09-15,1.1466,85981,0.025195199999999973
2022-09-16,1.14228,95563,0.026662399999999975
2022-09-19,1.14338,63819,0.023082000000000047
2022-09-20,1.13811,85640,0.025487599999999944
2022-09-21,1.12663,104410,0.033838400000000046
2022-09-22,1.12527,116031,0.03248200000000012
2022-09-23,1.08481,112925,0.06901599999999997
2022-09-26,1.06855,168789,0.08095759999999985
2022-09-27,1.07328,132270,0.07183519999999999
2022-09-28,1.08888,147077,0.05262279999999997
2022-09-29,1.11161,133007,0.027017599999999975
2022-09-30,1.11614,136116,0.020177600000000018
2022-10-03,1.13206,112012,0.0027167999999999637
2022-10-04,1.14753,124854,-0.013468000000000035
2022-10-05,1.13296,118540,-7.00000000000145e-05
2022-10-06,1.11575,130060,0.015593600000000096
2022-10-07,1.10929,119112,0.020373999999999892
2022-10-10,1.10553,106916,0.022267600000000165
2022-10-11,1.0967,127678,0.028884799999999933
2022-10-12,1.10994,131465,0.013896800000000153
2022-10-13,1.13209,126109,-0.008979599999999976
2022-10-14,1.11788,135337,0.0035912000000000166
2022-10-17,1.13612,121984,-0.015934000000000115
2022-10-18,1.13197,129827,-0.012474799999999897
2022-10-19,1.12171,117609,-0.0035071999999998216
2022-10-20,1.12372,142116,-0.006432400000000005
2022-10-21,1.12946,145079,-0.012685199999999952
2022-10-24,1.12794,141345,-0.011782799999999982
2022-10-25,1.14688,121694,-0.030371999999999844
2022-10-26,1.163,133529,-0.04503720000000011
2022-10-27,1.1561,141125,-0.03690400000000005
2022-10-28,1.1612,125795,-0.038948399999999994
2022-10-31,1.14657,105674,-0.02119760000000004
2022-11-01,1.14814,113607,-0.019773199999999935
2022-11-02,1.13895,124175,-0.008580400000000044
2022-11-03,1.11574,118138,0.014794799999999997
2022-11-04,1.13729,134000,-0.005909200000000059
2022-11-07,1.1513,115833,-0.01914959999999999
2022-11-08,1.15439,105039,-0.02196520000000013
2022-11-09,1.13575,130176,-0.0032136000000000386
2022-11-10,1.17126,139367,-0.03650320000000007
2022-11-11,1.18328,142140,-0.04556360000000015
2022-11-14,1.17572,130140,-0.035196000000000005
2022-11-15,1.18658,140552,-0.042460799999999965
2022-11-16,1.19143,133191,-0.04405119999999996
2022-11-17,1.1864,125907,-0.036848800000000015
2022-11-18,1.18814,111098,-0.0357784000000001
2022-11-21,1.18231,115572,-0.028100800000000037
2022-11-22,1.18846,108692,-0.03199120000000022
2022-11-23,1.20539,107170,-0.045574
2022-11-24,1.21133,95976,-0.048009599999999875
2022-11-25,1.20911,104103,-0.04260359999999985
2022-11-28,1.19518,120109,-0.025983999999999785
2022-11-29,1.19527,128291,-0.024138400000000226
2022-11-30,1.20568,122383,-0.032841200000000015
2022-12-01,1.22552,123704,-0.04990439999999996
2022-12-02,1.22914,107346,-0.05080679999999993
2022-12-05,1.21946,118367,-0.03821120000000011
2022-12-06,1.21331,110814,-0.02945439999999988
2022-12-07,1.22094,118068,-0.03380479999999997
2022-12-08,1.2236,105353,-0.03215039999999991
2022-12-09,1.22634,113346,-0.031328400000000034
2022-12-12,1.2265,99794,-0.028480400000000072
2022-12-13,1.23651,122191,-0.03520560000000006
2022-12-14,1.24274,125565,-0.03715599999999997
2022-12-15,1.21783,125443,-0.010383199999999926
2022-12-16,1.21432,118128,-0.00563160000000007
2022-12-19,1.21454,94783,-0.004298799999999936
2022-12-20,1.21843,134683,-0.006914799999999888
2022-12-21,1.20825,105385,0.003937999999999997
2022-12-22,1.20397,105676,0.008920800000000062
2022-12-23,1.20517,97234,0.00840200000000002
2022-12-27,1.20287,86581,0.01152439999999988
2022-12-28,1.20187,92153,0.013060799999999873
2022-12-29,1.20547,78291,0.009463999999999917
2022-12-30,1.20808,92403,0.006723999999999952
2023-01-02,1.20457,18265,0.010052399999999961
2023-01-03,1.19674,111909,0.017944799999999983
2023-01-04,1.20565,116255,0.009449999999999958
2023-01-05,1.19111,114058,0.023407200000000072
2023-01-06,1.2092,116391,0.004664400000000013
2023-01-09,1.2185,113278,-0.005061199999999877
2023-01-10,1.21514,111766,-0.0018740000000001533
2023-01-11,1.21481,95275,-0.0014840000000000408
2023-01-12,1.22121,120675,-0.007873199999999914
2023-01-13,1.22333,109012,-0.010004000000000124
2023-01-16,1.21962,77308,-0.006562799999999758
2023-01-17,1.22884,104596,-0.01568919999999996
2023-01-18,1.23442,119338,-0.02135280000000006
2023-01-19,1.23912,100599,-0.026197600000000154
2023-01-20,1.2399,87142,-0.026094799999999863
2023-01-23,1.23784,85044,-0.02309400000000017
2023-01-24,1.23393,83241,-0.01840839999999999
2023-01-25,1.2401,84179,-0.023711600000000166
2023-01-26,1.24114,79906,-0.023436000000000012
2023-01-27,1.23983,71027,-0.02069159999999992
2023-01-30,1.23505,83841,-0.014716399999999963
2023-01-31,1.23182,79062,-0.010328399999999904
2023-02-01,1.23724,85774,-0.014333599999999835
2023-02-02,1.22236,103616,0.0012220000000000564
2023-02-03,1.20532,96007,0.018151600000000156
2023-02-06,1.20215,86304,0.021224799999999933
2023-02-07,1.20482,95835,0.01887799999999995
2023-02-08,1.20713,78256,0.016627200000000064
2023-02-09,1.21181,83406,0.012775200000000098
2023-02-10,1.20544,86026,0.01899479999999998
