Time,Close,Volume,diferencia_media_30
2018-06-22,0.6134490830773043,0.7595347628448587,0.659469553163875
2018-06-25,0.6134041592432826,0.7055656114786463,0.5882812568976635
2018-06-26,0.6132974136544647,0.8044125491841024,0.6527727501478877
2018-06-27,0.6131290817429651,0.840290157708283,0.765801718125072
2018-06-28,0.6128993989409146,0.8647921615472646,0.7371559997527893
2018-06-29,0.6126086006804279,0.9510051110432273,0.5791255749891845
2018-07-02,0.612256922393632,0.5949828796009647,0.6339846198670368
2018-07-03,0.6118445995126418,0.5991774913486133,0.6017101789640027
2018-07-04,0.6113718674695807,0.4703254015656845,0.6032464264587745
2018-07-05,0.6108389616965653,0.6370885746982843,0.5548634593821454
2018-07-06,0.6102461176257172,0.5644944353003934,0.49128135401675926
2018-07-09,0.6095935706891638,0.5117791080978803,0.4874407352798356
2018-07-10,0.6088815563190124,0.49565720903300525,0.5038759347712882
2018-07-11,0.6081103099473975,0.7031035567572004,0.5973089181815754
2018-07-12,0.6072800670064353,0.5617223440584692,0.602138385880649
2018-07-13,0.6063910629282443,0.5269207446347725,0.5819729302596622
2018-07-16,0.6054435331449426,0.4853895289724569,0.5496720023308583
2018-07-17,0.6044377130886627,0.5777165810266768,0.6133865428251077
2018-07-18,0.6033738381915121,0.5549106593291356,0.6357724941066355
2018-07-19,0.6022521438856181,0.8158884598023973,0.6257118388176203
2018-07-20,0.6010728656031006,0.9162217490619116,0.5188499333409852
2018-07-23,0.5998362387760796,0.4767905748897775,0.5541659677034855
2018-07-24,0.5985424988366734,0.5173278499423241,0.5643678871299529
2018-07-25,0.5971918829695326,0.5716161565502054,0.4994437724587894
2018-07-26,0.5957846248542467,0.5691039488622116,0.6162118255741057
2018-07-27,0.5943209441502262,0.46033128314085237,0.599092377916884
2018-07-30,0.592801201069296,0.32781346743932627,0.5400748699928481
2018-07-31,0.5912259920635261,0.49934117239398346,0.5646062703619037
2018-08-01,0.5895960541373952,0.45501506868676733,0.6072945268975746
2018-08-02,0.5879121102751999,0.4342243843723357,0.7064884384132502
2018-08-03,0.5861748799561877,0.4952559853006214,0.7263448787335689
2018-08-06,0.5843850844121299,0.30901978306562283,0.7382419678094351
2018-08-07,0.5825434448747941,0.3370142571205814,0.6753926701570675
2018-08-08,0.5806506825759588,0.3237328397065595,0.6631291772246891
2018-08-09,0.5787075187473913,0.38435865754186627,0.7705605537554227
2018-08-10,0.5767146746208596,0.9405778533618444,0.9143983472095925
2018-08-13,0.5746728714281346,0.7877024926024374,0.9042803033647331
2018-08-14,0.5725828304009895,0.6283710772401279,0.9778833334804828
2018-08-15,0.5704452727711935,0.6217691230981767,0.9609846110380252
2018-08-16,0.5682609197705162,0.6857141554468401,0.9065184570424577
2018-08-17,0.5660304967614547,0.5400790593127219,0.8101807298058517
2018-08-20,0.5637547208450542,0.42472267689179266,0.7395928061238014
2018-08-21,0.5614342760765876,0.6368013349807823,0.6155187483997417
2018-08-22,0.5590701761015868,0.5377993790150869,0.5784369123191165
2018-08-23,0.5566639947743308,0.513224425406581,0.6448310569206188
2018-08-24,0.5542176507824195,0.5391899839966443,0.5368213803272037
2018-08-27,0.551732893935112,0.29385990908634974,0.4601502697262151
2018-08-28,0.5492112374731075,0.36297981571064475,0.4405542851593237
2018-08-29,0.5466540629352554,0.4057329400124926,0.4269576119297569
2018-08-30,0.5440627654097945,0.39494093348348824,0.48024950778276887
2018-08-31,0.5414387433723196,0.4340921629150728,0.556346732825369
2018-09-03,0.538783393604735,0.21729000724938333,0.5384944774551288
2018-09-04,0.5360981128889524,0.36387800974791296,0.5796818025303953
2018-09-05,0.533384298006883,0.4151616977235112,0.5123032234710388
2018-09-06,0.5306433457404403,0.4051265450533217,0.5195518395239409
2018-09-07,0.5278766528715391,0.41775597390221997,0.6099962035263071
2018-09-10,0.5250856161820856,0.26926671803546265,0.5489833396607904
2018-09-11,0.5222716324539931,0.2937185689078964,0.531991912628133
2018-09-12,0.5194360984691748,0.3468032043186263,0.501761387213832
2018-09-13,0.5165804110095387,0.3336585677224626,0.42154101515940984
2018-09-14,0.5137059662228403,0.26872871348522087,0.5147002993033934
2018-09-17,0.510814161525154,0.23547273730332055,0.43889884604857654
2018-09-18,0.5079063994058028,0.3962266731713544,0.4649311778780365
2018-09-19,0.5049840314946756,0.3323819467557869,0.4584683435897011
2018-09-20,0.5020483239371973,0.4083500129941777,0.33152044356939114
2018-09-21,0.49910049201934115,0.3497622293449566,0.3777270600284298
2018-09-24,0.4961417561003554,0.2887032722530992,0.4029294650503697
2018-09-25,0.4931733378077876,0.3256340930747872,0.3949877718231037
2018-09-26,0.4901964581350384,0.39654126905242804,0.44658891253101274
2018-09-27,0.48721233807550846,0.4733072233949911,0.5890273081235727
2018-09-28,0.4842221986225894,0.4049076957447487,0.6480448160476057
2018-10-01,0.48122726076968547,0.33840030274154353,0.6843011398250067
2018-10-02,0.47822874551018657,0.39817807950613004,0.7258504542524895
2018-10-03,0.47522787383749154,0.484564284704713,0.8105603771752488
2018-10-04,0.4722258667450028,0.4491380528794642,0.7621729955943236
2018-10-05,0.4692239452261173,0.4339371446548336,0.7511543928732239
2018-10-08,0.4662233302742287,0.27795685933004755,0.7793233447816139
2018-10-09,0.4632252428827375,0.4438036009829981,0.7692185444496423
2018-10-10,0.4602309040450372,0.4081904353733432,0.7265965054784016
2018-10-11,0.457241534754532,0.6553214577187695,0.623742969901909
2018-10-12,0.45425835600461184,0.41141390331419925,0.6690181259546389
2018-10-15,0.45128258878867733,0.35387477260189026,0.6395115792447674
2018-10-16,0.4483154541001273,0.3483761837239945,0.6454799890520293
2018-10-17,0.44535817293236235,0.41430909729219567,0.7372133883086276
2018-10-18,0.44241196627877066,0.44837663966005403,0.7944739235231275
2018-10-19,0.43947805513275817,0.4293458685353966,0.7088457837069472
2018-10-22,0.4365576604877148,0.3561635716207159,0.7694480986730012
2018-10-23,0.43365200333704657,0.44968973551149183,0.7557057468016923
2018-10-24,0.43076230467414867,0.46103798403311924,0.8485471866364132
2018-10-25,0.4278897854924164,0.4621094337730077,0.8598439031281152
2018-10-26,0.42503566678524507,0.49880772720433686,0.8118714849509545
2018-10-29,0.42220116954603704,0.40256418439877995,0.8374756098637681
2018-10-30,0.4193875147681858,0.35728061496655705,0.8598483176324111
2018-10-31,0.41659592344508845,0.3992632073278043,0.8855583906483182
2018-11-01,0.4138276165701491,0.4378673134879565,0.743208285141662
2018-11-02,0.4110838151367613,0.4708862029189027,0.7562619743429001
2018-11-05,0.40836574013832205,0.34229399668990423,0.7137635414919278
2018-11-06,0.4056746125682267,0.337716398652253,0.6734723607886056
2018-11-07,0.4030116534198722,0.5957534115415654,0.6610234586758247
2018-11-08,0.40037808368666283,0.43623962175544506,0.730463611241092
2018-11-09,0.3977751243619938,0.40832721619120127,0.7575554241014281
2018-11-12,0.3952039964392604,0.403612837335692,0.8965637498565301
2018-11-13,0.39266592091185615,0.46406995882897384,0.7880773067992164
2018-11-14,0.3901621173390115,0.5449302189860894,0.7559838605722947
2018-11-15,0.38769380814829724,0.5784779942460869,0.7200674536256332
2018-11-16,0.3852622272406645,0.4358475167442518,0.6007522315319213
2018-11-19,0.3828684934964137,0.3083769132216898,0.551000768123748
2018-11-20,0.38051353246936515,0.3765575915633591,0.6555406443410475
2018-11-21,0.3781981546926936,0.35416201231939226,0.6296848926834041
2018-11-22,0.3759231770565066,0.29548760081886116,0.5968233227090937
2018-11-23,0.37368942955214557,0.29290700272193826,0.682217493797622
2018-11-26,0.3714977816683884,0.2934222104692038,0.6769642336862008
2018-11-27,0.36934869255475355,0.3692215803655695,0.7124391902033311
2018-11-28,0.36724193166337926,0.39826470735744013,0.6074622780607992
2018-11-29,0.3651768581071355,0.3549188661782071,0.5687603189037913
2018-11-30,0.3631528719305077,0.3190230202116455,0.6578935751304487
2018-12-03,0.3611693834108678,0.3092887853407438,0.6077183193099249
2018-12-04,0.35922579770914176,0.40203073920913324,0.6178098761290088
2018-12-05,0.3573215199862574,0.18819216793036944,0.6122520152212125
2018-12-06,0.35545595540314423,0.45717620560892536,0.5687338318780216
2018-12-07,0.3536285091207212,0.3881064519511783,0.5374305819199567
2018-12-10,0.35183858629991605,0.443598429756211,0.5974545968233264
2018-12-11,0.3500855921016601,0.3655057014804244,0.6452769218544488
2018-12-12,0.3483689316868812,0.3738584500909592,0.5807059675269068
2018-12-13,0.3466880102164982,0.3394489556784557,0.5927708077659948
2018-12-14,0.3450422328514424,0.3066990685226304,0.6616635617986434
2018-12-17,0.3434310047526381,0.2763382863187267,0.6006065528901762
2018-12-18,0.3418537310810148,0.3019026211764062,0.5768830068071699
2018-12-19,0.34030981699749496,0.4430148316000164,0.5577461306869875
2018-12-20,0.33879866766300637,0.48750507228866224,0.4691823455144228
2018-12-21,0.33731968823847325,0.39955956576649687,0.5740753820753496
2018-12-24,0.3358722838848269,0.2757182132777699,0.5291092413232937
2018-12-26,0.33445585976298986,0.18962836651787954,0.603277327988843
2018-12-27,0.3330698210338898,0.49422556980609045,0.5061538189876674
2018-12-28,0.3317135728584546,0.3788053563368273,0.4988301563617434
2018-12-31,0.33038652039760485,0.22682363025409316,0.4943582635105929
2019-01-02,0.3290880688122719,0.4011507826142462,0.6236635088245941
2019-01-03,0.3278176232633836,0.5306229454381317,0.557569550515171
2019-01-04,0.3265745889118641,0.4210615103337908,0.5541129936519402
2019-01-07,0.3253583709186394,0.2798581126982752,0.4553649470700918
2019-01-08,0.324168374444632,0.3012050390053299,0.5036287225307485
2019-01-09,0.32300400384787764,0.4383460463504598,0.37845103873285935
2019-01-10,0.32186466509219613,0.4047617962057001,0.44422273822872377
2019-01-11,0.32074977056460696,0.35146287084699235,0.4961019927072411
2019-01-14,0.31965866906845974,0.2885026603869073,0.49347094814723164
2019-01-15,0.318590599558517,0.4098728394329979,0.5723890414345397
2019-01-16,0.31754473012616025,0.29717000487851586,0.6019838782303121
2019-01-17,0.3165203001563537,0.36552393892280544,0.607872826960259
2019-01-18,0.3155166596739054,0.26299303785637096,0.6418115359826293
2019-01-21,0.3145332227711215,0.1484664590637809,0.636959995762076
2019-01-22,0.3135693970694593,0.22757592475231272,0.6443984354996795
2019-01-23,0.3126245885726373,0.24337866857551896,0.6180924044039101
2019-01-24,0.311698204093247,0.41186072065253565,0.714288867503064
2019-01-25,0.3107896504438745,0.3508701539696073,0.5859857146641037
2019-01-28,0.3098983344371202,0.24109898827788392,0.562218023538138
2019-01-29,0.3090236628855596,0.3244349812382311,0.5596840980726302
2019-01-30,0.3081650426017841,0.3592776149072854,0.5027325781588012
2019-01-31,0.3073218803983835,0.3425994738497873,0.5485683762570318
2019-02-01,0.3064935830879456,0.28106634325602176,0.5441715299788975
2019-02-04,0.3056795574830584,0.21580821505592054,0.5671755118617731
2019-02-05,0.3048792103963063,0.19749782290531573,0.6098725974060358
2019-02-06,0.30409194864028777,0.1973063297603144,0.6649126369599977
2019-02-07,0.30331717902758726,0.21862134054320223,0.6957214624369802
2019-02-08,0.30255430837078556,0.16472513894651414,0.7100288708580946
2019-02-11,0.3018027434824795,0.19080012219086392,0.7670775098664164
2019-02-12,0.3010618911752534,0.1903806610160991,0.6928741071665054
2019-02-13,0.3003311582616952,0.2184708816435583,0.7762508497920761
2019-02-14,0.2996099515543982,0.28585823124165066,0.7264684848538344
2019-02-15,0.2988976778659467,0.2380943696456009,0.7262036145961197
2019-02-18,0.29819374400892507,0.1250587017676641,0.6944898157385923
2019-02-19,0.2974975567959284,0.251143259669264,0.6508303682579463
2019-02-20,0.2968085230395445,0.24378445166849802,0.6461068486619631
2019-02-21,0.2961260495523579,0.2969010026033949,0.6444028500039725
2019-02-22,0.2954495431469617,0.22079615554714607,0.6394850922189977
2019-02-25,0.2947784106359368,0.19323482074873818,0.6015645003222576
2019-02-26,0.29411205883187996,0.23612928522903945,0.5581478505778613
2019-02-27,0.2934498945473738,0.23411860720652536,0.5830059242647657
2019-02-28,0.292791324595008,0.2869843933086824,0.5810149828275807
2019-03-01,0.2921357557873723,0.23516726014343745,0.5915612335890776
2019-03-04,0.2914825949370563,0.15514136297525635,0.6201716359270047
2019-03-05,0.29083124885664446,0.15072790191903487,0.6612839144292493
2019-03-06,0.2901811243587282,0.14047389994027237,0.6589398126484369
2019-03-07,0.28953162825589196,0.21797391133867386,0.8030424763603302
2019-03-08,0.28888216736072714,0.200725850206767,0.7433804508091768
2019-03-11,0.28823214848582346,0.14800596364365862,0.7205353910809341
2019-03-12,0.28758097844376707,0.2223600162313237,0.658480704201725
2019-03-13,0.2869280640471441,0.15793625102015693,0.5952914897186208
2019-03-14,0.28627281210854605,0.18219660874758922,0.6210368787688835
2019-03-15,0.28561462944055904,0.13931126298847848,0.588484324095247
2019-03-18,0.28495292285577456,0.1117681656324517,0.5647784360294215
2019-03-19,0.2842870991667823,0.11334570439841515,0.5471866364125999
2019-03-20,0.28361656518616307,0.19424243944029287,0.46889098823093256
2019-03-21,0.2829407277265119,0.2165650689147354,0.5192781402576285
2019-03-22,0.28225899360041495,0.24953836473972887,0.6174523012810885
2019-03-25,0.2815707696204601,0.1658421822923553,0.602831463055013
2019-03-26,0.28087546259923535,0.19261930706837674,0.6621138412367693
2019-03-27,0.2801724793493303,0.23343470311723483,0.690225404589321
2019-03-28,0.27946122668333295,0.21509239544246314,0.7138121010391771
2019-03-29,0.2787411114138276,0.21092513985838626,0.719241941322409
2019-04-01,0.27801154035340936,0.16882400412166196,0.7216434316590625
2019-04-02,0.2772719203146661,0.15613074422442996,0.7259696458684649
2019-04-03,0.2765216581101786,0.15113824437260917,0.6833696794187009
2019-04-04,0.2757601605525455,0.1306575965786558,0.6952270379559067
2019-04-05,0.2749868344543458,0.11740353532820558,0.6960569647634238
2019-04-08,0.2742010866281763,0.10166462255333311,0.6342671481419352
2019-04-09,0.2734023238866179,0.1281864231360194,0.6235487317129176
2019-04-10,0.27258995304226197,0.14973852066986126,0.6042617624466943
2019-04-11,0.2717633809076947,0.10946112917124501,0.6257648128691625
2019-04-12,0.2709220142955111,0.13921095705538256,0.5649285291754595
2019-04-15,0.27006526001829023,0.10084393764618449,0.5556668991638929
2019-04-16,0.2691925248886271,0.1558024702615705,0.5854912901830271
2019-04-17,0.26830321571910787,0.13249957825914493,0.5609289882839059
2019-04-18,0.2673967396092962,0.1821190996174696,0.6539072777517829
2019-04-19,0.2664725030848025,0.03492014279917384,0.6396881594165782
2019-04-22,0.2655299103754558,0.017015533741548086,0.618931160220022
2019-04-23,0.2645683887263637,0.12483985245909113,0.6554082092121902
2019-04-24,0.26358740406666215,0.18759945105298434,0.7474594527780484
2019-04-25,0.26258644534076403,0.16870090138558969,0.7655589203888282
2019-04-26,0.2615650015185267,0.18167228227913315,0.741451312432126
2019-04-29,0.26052255635341304,0.08924036493122203,0.6818996494883592
2019-04-30,0.2594585753160761,0.16558685809902018,0.6353751887200606
2019-05-01,0.25837271003911866,0.13419566040058542,0.6530641074313779
2019-05-02,0.25726492505570775,0.15953202722850146,0.6746686914526379
2019-05-03,0.2561353710609353,0.17813877781779883,0.6293008308097082
2019-05-06,0.2549841801801307,0.14227484737540408,0.6291816391937358
2019-05-07,0.25381147989618036,0.1674789927460573,0.6354458207887838
2019-05-08,0.25261740001319133,0.21770490906355291,0.632752973168643
2019-05-09,0.25140207033526885,0.251549042762243,0.6056170152653535
2019-05-10,0.25016562066651105,0.20604662402144722,0.5773553587667667
2019-05-13,0.24890818081103738,0.17486971627099016,0.5903560739164594
2019-05-14,0.24762988057294066,0.14212894783635543,0.6176244669486033
2019-05-15,0.2463308497563368,0.16687715714748164,0.6191607144433751
2019-05-16,0.2450112181653239,0.13705893885441506,0.6555980328968887
2019-05-17,0.24367111560401433,0.160503171035294,0.6734105577284715
2019-05-20,0.2423106718765098,0.10504766811502356,0.6584144866372978
2019-05-21,0.2409300167869226,0.14548463723447422,0.6590987348030728
2019-05-22,0.23952928013934738,0.10884561549088356,0.6685810900294007
2019-05-23,0.2381085917379,0.18179994437580074,0.6234030530711725
2019-05-24,0.23666808138668394,0.1320937951661659,0.5887006348057181
2019-05-27,0.23520787888980266,0.028336426099603795,0.600465288752724
2019-05-28,0.23372811405136495,0.13439171290618204,0.6380547928273165
2019-05-29,0.23222891667547607,0.15073246127963014,0.6691814626135618
2019-05-30,0.2307104165662377,0.10703098997396604,0.6668638478585223
2019-05-31,0.2291727435277604,0.19985501233307038,0.6111174876173174
2019-06-03,0.22761602736414766,0.1915250605255119,0.5150622886556068
2019-06-04,0.2260403978795118,0.21335527905566523,0.5019644544114154
2019-06-05,0.2244459848779492,0.2362751847680881,0.5466922119315204
2019-06-06,0.2228329181635722,0.24007313214394813,0.48001995355941285
2019-06-07,0.22120132754048605,0.20570011261620672,0.4125530844141526
2019-06-10,0.21955134281279243,0.1339220987648692,0.44583844680081053
2019-06-11,0.21788309378460546,0.1783530677657765,0.4321711415025207
2019-06-12,0.21619671026002152,0.17726338058350696,0.4873701032111095
2019-06-13,0.21449232204315294,0.16228588102804462,0.5059110212514236
2019-06-14,0.21277005893810141,0.1987379689872292,0.592903242894858
2019-06-17,0.2110300507489793,0.10455525717073438,0.5851248863265178
2019-06-18,0.20927242727988649,0.2402919814525211,0.6164855248404122
2019-06-19,0.20749731833493001,0.20606942082442356,0.5753555883209869
2019-06-20,0.2057048553065517,0.28040523596970757,0.4927690419642788
2019-06-21,0.2038951664105202,0.25350044909701863,0.3958265276392098
2019-06-24,0.20206836715594179,0.1639500476453182,0.36456300821980825
2019-06-25,0.2002247004362836,0.26349456752185074,0.4135993219321439
2019-06-26,0.19836462325240944,0.22280683356966016,0.41870690340181704
2019-06-27,0.19648871998955464,0.18118899005603453,0.4263263378155272
2019-06-28,0.1945975623262708,0.1693392118689275,0.4351730044233353
2019-07-01,0.1926917183886836,0.1981406927492488,0.5524928705755664
2019-07-02,0.19077175864279994,0.1522963219638078,0.5565365565100704
2019-07-03,0.1888382565607909,0.14268518982897838,0.5732896003107829
2019-07-04,0.18689175547789283,0.03691258337930689,0.5691973548290266
2019-07-05,0.18493274807522475,0.156417983941932,0.648097790099151
2019-07-08,0.18296169689695674,0.09405049035923202,0.6637604513389218
2019-07-09,0.18097906749344084,0.10654769775086742,0.6748585151373364
2019-07-10,0.1789853261665808,0.1821874900263987,0.6233147629852657
2019-07-11,0.17698093884249388,0.18067834166936428,0.6232794469509041
2019-07-12,0.1749663714473062,0.14971116450628963,0.6064425275685777
2019-07-15,0.172942089907151,0.10089409061273247,0.6242638814087582
2019-07-16,0.1709085601481437,0.1387139867504981,0.6864907339554851
2019-07-17,0.16886624809641226,0.10642459501479512,0.6659103149307396
2019-07-18,0.166815619678081,0.19224543949956455,0.5969910738723125
2019-07-19,0.16475714081927428,0.18225588043532773,0.665340843876644
2019-07-22,0.16269127744611822,0.10205216820393107,0.6781473208373424
2019-07-23,0.16061849548473717,0.12344924747753375,0.7468546656895884
2019-07-24,0.15853926086125547,0.12761650306161063,0.7558293529219636
2019-07-25,0.1564540395018028,0.2202079980303562,0.7405551680601817
2019-07-26,0.15436329733249465,0.11797345540261434,0.7611311725806283
2019-07-29,0.15226750027946068,0.08080098846937706,0.7355491201892914
2019-07-30,0.15016711426883056,0.13575952108476308,0.7198202413850964
2019-07-31,0.14806260522671977,0.22836925349588974,0.8182283711362053
2019-08-01,0.14595443907925976,0.3083723538610945,0.7979922834464923
2019-08-02,0.1438430817525731,0.3365811178640308,0.7590784280833122
2019-08-05,0.14172899917278592,0.31052437206206196,0.6214562566769409
2019-08-06,0.13961265726602257,0.298337201190905,0.6157571316316897
2019-08-07,0.1374945219584056,0.3590131719927597,0.6113382128320844
2019-08-08,0.13537505917606119,0.24179201108836493,0.6291860536980317
2019-08-09,0.1332547348451154,0.18617237118666477,0.5935256880004929
2019-08-12,0.13113401489169085,0.17299125970573886,0.5735500560642046
2019-08-13,0.12901336524191542,0.28542053262450473,0.6247538913855358
2019-08-14,0.12689325182191347,0.2515946363681957,0.6617783389103258
2019-08-15,0.12477414055780756,0.3004253883435387,0.6927240140204645
2019-08-16,0.12265649737572204,0.1885797135809674,0.7126908169481638
2019-08-19,0.12054078820178304,0.11633664494891235,0.7220407370456373
2019-08-20,0.1184274789621167,0.12710585467494037,0.6876517485851528
2019-08-21,0.11631703558284734,0.10869059723064436,0.7015177065767302
2019-08-22,0.11420992399009755,0.1641506595115101,0.7006657072477334
2019-08-23,0.11210661010999345,0.24452306808493177,0.6110512700528843
2019-08-26,0.11000755986866473,0.3348485608378281,0.6615311266697861
2019-08-27,0.10791323919222684,0.19325761755171453,0.6683206342759761
2019-08-28,0.10582411400681124,0.16873737627035185,0.6781120048029808
2019-08-29,0.10374065023854051,0.18000355630126433,0.6967103113991332
2019-08-30,0.10166331381353899,0.184353186309152,0.7741583747560996
2019-09-02,0.09959257065793281,0.09001545623241797,0.7948535708925245
2019-09-03,0.0975288866978481,0.2063429824601398,0.777875387372752
2019-09-04,0.09547272785940564,0.18323158360271555,0.6924591437627439
2019-09-05,0.09342456006873334,0.19985957169366567,0.687638505072265
2019-09-06,0.09138484925195733,0.19159801029503623,0.6951431623742957
2019-09-09,0.08935406133520019,0.12881561489816667,0.6630938611903305
2019-09-10,0.08733266224458092,0.1332974663633172,0.6628643069669715
2019-09-11,0.08532111790623453,0.1273611788682755,0.7024624104959238
2019-09-12,0.08331989424628539,0.2785176606832658,0.6309430264075647
2019-09-13,0.0813294571908525,0.17652932352766848,0.6186044869021673
2019-09-16,0.07935027308618103,0.1703741867240538,0.6998799254831667
2019-09-17,0.07738280743828341,0.1916481632615842,0.6039704051632041
2019-09-18,0.07542752239217343,0.18420728677010337,0.6531435685086929
2019-09-19,0.07348491378668598,0.1863638643316661,0.631914217352534
2019-09-20,0.0715555340931271,0.17495634412230027,0.6518545332544637
2019-09-23,0.06963996947660966,0.16907476895440182,0.6773438810555978
2019-09-24,0.06773880274126398,0.17625576189195227,0.634660039024223
2019-09-25,0.06585261585097335,0.18083335992960345,0.7286536644800138
2019-09-26,0.0639819909419419,0.17801111572113124,0.750615823349197
2019-09-27,0.06212751064598976,0.1676294516457012,0.7152070843964938
2019-09-30,0.06028975957749161,0.1476868084019897,0.7632059895994301
2019-10-01,0.05846930247583515,0.20205262413999062,0.7127217184782295
2019-10-02,0.056666670674609065,0.17601411578040294,0.6710355544175935
2019-10-03,0.0548823756324186,0.20717278608847892,0.6601008272781048
2019-10-04,0.053116930790420014,0.1777147572824387,0.6333754182742809
2019-10-07,0.05137085008538378,0.12466203739587559,0.638019476792952
2019-10-08,0.04964464720628925,0.1980221493737718,0.6515543469623788
2019-10-09,0.047938835842098015,0.13987662370229198,0.6267051022840662
2019-10-10,0.04625392968177522,0.25038640581044913,0.5783795237632783
2019-10-11,0.04459044241429133,0.2600340128300407,0.541297687682653
2019-10-14,0.042948887728611496,0.11604484587081507,0.5562363702179883
2019-10-15,0.04132977931370263,0.21257106903327874,0.5504886856254936
2019-10-16,0.0397336308585281,0.22552877184503642,0.49969539920362505
2019-10-17,0.03816095605206016,0.2081211330922951,0.4342680310427932
2019-10-18,0.03661226858326572,0.15224616899725982,0.3824373361115311
2019-10-21,0.03508808214110637,0.12194465848109462,0.41137882627159705
2019-10-22,0.03358891041455081,0.13534917863118875,0.4481163310171927
2019-10-23,0.032115267092567734,0.10268135996607836,0.4462489957002732
2019-10-24,0.030667665864125837,0.158291881146588,0.4814414239425052
2019-10-25,0.029246620418183156,0.08858837636609843,0.5149033665009768
2019-10-28,0.027852644443711938,0.0719421508327672,0.4929103061017309
2019-10-29,0.02648625162968088,0.10334702661298778,0.4801788757140457
2019-10-30,0.02514795566506045,0.17654756097004956,0.43358819738131704
2019-10-31,0.023838270238805137,0.17957497640530892,0.4363605060787757
2019-11-01,0.022557709039892515,0.1283870350022113,0.42477243230358047
2019-11-04,0.021306785757280622,0.10109926183951962,0.47922534278626316
2019-11-05,0.02008601407994881,0.1618618604926845,0.553905511950061
2019-11-06,0.018895907696848013,0.1084124762343329,0.5690428471786896
2019-11-07,0.01773698029695936,0.1847635287627263,0.5965187219127186
2019-11-08,0.016609745569242662,0.116482544487961,0.6402311434449011
2019-11-11,0.015514717202659511,0.054525393358835356,0.6286474841740018
2019-11-12,0.014452408886183932,0.10212967733405068,0.6638354979119379
2019-11-13,0.013423334308784618,0.11534726369973874,0.6685943335422855
2019-11-14,0.01242800715942316,0.10846718856147614,0.6528433822166138
2019-11-15,0.011466941127068253,0.0770851095842319,0.6142650291798712
2019-11-18,0.010540649900686816,0.08367794500499251,0.5926604451586113
2019-11-19,0.009649647169242215,0.06584628571689105,0.589857234931087
2019-11-20,0.008794446621708474,0.10579084389205257,0.6020191942646766
2019-11-21,0.007975561947047183,0.10498383706668976,0.6225024941949263
2019-11-22,0.007193506834223484,0.11528799201200024,0.6737239875334413
2019-11-25,0.00644879497220785,0.0862403056595343,0.6835550885991005
2019-11-26,0.005741940049967198,0.0858755568119127,0.6694595763841701
2019-11-27,0.005073455756468448,0.0836916230867783,0.6969575236396729
2019-11-28,0.004443855780674966,0.03639737563204136,0.680535567661108
2019-11-29,0.003853653811558999,0.0747507169594536,0.6593503615478996
2019-12-02,0.0033033635380785853,0.0990566682928386,0.5766048930365645
2019-12-03,0.002793498649205972,0.09757031673878055,0.5702038618083574
2019-12-04,0.002324572833906302,0.12122427950704193,0.5737001492102456
2019-12-05,0.001897099781151823,0.07894988806769737,0.5384282598906956
2019-12-06,0.0015115931799023485,0.07588599774767588,0.5956887951052015
2019-12-09,0.001168566719133679,0.042812395989586416,0.5888154119173976
2019-12-10,0.000868534087800299,0.07243000241646111,0.5491201892939436
2019-12-11,0.0006120089748762325,0.11117544875506657,0.4999028809055014
2019-12-12,0.00039950510472053224,0.16301537872328783,0.49639334999072837
2019-12-13,0.0002315361309044306,0.25715249693383,0.5119588921360034
2019-12-16,0.00010861349328372683,0.0922541022846956,0.4791370527003504
2019-12-17,3.1255331323976066e-05,0.10667080048693972,0.4735262177410089
2019-12-18,0.0,0.08517341528024108,0.525122943944625
2019-12-19,1.523385988200232e-05,0.1013637047540453,0.5192075081889084
2019-12-20,7.708274565665363e-05,0.07951980814210616,0.5797127040604638
2019-12-23,0.0001855175883775928,0.0698220481559666,0.5648578971067334
2019-12-24,0.00034052479916191203,0.048634699469746356,0.5725082330505122
2019-12-26,0.0005420946503011947,0.0,0.5624387487529021
2019-12-27,0.0007902154834962261,0.12486264926206747,0.46402178999320143
2019-12-30,0.0010848756404513438,0.12184435254799866,0.4404350935433483
2019-12-31,0.001426063462867333,0.09239544246314896,0.4150605228538907
2020-01-02,0.0018137672924503079,0.11222866105257398,0.48636801073607466
2020-01-03,0.0022479754709046063,0.14806067597080186,0.5110141882168068
2020-01-06,0.002728676339929237,0.1166968344359387,0.46400413197602064
2020-01-07,0.0032558582412285375,0.13165609654901997,0.5296963703945671
2020-01-08,0.003829509516512175,0.2243251006478851,0.5968144937005048
2020-01-09,0.004449618507477382,0.11050978210815715,0.5969822448637265
2020-01-10,0.005116173555824943,0.10036520478368113,0.5835709808145624
2020-01-13,0.005829163003264526,0.07145429924907332,0.5704113435102367
2020-01-14,0.0065885751914951385,0.10550816353514583,0.5865816727439689
2020-01-15,0.007394398462219343,0.0880868467006187,0.559008678915444
2020-01-16,0.008246621157150358,0.0933209926639888,0.5798054086506607
2020-01-17,0.009145231617978311,0.0815715204099777,0.6417894634611466
2020-01-20,0.01009021818641287,0.04985660810927875,0.6341082259873082
2020-01-21,0.01108156920415837,0.0766154954429191,0.6522915691796931
2020-01-22,0.012119273012912046,0.06775209844571398,0.63733522862718
2020-01-23,0.013203317954383564,0.1042588987320418,0.6840980726274234
2020-01-24,0.01433369237027371,0.0766154954429191,0.7199570910182497
2020-01-27,0.015510384602288596,0.08548345180071945,0.7253207137370573
2020-01-28,0.016733382992125456,0.05885678592434196,0.718253092360259
2020-01-29,0.01800267588149218,0.06018355985756557,0.7271880490539739
2020-01-30,0.019318251612089554,0.09243647670850638,0.6941057538648993
2020-01-31,0.020680098525625468,0.10119500841202028,0.6095768256182525
2020-02-03,0.02208820496379893,0.09690009073127584,0.6513336217476146
2020-02-04,0.023542559268310725,0.07220203438669762,0.671909626268067
2020-02-05,0.025043149780872298,0.08546521435833837,0.7284285247609537
2020-02-06,0.026589964843179104,0.06230822189496146,0.747481525299525
2020-02-07,0.028182992796942585,0.09417815245589958,0.7897283314056676
2020-02-10,0.0298222219838582,0.06230822189496146,0.8220954768989016
2020-02-11,0.03150764074563028,0.06984028559834768,0.8029586007787193
2020-02-12,0.03323923742397028,0.07187831978443343,0.8430158127543865
2020-02-13,0.035017000360570094,0.08373265733213575,0.8739879748903008
2020-02-14,0.03684091789713939,0.0674876555311883,0.8714893654591487
2020-02-17,0.03871097837537896,0.02669505628530655,0.8512047182221893
2020-02-18,0.04062717013699313,0.08792270971918897,0.8915621164899387
2020-02-19,0.0425894815236898,0.07938302732424804,0.857252589106772
2020-02-20,0.044597900877162644,0.12308449862991214,0.87435437874681
2020-02-21,0.04665241653912311,0.12551919718778637,0.7767408597688568
2020-02-24,0.0487530168512702,0.21216072657970445,0.7568844194485409
2020-02-25,0.05089969015531359,0.21882651176998938,0.7094903013340648
2020-02-26,0.05309242479294696,0.24236649052336898,0.6983922375356472
2020-02-27,0.05533120910587819,0.305308463541073,0.5341285327070601
2020-02-28,0.057616031435815174,0.4231998504529725,0.4930471557348841
2020-03-02,0.05994688012444982,0.4744151480196417,0.35762782197187015
2020-03-03,0.0623237435134989,0.4401059595402341,0.31171697730062053
2020-03-04,0.06474660994465431,0.2765024233001564,0.35986597564959777
2020-03-05,0.0672154677596275,0.24558995846422496,0.23282095653478913
2020-03-06,0.0697303053001157,0.4967332181334889,0.17473490901707095
2020-03-09,0.0722911109078268,0.798261971741083,0.0
2020-03-10,0.0748978729244616,0.7346771288794459,0.2151585248492474
2020-03-11,0.07755057969172263,0.5115283432651405,0.24146455594501387
2020-03-12,0.08024921955131603,0.7236161200753206,0.3609563582105365
2020-03-13,0.08299378084494613,0.6963739405185817,0.4737734299815486
2020-03-16,0.08578425059846495,0.9007609572833506,0.3715467540149928
2020-03-17,0.08862061846942026,0.7170871157028939,0.6114838914738295
2020-03-18,0.09150288464215528,0.813791153928573,0.7165844097366298
2020-03-19,0.09443094376996974,0.9046364137893301,1.0
2020-03-20,0.09740451312977783,0.9999999999999999,0.9834191218668054
2020-03-23,0.10042320446746622,0.8818760856977417,0.9395654361971678
2020-03-24,0.10348664005569574,0.707553492698184,0.850463081500579
2020-03-25,0.10659444479883184,0.6184271117818437,0.7266892100685985
2020-03-26,0.1097462422853912,0.6715527814379312,0.5336826677732358
2020-03-27,0.1129416561038834,0.6096138677511865,0.40693783495051516
2020-03-30,0.11618030984282512,0.5254754273260718,0.5414124647943296
2020-03-31,0.11946182709074016,0.6158419543243255,0.5640058977777426
2020-04-01,0.12278583143613098,0.4621276712153888,0.6678173807863107
2020-04-02,0.12615194646751604,0.4876418531065203,0.8106663252783334
2020-04-03,0.12955979577341026,0.42231077513689474,0.8745751039615741
2020-04-06,0.1330090029423321,0.3616895166621833,0.8902156926798683
2020-04-07,0.13649919156278756,0.36396919695981833,0.7605175564835823
2020-04-08,0.14002998522330046,0.340046231916436,0.808781331944239
2020-04-09,0.14360100751238214,0.3405796771060826,0.7063560032843899
2020-04-10,0.1472118820185493,0.11035476384791795,0.7008246294023633
2020-04-13,0.15086223233031326,0.19697805579745495,0.7194405940156965
2020-04-14,0.15455168203619074,0.265035631403052,0.6148521582511505
2020-04-15,0.1582798547246913,0.2628471383173223,0.6984716986129592
2020-04-16,0.16204637398434052,0.33843677762630564,0.7765245490583856
2020-04-17,0.1658508634036444,0.2909966306325201,0.7154145660983732
2020-04-20,0.16969294657112322,0.20062098491307576,0.7020342035792804
2020-04-21,0.1735722470752883,0.23965367096918325,0.6901812595463648
2020-04-22,0.17748838850465276,0.16622060922176274,0.7153351050210581
2020-04-23,0.1814409944477351,0.2783124894564786,0.7599039403865363
2020-04-24,0.18542968849304842,0.20509371765703574,0.6811889142968115
2020-04-27,0.1894540936535094,0.17793816595160694,0.6612794999249563
2020-04-28,0.19351383409322942,0.18288051283687976,0.6662237447357036
2020-04-29,0.19760853858110217,0.18918610854013831,0.5934550559317698
2020-04-30,0.20173778972313983,0.28402536828235203,0.5010418230136954
2020-05-01,0.20590109253490851,0.18100661563222373,0.47514192631309277
2020-05-04,0.21009790586910704,0.1927150536408774,0.5847805549914824
2020-05-05,0.21432769318320943,0.20688098701038163,0.6748055410857912
2020-05-06,0.2185899190858862,0.19100985277824636,0.7261462260402786
2020-05-07,0.22288404761020608,0.22345882213478382,0.6697156176332958
2020-05-08,0.22720954278923777,0.1615244678086345,0.6477004847125761
2020-05-11,0.23156586865605,0.17699437830838602,0.6793083354670131
2020-05-12,0.23595248924371326,0.19530021109839554,0.6155540644341033
2020-05-13,0.24036886858530515,0.21522005753913068,0.6484156344084109
2020-05-14,0.2448144707138873,0.1826616635283068,0.6652922843293918
2020-05-15,0.2492887596625355,0.1692161091328552,0.6464644235098804
2020-05-18,0.25379119946431494,0.16184362305030342,0.5257056585116053
2020-05-19,0.2583212541523032,0.17445937381741583,0.5156759047526587
2020-05-20,0.2628783877595673,0.1601201847452913,0.44788677679383376
2020-05-21,0.2674620643191794,0.1670914470954593,0.4868933367472197
2020-05-22,0.2720717478642012,0.13646166261643466,0.5467363569744768
2020-05-25,0.27670690242771023,0.06657578341213427,0.5544131799440253
2020-05-26,0.28136699204277704,0.16686347906569582,0.44121204629932315
2020-05-27,0.2860514807424721,0.3042050982770176,0.4100500604787104
2020-05-28,0.2907598325598677,0.2637544510757811,0.33051393659006034
2020-05-29,0.2954915115280272,0.3314016842278039,0.30965540379470957
2020-06-01,0.3002459816800247,0.26783051944795255,0.2776811491837604
2020-06-02,0.3050227070489324,0.2981867422912611,0.24496967235549388
2020-06-03,0.3098211516678191,0.34740959927779724,0.17741009862003088
2020-06-04,0.31464077956975345,0.38240269184649545,0.06729911798204147
2020-06-05,0.319481054787806,0.3761153335856179,0.14803598703901677
2020-06-08,0.32434144135505427,0.26586087567079586,0.16324836884066446
2020-06-09,0.32922140330455996,0.3156627714529314,0.12747322603144917
2020-06-10,0.3341204046693953,0.3774968198459848,0.10012537192199034
2020-06-11,0.33903790948263257,0.5552982049797336,0.218319309924692
2020-06-12,0.34397338177734404,0.5394635456323605,0.28149086639061255
2020-06-15,0.3489262855865949,0.5233097310433185,0.21641665857341097
2020-06-16,0.35389608494345737,0.4412093248042894,0.3134960225316303
2020-06-17,0.35888224388100376,0.41395346716576464,0.36038688715644396
2020-06-18,0.3638842264323028,0.3898481276985716,0.4278316837802275
2020-06-19,0.36890149663042315,0.36510447774804056,0.4784351465174005
2020-06-22,0.3739335185084389,0.29520036110135917,0.38753608857261534
2020-06-23,0.3789797560994206,0.4036812277446211,0.3453422565180151
2020-06-24,0.3840396734364351,0.3726593382544032,0.4421126051755664
2020-06-25,0.38911273455255646,0.36322602118278935,0.5024941949268504
2020-06-26,0.3941984034808499,0.24419935348266755,0.5197328342000506
2020-06-29,0.3992961442543912,0.27295524075703625,0.5023132002507467
2020-06-30,0.4044054209062473,0.28902242749476814,0.5279526411979218
2020-07-01,0.40952569746948875,0.2826530007431758,0.5167000697491703
2020-07-02,0.41465643797718954,0.2806833569660191,0.5451338919152778
2020-07-03,0.41979710646241664,0.2263722535551614,0.5497338053909926
2020-07-06,0.424947166958237,0.2565369832534685,0.4864695443348693
2020-07-07,0.43010608349772994,0.2939602150194457,0.5450456018293739
2020-07-08,0.4352733201139607,0.26975456961915656,0.48582502670775174
2020-07-09,0.44044834083999973,0.33622092837700435,0.554580931107247
2020-07-10,0.44563060970891577,0.2662575400425844,0.5445291048268207
2020-07-13,0.4508195907537811,0.22951365300530255,0.4957444178593208
2020-07-14,0.45601474800766617,0.3446101518723014,0.4303170496984918
2020-07-15,0.4612155455036433,0.29848310072995365,0.4228035633878664
2020-07-16,0.46642144727477763,0.2974663633172083,0.46366862964957994
2020-07-17,0.471631917354145,0.20771990935991133,0.41345805779469175
2020-07-20,0.4768464197748141,0.3590542062381171,0.38952261550550726
2020-07-21,0.48206441856985194,0.43247358990375195,0.290915833061108
2020-07-22,0.48728537777233427,0.5263006715938157,0.24428100968542593
2020-07-23,0.4925087614153316,0.48426792626602044,0.22199217749838795
2020-07-24,0.4977340335319056,0.4737084471273748,0.16199906412508985
2020-07-27,0.5029606581551338,0.5363403836246005,0.054179211216376255
2020-07-28,0.508188099318085,0.5400744999521268,0.11987586413921864
2020-07-29,0.5134158210538295,0.5027105398738881,0.0466922119315234
2020-07-30,0.5186432873954399,0.5249921351029732,0.00021631071047412131
2020-07-31,0.523869962375981,0.6763355507023695,0.12359287675587094
2020-08-03,0.5290953100285307,0.48651113167889337,0.16002136620079271
2020-08-04,0.534318794386154,0.45328251166056477,0.12885496587588402
2020-08-05,0.5395398794819215,0.43162098947243643,0.07464926763374102
2020-08-06,0.5447580293489072,0.564790793739086,0.08690393155752762
2020-08-07,0.549972708020178,0.5416565980786855,0.23118317544123446
2020-08-10,0.5551833795288079,0.33363121155889097,0.3194732613474869
2020-08-11,0.5603895079078587,0.5135481400088452,0.3379656198405487
2020-08-12,0.5655905571904078,0.5036087339111563,0.30076017763965507
2020-08-13,0.5707859914095295,0.43543261493008223,0.28748134871935405
2020-08-14,0.5759752745982851,0.3804102512663624,0.2794910959448387
2020-08-17,0.5811578707897507,0.3181385042561631,0.2649320607788974
2020-08-18,0.5863332440169966,0.4387153545586767,0.21275262000830097
2020-08-19,0.5915008583130916,0.4659392966730346,0.3573452936969718
2020-08-20,0.5966601777111027,0.49314956070560667,0.3536547681060892
2020-08-21,0.6018106662441074,0.4104518782285972,0.46245464096836686
2020-08-24,0.6069517879451709,0.3108024930583735,0.49306922825636085
2020-08-25,0.6120830068473619,0.40679071167059533,0.45051340684954433
2020-08-26,0.6172037869837546,0.3609144253609874,0.4737690154772527
2020-08-27,0.6223135923874228,0.6457240036657259,0.5045601829370574
2020-08-28,0.6274118870914318,0.5638652435382462,0.41378473111254055
2020-08-31,0.6324981351288486,0.4482672150057676,0.39561904593733344
2020-09-01,0.6375718005327489,0.551235814689348,0.4449820329675178
2020-09-02,0.642632347336205,0.45201500941507966,0.5337974448849153
2020-09-03,0.6476792395722839,0.524093941065705,0.5486036922913934
2020-09-04,0.6527119412740543,0.5402021620487942,0.5746625111466259
2020-09-07,0.6577299164745884,0.2192049386993968,0.6107466692565093
2020-09-08,0.6627326292069569,0.5230224913258165,0.6647802018311345
2020-09-09,0.66771954350423,0.44759698899826283,0.6266697862497046
2020-09-10,0.6726901233994802,0.5581295679093964,0.6097578202943592
2020-09-11,0.6776438329257726,0.3687838817484236,0.5732984293193719
2020-09-14,0.6825801361161847,0.26079542604945083,0.5523339484209334
2020-09-15,0.6874984970037765,0.30167465314664266,0.5770507579703887
2020-09-16,0.6923983796216309,0.46536937659862576,0.615196489586183
2020-09-17,0.6972792480028112,0.508277519160713,0.5721948032455394
2020-09-18,0.7021405661803897,0.3450524098500426,0.5814122882141527
2020-09-21,0.706981798187428,0.42746741197014526,0.6771143268322389
2020-09-22,0.7118024080570073,0.471583785089979,0.7639167247909747
2020-09-23,0.7166018598221964,0.46857916645769593,0.817327812259965
2020-09-24,0.7213796175160709,0.46692411856161287,0.8004026027917348
2020-09-25,0.7261351451716855,0.3635816513092204,0.8408085606067275
2020-09-28,0.7308679068221196,0.30450145671571016,0.7841528124806847
2020-09-29,0.735577366500447,0.31725398830068074,0.6744038211949174
2020-09-30,0.7402629882397349,0.45930542700691657,0.7024315089658583
2020-10-01,0.7449242360730519,0.4752312735661951,0.6609086815641482
2020-10-02,0.7495605740334685,0.5133748843062249,0.6963394930383251
2020-10-05,0.7541714661540553,0.28724883622320807,0.6057626939071016
2020-10-06,0.7587563764678826,0.38814292683594054,0.6688724473128937
2020-10-07,0.7633147690080264,0.33892006984940426,0.6269611435331919
2020-10-08,0.7678461078075483,0.2660934030611547,0.6276939512462163
2020-10-09,0.7723498568995257,0.26143829589338385,0.5317623584047769
2020-10-12,0.7768254803170276,0.20028359222902578,0.5505063436426744
2020-10-13,0.7812724420931207,0.26278786662958387,0.6311019485621947
2020-10-14,0.7856902062608757,0.2708351380802356,0.624511093649295
2020-10-15,0.7900782368533665,0.29278389998586596,0.670461668859205
2020-10-16,0.7944359979036619,0.24787875748305058,0.655355235160642
2020-10-19,0.7987629534448324,0.25065996744616537,0.5790814299462311
2020-10-20,0.8030585675099466,0.24325556583944666,0.5130227876711725
2020-10-21,0.807322304132077,0.32035891286605966,0.4643352197981683
2020-10-22,0.811553627344292,0.2635173643248271,0.5206642946063593
2020-10-23,0.8157520011796695,0.247295159326856,0.46485613130501746
2020-10-26,0.8199168896712692,0.24486046076898174,0.5315769492243744
2020-10-27,0.8240477568521651,0.19523638005006175,0.5475927708077637
2020-10-28,0.8281440667554314,0.305714246634052,0.6096607011998665
2020-10-29,0.8322052834141331,0.32954146510493365,0.6987630558964553
2020-10-30,0.8362308708613426,0.3300566728521992,0.7267421841201467
2020-11-02,0.8402202931301304,0.26291096936565617,0.727704546056527
2020-11-03,0.8441730142535668,0.2197201464466623,0.6225687117593565
2020-11-04,0.8480884982647225,0.7501561581003879,0.6215004017198914
2020-11-05,0.8519662091966662,0.4888637617460527,0.49103855628051546
2020-11-06,0.8558056110824719,0.46024921465013746,0.437865852043476
2020-11-09,0.85960616795521,0.6170547442426674,0.5260588188552298
2020-11-10,0.8633673438479441,0.506946185866894,0.5244210377616692
2020-11-11,0.8670886027937534,0.2744187955081179,0.5779557313509249
2020-11-12,0.8707694088257032,0.2910011899931153,0.5451118193937982
2020-11-13,0.8744092259768639,0.21199658959827475,0.5146208382260785
2020-11-16,0.8780075182803078,0.26516785286031486,0.48934338663111665
2020-11-17,0.8815637497691018,0.21384768999995438,0.4854409648340588
2020-11-18,0.8850773844763182,0.24145917776491024,0.4983533898978506
2020-11-19,0.8885478864350329,0.25393814771416456,0.47805549914800055
2020-11-20,0.8919747196783057,0.21096161474314842,0.49981017631530156
2020-11-23,0.8953573482392141,0.2522375062121288,0.5236087689713328
2020-11-24,0.8986952361508305,0.255397143104651,0.4616379576737346
2020-11-25,0.9019878474462164,0.2852791924460514,0.4409339325287149
2020-11-26,0.9052346461584513,0.1340315234191557,0.4512020695196153
2020-11-27,0.9084350963206003,0.1647889699948479,0.39863415237103295
2020-11-30,0.9115886619657356,0.2852199207583128,0.45208497037867773
2020-12-01,0.9146948071269243,0.30353031290891763,0.2693509795785055
2020-12-02,0.9177529958372386,0.33090015456232413,0.22284417682738772
2020-12-03,0.9207626921297525,0.29648154142863004,0.19460017834597282
2020-12-04,0.9237233600375347,0.31659744037496185,0.24181330178434524
2020-12-07,0.9266344635936541,0.3052993448198824,0.27080776599595646
2020-12-08,0.9294954668311792,0.2936729753019437,0.29028455894687827
2020-12-09,0.9323058337831807,0.2842350988697345,0.33580692724014194
2020-12-10,0.9350650284827342,0.370867509540462,0.27676293229033344
2020-12-11,0.9377725149629086,0.2899297402532268,0.3342574362324882
2020-12-14,0.9404277572567725,0.24394858864992772,0.31765007107352083
2020-12-15,0.943030219397393,0.24007769150454342,0.32390100915568687
2020-12-16,0.9455793654178457,0.3093161415043154,0.283212523065784
2020-12-17,0.9480746593511977,0.25718441245799684,0.2132426299850786
2020-12-18,0.950515565230523,0.2293540753844681,0.2457686976329425
2020-12-21,0.9529015470888851,0.4567932193189227,0.27998110592161923
2020-12-22,0.9552320689593614,0.32274345845738595,0.40211278175573445
2020-12-23,0.9575065948750208,0.3021032330425981,0.389235672726313
2020-12-24,0.959724589094801,0.11109793962494699,0.4128179546718731
2020-12-28,0.9618855154259087,0.24354736491754395,0.3846666607806668
2020-12-29,0.9639888358685624,0.23195291092377204,0.3557913881850192
2020-12-30,0.9660340305379016,0.2547953075060754,0.30894025409886894
2020-12-31,0.9680206099965769,0.22025815099690418,0.43485957461836544
2021-01-04,0.9699481029221602,0.3978680429856517,0.40482328739306184
2021-01-05,0.9718160361852402,0.3625056422087366,0.3626912583985987
2021-01-06,0.9736239385734393,0.579558562707166,0.3474303170497017
2021-01-07,0.9753713343627055,0.41272699916563704,0.4395433636756911
2021-01-08,0.9770577288788402,0.47734225752180515,0.5191148035987057
2021-01-11,0.9786828174229107,0.38305012105102376,0.621231116957875
2021-01-12,0.9802466146060222,0.33981826388667247,0.5559759144645667
2021-01-13,0.9817493250145422,0.3263590314094351,0.6323071082348158
2021-01-14,0.9831911342846968,0.36961824473735805,0.6403194335308109
2021-01-15,0.9845722233151672,0.3139940454750626,0.7429169278581689
2021-01-18,0.9858927753734026,0.2114677037692234,0.7394736145078289
2021-01-19,0.9871529737268538,0.26303407210172847,0.6700202184296709
2021-01-20,0.9883530016429738,0.29700130853649087,0.7002021842967254
2021-01-21,0.9894930423892099,0.32495018898549666,0.620621915365122
2021-01-22,0.9905732792330149,0.2751437338427659,0.6200877603453909
2021-01-25,0.9915938954418415,0.29654993183755907,0.65954901424119
2021-01-26,0.992555074283139,0.281121055583165,0.6373440576357688
2021-01-27,0.9934569990243567,0.43197206023827217,0.6991471177701453
2021-01-28,0.994299852932949,0.42972885482539924,0.6844203314409822
2021-01-29,0.9950838192763687,0.4712235956029527,0.6624493435632101
2021-02-01,0.9958090813220615,0.35464986390308617,0.7537412923902742
2021-02-02,0.9964758223374783,0.3091109702775282,0.7679604107254788
2021-02-03,0.9970842255900756,0.24252150878360815,0.7690993528336699
2021-02-04,0.9976344743473007,0.25968294206420495,0.8584621632836833
2021-02-05,0.9981267518766028,0.26054010185611565,0.7361274202519759
2021-02-08,0.9985612414454366,0.21263490008161254,0.7290244828408189
2021-02-09,0.9989381263212511,0.2540430130078558,0.6323865693121309
2021-02-10,0.9992575897714975,0.24885902001103363,0.6284355879678295
2021-02-11,0.9995198150636302,0.16646225533331205,0.6032684989802454
2021-02-12,0.9997249854650949,0.180673782308769,0.616794540141089
2021-02-15,0.9998732842433409,0.11131222957292469,0.5994896833034647
2021-02-16,0.9999648946658279,0.2567923074468036,0.6222596964586855
2021-02-17,1.0,0.2848141376653338,0.6914084917404626
2021-02-18,0.9999787835133098,0.2481979127247195,0.6153024376892736
2021-02-19,0.999901428473212,0.22244664408263384,0.5791388185020723
2021-02-22,0.9997681181471538,0.2860953179926047,0.5253215966379153
2021-02-23,0.9995790358025829,0.26456145790114394,0.5340137555953836
2021-02-24,0.9993343647069555,0.35573499172476053,0.5095838888251255
2021-02-25,0.9990342881277243,0.5007819303420888,0.49867564871140935
2021-02-26,0.9986789893323351,0.59667440238181,0.6360506078772438
2021-03-01,0.9982686515882406,0.3207920521226103,0.6682102716685955
2021-03-02,0.9978034581628936,0.3237009241823926,0.6107731562822819
2021-03-03,0.9972835923237415,0.3296417710380296,0.6462039677564618
2021-03-04,0.9967092373382407,0.46595753411541563,0.7570168545774012
2021-03-05,0.996080576473835,0.5177017175111363,0.8275959492508596
2021-03-08,0.9953977929979825,0.3900350614829776,0.8988019035342518
2021-03-09,0.9946610701781307,0.3444733710544433,0.8154560624387467
2021-03-10,0.9938705912817305,0.32863871170707015,0.7698983781111215
2021-03-11,0.9930265395762365,0.3233680908589379,0.689554399936428
2021-03-12,0.9921290983290945,0.30971280587610395,0.7256253145334324
2021-03-15,0.9911784508077552,0.24756416160197695,0.7489736277513406
2021-03-16,0.9901747802796699,0.2417236206794359,0.7790496455153075
2021-03-17,0.9891182700122947,0.25739414304537933,0.6739667852696791
2021-03-18,0.9880091032730807,0.3451208002589716,0.7568579324227682
2021-03-19,0.9868474633294717,0.26127871827254945,0.7634002277884244
2021-03-22,0.9856335334489241,0.21215160785851392,0.7229986844777189
2021-03-23,0.9843674976542918,0.27122724309142887,0.820232556086278
2021-03-24,0.983049538457621,0.28135358297352375,0.8576896250320073
2021-03-25,0.9816798323277265,0.31331470074636736,0.9046334637083604
2021-03-26,0.9802586163168279,0.21344190690697537,0.8521317641242081
2021-03-29,0.978786232136537,0.23153800910960246,0.8728402037735179
2021-03-30,0.977263076420023,0.21199203023767946,0.9211525387814181
2021-03-31,0.9756895171097693,0.21560760318972869,0.8885867405948966
2021-04-01,0.9740661476779753,0.2194876190563035,0.8116110291975329
2021-04-02,0.9723939439614604,0.050189441432733475,0.8162065281689488
2021-04-05,0.9706741088375495,0.10645651053896202,0.7347236078860702
2021-04-06,0.9689078225361403,0.21290846171732877,0.6380283058015439
2021-04-07,0.9670962596252686,0.2451887347318412,0.6308900523560224
2021-04-08,0.9652405975038914,0.19679568137364414,0.5604257347942405
2021-04-09,0.9633420135709851,0.19951306028842516,0.572680398718024
2021-04-12,0.9614016852255034,0.19783065622877047,0.5529961240652288
2021-04-13,0.9594207898664191,0.25688805401930437,0.4972144477896595
2021-04-14,0.9574005048926963,0.21785536796319685,0.45341815067586033
2021-04-15,0.955342007703301,0.21206498000720378,0.4702462410495919
2021-04-16,0.9532464756971901,0.18072393527531697,0.45237191315787195
2021-04-19,0.9511150862733313,0.16636650876081138,0.3884631344746312
2021-04-20,0.9489490168306958,0.14703937919746135,0.3947229015653832
2021-04-21,0.9467494447682441,0.10944289172886393,0.40087672055305057
2021-04-22,0.9445175474849368,0.14693451390377013,0.42806123800358353
2021-04-23,0.9422545023797486,0.12015738912774873,0.32655854074146307
2021-04-26,0.9399614868516348,0.11189582772911927,0.34868403626957223
2021-04-27,0.9376396782995666,0.09827245827045214,0.34961991118017405
2021-04-28,0.9352902541225045,0.14185538620063923,0.3108958795016923
2021-04-29,0.932914391719418,0.12259664704621823,0.3275871202422706
2021-04-30,0.9305132684892659,0.11456761303794755,0.4629976249966898
2021-05-03,0.9280880618310228,0.07495132882564548,0.41366112499227803
2021-05-04,0.9256399491436422,0.11936406038417172,0.48629737866734857
2021-05-05,0.9231701078260972,0.08661417322834644,0.5058359746784076
2021-05-06,0.9206797152773483,0.09882414090247985,0.4413400669238875
2021-05-07,0.9181699488963613,0.1378613863191826,0.32605970175609067
2021-05-10,0.9156419860821021,0.12630796657076812,0.3885779115863077
2021-05-11,0.9130970042335314,0.15392401369631922,0.38144407264508506
2021-05-12,0.9105361807496237,0.17358397658312397,0.4993775548943622
2021-05-13,0.9079606930293345,0.1845629168965344,0.5016819261365141
2021-05-14,0.9053717184716312,0.13401328597677462,0.42988001377325363
2021-05-17,0.9027704344754799,0.1218397931874034,0.4369211481242823
2021-05-18,0.9001580184398463,0.11429861076282663,0.35755277539885405
2021-05-19,0.8975356477636929,0.18497781871070398,0.4336279279199745
2021-05-20,0.8949044998459872,0.12018018593072508,0.3782700440567557
2021-05-21,0.8922657520856916,0.13324731339676923,0.45402735226861624
2021-05-24,0.8896205818817666,0.11762238463677854,0.41980611497135356
2021-05-25,0.8869701666331888,0.1506184772647484,0.38590713648764663
2021-05-26,0.8843156837389134,0.1278809459761363,0.47412217582087707
2021-05-27,0.8816583088684222,0.14477793634220737,0.4815473720455957
2021-05-28,0.8789992211501669,0.14830688144294643,0.4928396740330019
2021-05-31,0.87633961354849,0.05134295966333681,0.45646415863962836
2021-06-01,0.8736805403229102,0.116482544487961,0.4812471857535108
2021-06-02,0.8710228225981531,0.12219542331383446,0.4946319627768994
2021-06-03,0.8683671427941064,0.1335847060808192,0.6089278934868392
2021-06-04,0.8657141971665645,0.13166065590961523,0.5596664400554464
2021-06-07,0.8630646852258774,0.08376457285630262,0.5339078074922988
2021-06-08,0.860419305161729,0.1073729420186113,0.5593530102504796
2021-06-09,0.8577787567990889,0.07313214394813272,0.5535037920591931
2021-06-10,0.8551437235692063,0.14563965549471342,0.5600902324677969
2021-06-11,0.8525148613488032,0.11360558795234557,0.6542251220610428
2021-06-14,0.849892809620874,0.09451554513994956,0.6409683656622184
2021-06-15,0.8472782095037044,0.10379384395132427,0.6383549791193956
2021-06-16,0.8446717025243977,0.16298802255971623,0.80969954883766
2021-06-17,0.842073930005645,0.2240834545363358,0.9213909220133659
2021-06-18,0.8394855332701461,0.23460189942962398,0.9671296010171007
2021-06-21,0.8369071536405883,0.19827747356710693,0.8831480713030728
2021-06-22,0.8343394324396645,0.16130105913946627,0.8432850975163971
2021-06-23,0.8317830109900726,0.15308509134678952,0.8561401340243506
2021-06-24,0.8292385306145018,0.13138709427389902,0.8432806830121041
2021-06-25,0.8267066326356503,0.12581555562647895,0.8278034309527418
2021-06-28,0.8241879583762071,0.13398137045260772,0.8336482346397323
2021-06-29,0.8216831491588685,0.12980955550793555,0.8559061652966957
2021-06-30,0.8191928463063256,0.16296522575673986,0.8932396281221566
2021-07-01,0.8167176911412728,0.14467307104851615,0.8869975190485884
2021-07-02,0.8142583249864046,0.1458083518367384,0.8511561586749459
2021-07-05,0.8118153891644102,0.07229322159860302,0.8400625093808243
2021-07-06,0.8093895249979894,0.1731371592447875,0.8735862549994242
2021-07-07,0.8069813738098297,0.16026608428433994,0.8991550638778791
2021-07-08,0.8045915769226255,0.20784301209598363,0.8101498282757831
2021-07-09,0.8022207756590731,0.14414874458006008,0.7551583482690765
2021-07-12,0.7998696113418635,0.11625913581879277,0.7616211825574088
2021-07-13,0.7975387252936947,0.15701526017991235,0.8528998878715941
2021-07-14,0.7952287588372506,0.14800140428306333,0.757484792032705
2021-07-15,0.7929403532952328,0.15202731968868685,0.7769086109320756
2021-07-16,0.7906741499903323,0.13338865357522262,0.7686402443869609
2021-07-19,0.7884307902452434,0.18039566131245752,0.7598730388564647
2021-07-20,0.7862109153826538,0.17667522306671712,0.7669141732074934
2021-07-21,0.7840151667252631,0.12810435464530454,0.7316466983922395
2021-07-22,0.7818441855957641,0.15592101363704752,0.7446209265161625
2021-07-23,0.7796986133168513,0.10308258369846213,0.7282122140504854
2021-07-26,0.7775790912112104,0.120161948488344,0.6743331891261972
2021-07-27,0.7754862606015447,0.13812582923370825,0.642142623804774
2021-07-28,0.7734207628105398,0.16130105913946627,0.6004211437097735
2021-07-29,0.7713832391608957,0.1115857912086409,0.5410328174249325
2021-07-30,0.7693743309753032,0.12700098938124918,0.5642972550612297
2021-08-02,0.7673946795764515,0.0929835999799388,0.559472201866452
2021-08-03,0.7654449262870369,0.09933934864974536,0.5648534826024405
2021-08-04,0.7635257124297539,0.10926051730505312,0.5979799228344684
2021-08-05,0.7616376793272988,0.09600189669400763,0.6004697032570229
2021-08-06,0.7597814683023572,0.09757031673878055,0.6874001218403172
2021-08-09,0.7579577206776289,0.09536358621066982,0.7110221343245376
2021-08-10,0.7561670777758014,0.07413976263968741,0.7245614189982603
2021-08-11,0.7544101809195762,0.086623291949537,0.6936554744267791
2021-08-12,0.7526876714316391,0.0585330713220778,0.7008246294023633
2021-08-13,0.7510001906346897,0.05571082711360559,0.6115986685855062
2021-08-16,0.7493483798514138,0.06291005749353709,0.633441635838711
2021-08-17,0.7477328804045129,0.1091875675355288,0.7177542533748895
2021-08-18,0.7461543336166763,0.10621030506681742,0.7130925368390376
2021-08-19,0.7446133808105984,0.1430043450706473,0.7483864986800642
2021-08-20,0.7431106633089701,0.09201701553374156,0.7099626532936616
2021-08-23,0.7416468224344879,0.08403357513142357,0.6439967156088057
2021-08-24,0.7402224995098443,0.07197862571752936,0.6276586352118547
2021-08-25,0.7388383358577304,0.08778592890133088,0.6048533060222665
2021-08-26,0.7374949728008406,0.09818583041914203,0.6297864262821958
2021-08-27,0.7361930516618713,0.11966041882286427,0.5703318824329218
2021-08-30,0.7349332137635116,0.05716070378290147,0.5697138518315797
2021-08-31,0.733716100428456,0.12982323358972137,0.5554594174620135
2021-09-01,0.7325423529794044,0.10651578222670052,0.5160202360876912
2021-09-02,0.7314126127390406,0.07372486082551782,0.473742528451483
2021-09-03,0.7303275210300608,0.11082893734982605,0.47432524301846046
2021-09-06,0.7292877191751632,0.03219364516320232,0.4884384132505775
2021-09-07,0.7282938484970352,0.11999781150691427,0.5262707150614079
2021-09-08,0.7273465503183729,0.13225337278700033,0.560306543178268
2021-09-09,0.7264464659618692,0.14217910080290339,0.5467937455303151
2021-09-10,0.7255942367502151,0.11549772259938265,0.5619266662546478
2021-09-13,0.7247905040061102,0.10988514970660515,0.558708492623365
2021-09-14,0.7240359090522421,0.1329281581551003,0.5650168192613693
2021-09-15,0.7233310932113088,0.12636267889791136,0.5485772052656207
2021-09-16,0.7226766978059977,0.13076246187234702,0.6081597697394562
2021-09-17,0.7220733633990584,0.11924551700869471,0.6630585451559631
2021-09-20,0.7215217320731337,0.12799948935161332,0.6614516655924682
2021-09-21,0.7210224489353596,0.12752531584970522,0.6634117054995904
2021-09-22,0.7205761042552528,0.16789389456022685,0.7101613059869519
2021-09-23,0.7201832103020962,0.14959262113081262,0.6438024774198112
2021-09-24,0.7198439733797688,0.10541241696264517,0.6648773209256332
2021-09-27,0.7195581940466145,0.132567968668074,0.6952137944430248
2021-09-28,0.7193254293632645,0.1851738712163006,0.7089649753229226
2021-09-29,0.7191452600710484,0.17682112260576577,0.8185859459841285
2021-09-30,0.7190172730214694,0.18315407447259593,0.8411926224804176
2021-10-01,0.7189410520109423,0.1749837002858719,0.8148954203932459
2021-10-04,0.7189161808358993,0.12824113546316265,0.7743570274493841
2021-10-05,0.7189422432927479,0.11818318598999675,0.7970696520487695
2021-10-06,0.7190188231779064,0.16604735351914246,0.8412941560792122
2021-10-07,0.7191455042878108,0.11590350569236169,0.8367648746722235
