Time,Close,Volume,diferencia_media_150
2020-10-07,0.9467176755544733,0.42721788277132156,0.11077533470985301
2020-10-08,0.9471930641813895,0.32578268876611416,0.11509418595180926
2020-10-09,0.9476823880032255,0.3192989140788721,0.07144027043500017
2020-10-12,0.9481854090256245,0.23412078491141167,0.08654573346185607
2020-10-13,0.9487017446338797,0.3211786372007366,0.1344589823245268
2020-10-14,0.9492309852535721,0.3323871213564489,0.13723484329788266
2020-10-15,0.9497727213102811,0.36295802375055564,0.16828886496239753
2020-10-16,0.9503265432295862,0.30041277703689595,0.1679416026513648
2020-10-19,0.9508920414370605,0.30428653076776524,0.13490111526692133
2020-10-20,0.9514688063582897,0.29397345526131957,0.10496406103582556
2020-10-21,0.9520564284188495,0.4013653394297326,0.08337293734689855
2020-10-22,0.9526544980443195,0.3221947037530958,0.11534971015232098
2020-10-23,0.9532626056602806,0.29959992379500855,0.08991945841399646
2020-10-26,0.9538803416923081,0.29620880167650976,0.12838054937255633
2020-10-27,0.9545072965659847,0.22709087445227663,0.1410435411447653
2020-10-28,0.9551430607068854,0.38096780339112213,0.17757634177055445
2020-10-29,0.9557872245405941,0.41415507715755384,0.23029666762432172
2020-10-30,0.9564393784926848,0.4148726741601575,0.2526400438194927
2020-11-02,0.9570991129887396,0.32135009843144724,0.2598520018150733
2020-11-03,0.9577660184543362,0.26119260811583156,0.20992498955080585
2020-11-04,0.9584396853150556,1.0,0.21186446745802995
2020-11-05,0.9591197039964738,0.6360640121927986,0.14620325048263227
2020-11-06,0.9598056649241746,0.5962088016765098,0.11800877284838468
2020-11-09,0.9604971585237312,0.8146123071061154,0.16347239040875924
2020-11-10,0.9611937752207265,0.6612497618594018,0.1647271887594406
2020-11-11,0.9618951054407372,0.3373785482949133,0.19438589613813848
2020-11-12,0.9626007396093437,0.3604750111132279,0.18072184020384532
2020-11-13,0.9633102681521253,0.25043500349272874,0.1669669411649944
2020-11-16,0.9640232814946588,0.32449355432780846,0.15703998260108462
2020-11-17,0.9647393700625244,0.2530132723693401,0.1567003278406821
2020-11-18,0.9654581242813043,0.2914713913761351,0.1658128309843905
2020-11-19,0.9661791345765725,0.30885247983742936,0.1579041108518579
2020-11-20,0.966901991373911,0.2489934590715692,0.17292633832478171
2020-11-23,0.9676262850988975,0.30648377468724197,0.18886460439394315
2020-11-24,0.9683516061771114,0.31088461294214764,0.1589624553951412
2020-11-25,0.9690775450341311,0.35250523909316056,0.14938902418395622
2020-11-26,0.9698036920955362,0.14184289070934145,0.15429544683619795
2020-11-27,0.9705296377869068,0.18468279672318536,0.12652922955202112
2020-11-30,0.9712549725338189,0.35242268368578145,0.15473041973094462
2020-12-01,0.9719792867618544,0.37792595414999686,0.062050315444848236
2020-12-02,0.9727021708965928,0.4160475011113228,0.03868931747740795
2020-12-03,0.97342321536361,0.3681082110878262,0.022897384882096306
2020-12-04,0.974142010588487,0.3961262462691306,0.04676048119100207
2020-12-07,0.9748581469968034,0.3803899155394679,0.06057668813785916
2020-12-08,0.9755712150141349,0.36419635486124347,0.06915129270185238
2020-12-09,0.9762808050660636,0.3510509938400965,0.09037412143977808
2020-12-10,0.9769865075781681,0.4717152473487013,0.055948612338015236
2020-12-11,0.9776879129760276,0.3589826633644504,0.08040375508698994
2020-12-14,0.9783846116852191,0.2949387184860608,0.06623536329634333
2020-12-15,0.9790761941313235,0.28954721534260497,0.06522848159554645
2020-12-16,0.9797622507399195,0.3859846319933956,0.03941337729602501
2020-12-17,0.9804423719365829,0.3133739759954277,0.0
2020-12-18,0.981116148146902,0.274611037022925,0.01403727341805433
2020-12-21,0.9817831697964463,0.5913951863847082,0.027782327391388584
2020-12-22,0.9824430273107954,0.4046866069727567,0.08723444054520135
2020-12-23,0.9830953111155347,0.37593827395694424,0.07686042650613872
2020-12-24,0.9837396116362385,0.10990029846954977,0.08535627054597894
2020-12-28,0.984375519298486,0.2943798818822633,0.06751924934060582
2020-12-29,0.9850026245278558,0.2782307741157045,0.04901902872163649
2020-12-30,0.9856205177499282,0.3100463580364514,0.020516669038431967
2020-12-31,0.9862287893902835,0.26194195719819646,0.08063019159392348
2021-01-04,0.9868270298744992,0.5093224106178955,0.06103672119937997
2021-01-05,0.987414829628154,0.46006858449228427,0.034336903512093064
2021-01-06,0.9879917940064056,0.7623864863148536,0.0203627280139565
2021-01-07,0.9885575964276496,0.5300184162062616,0.06279048537068005
2021-01-08,0.9891119634324639,0.6200165110814758,0.1000616659103864
2021-01-11,0.9896546614355497,0.48868355877309966,0.1503260954201654
2021-01-12,0.9901855107746478,0.4284689147139138,0.11597173929192539
2021-01-13,0.9907043440650307,0.4097224868228869,0.15320443457551178
2021-01-14,0.991210993921972,0.46997523337778624,0.15940637834944732
2021-01-15,0.9917052929607442,0.3925001587603988,0.21602714016061825
2021-01-18,0.9921870737966163,0.24969835524226833,0.21979198271564615
2021-01-19,0.9926561690448654,0.3215215596621579,0.1886721781133447
2021-01-20,0.993112411320765,0.3688321585063822,0.20782172555358505
2021-01-21,0.993555633239585,0.40776020829364323,0.16991464328195055
2021-01-22,0.9939856674165988,0.3383882644313202,0.1717552230310088
2021-01-25,0.9944023464670808,0.36820346732710996,0.1958904011506189
2021-01-26,0.9948055030062992,0.34671365974471324,0.1878187899340469
2021-01-27,0.9951949696495319,0.5568235219406871,0.22372866641427433
2021-01-28,0.9955705790120497,0.5536991172921827,0.22092550775925338
2021-01-29,0.9959321637091278,0.6114942528735632,0.21515495685623837
2021-02-01,0.9962795563560345,0.4491268178065664,0.2697122824352392
2021-02-02,0.9966125895680422,0.3856988632755446,0.2852213931483726
2021-02-03,0.9969310959604307,0.29295103829300817,0.2937078396256739
2021-02-04,0.9972349081484646,0.3168540039372578,0.34658792404263383
2021-02-05,0.9975238587474218,0.3180478821362799,0.29086977573835765
2021-02-08,0.997797780372573,0.25132406172604305,0.2936223665568495
2021-02-09,0.9980565056391901,0.308998539404331,0.2504414616879292
2021-02-10,0.9982998671625491,0.30177811646662855,0.2548516035374211
2021-02-11,0.9985276975579209,0.18701339937765923,0.24913162047093373
2021-02-12,0.9987398294405772,0.2068076459008065,0.26135605932457584
2021-02-15,0.9989360954257913,0.11019876801930525,0.2587153442506163
2021-02-16,0.9991163281288369,0.3128278402235346,0.27766172533878275
2021-02-17,0.9992803601649864,0.3518574966660316,0.321735846152056
2021-02-18,0.9994280241495126,0.300857306153553,0.28962616496212823
2021-02-19,0.999559152697687,0.26499015685527405,0.27603057698348904
2021-02-22,0.9996735784247823,0.35364196354861244,0.2510867609823932
2021-02-23,0.9997711339460738,0.3236489490061599,0.259003088665556
2021-02-24,0.9998516518768339,0.4506382168032006,0.24825003960401504
2021-02-25,0.9999149648323336,0.6526639994919667,0.24426994811650402
2021-02-26,0.9999609054278462,0.7862259477995809,0.31521393774875583
2021-03-01,0.9999893062786436,0.4019686289451959,0.3330317163260734
2021-03-02,1.0,0.4060201943227282,0.30619048769769663
2021-03-03,0.9999928192071872,0.41429478630850325,0.32646058259517774
2021-03-04,0.9999675965154768,0.6041595224487204,0.3877658055814359
2021-03-05,0.9999241645401487,0.6762303930907474,0.42958943391768284
2021-03-08,0.9998623558964663,0.49841239601193876,0.47214562462913134
2021-03-09,0.9997820031997042,0.4349526894011557,0.4362066604553257
2021-03-10,0.9996829390651394,0.4128976947990093,0.41807160226651385
2021-03-11,0.9995649961080426,0.4055566139582143,0.38151374147394906
2021-03-12,0.9994280069436874,0.3865371181812409,0.40467828563399133
2021-03-15,0.9992718041873436,0.299974598336191,0.4199614073431661
2021-03-16,0.9990962204542866,0.29183971550136534,0.43863123159084627
2021-03-17,0.9989010883597889,0.31366609512923094,0.3871003686529516
2021-03-18,0.9986862405191212,0.43585444846637456,0.4300579695357852
2021-03-19,0.9984515095475581,0.3190766495205436,0.4368685173599838
2021-03-22,0.998196728060373,0.25065091763510505,0.4193331131618681
2021-03-23,0.9979217286728366,0.3329332571283419,0.4748892653880607
2021-03-24,0.9976263440002233,0.3470375309582777,0.5008422006048444
2021-03-25,0.9973104066578049,0.3915539467835143,0.5325486816114755
2021-03-26,0.9969737492608566,0.2524480853495904,0.513049186842338
2021-03-29,0.99661623557685,0.27765288626405027,0.5313900964010927
2021-03-30,0.9962378459170145,0.25042865307677653,0.5636975739073538
2021-03-31,0.9958385594845751,0.25546453292690674,0.553242561829247
2021-04-01,0.9954183474176981,0.2608687369022671,0.5206903001939468
2021-04-02,0.9949771808545513,0.02506509176351049,0.5305492383051805
2021-04-05,0.9945150621983858,0.10343557503016446,0.4968110937778293
2021-04-06,0.994032118912795,0.2517050866831777,0.4540893269644726
2021-04-07,0.9935285097264437,0.29666603162507144,0.45737399882396085
2021-04-08,0.9930043933680075,0.22926271670794438,0.4281404192744899
2021-04-09,0.9924599285661584,0.2330475646154823,0.43864868420699316
2021-04-12,0.9918952740495692,0.23070426112910394,0.4321679460776804
2021-04-13,0.9913105885469102,0.3129611989585318,0.4075297746106505
2021-04-14,0.9907060307868534,0.25859528799136344,0.3877071826913001
2021-04-15,0.9900817594980733,0.2505302597320125,0.3969020263829847
2021-04-16,0.9894379334092385,0.2068775004762812,0.3869719352982282
2021-04-19,0.9887747112490226,0.1868800406426621,0.35116766952083955
2021-04-20,0.9880922517461004,0.15996062742109604,0.3521700761918589
2021-04-21,0.9873907136291393,0.10759509747888488,0.35408986396804515
2021-04-22,0.9866702556268132,0.15981456785419443,0.3685719553463629
2021-04-23,0.9859310364677949,0.12251857496666033,0.31582119929007924
2021-04-26,0.9851732148807573,0.1110116212611926,0.32541029310550107
2021-04-27,0.9843969495943687,0.09203657839588492,0.3237138093154001
2021-04-28,0.9836023993373031,0.15274020448339362,0.30287807065356087
2021-04-29,0.9827897228382341,0.12591604750111132,0.3084566427789583
2021-04-30,0.981959078825831,0.11473296500920807,0.3758658063869419
2021-05-03,0.9811106260287685,0.05955420080015239,0.349362442507056
2021-05-04,0.9802445231757169,0.1214136025909697,0.38385373454660393
2021-05-05,0.9793609289953507,0.07579856480599478,0.3904136807030462
2021-05-06,0.9784600022163374,0.09280497872610655,0.35249048832419994
2021-05-07,0.977541901567351,0.14717724010922714,0.28756049121506866
2021-05-10,0.9766067857770633,0.13108528608623862,0.3127687814762416
2021-05-11,0.9756548135741498,0.16954975550898585,0.300901002496171
2021-05-12,0.97468614368728,0.19693274909506572,0.35421471729894394
2021-05-13,0.973700934845124,0.21222455070807136,0.35013483264731127
2021-05-14,0.9726993457763573,0.14181748904553246,0.30694587272478285
2021-05-17,0.9716815352096484,0.12486187845303867,0.304907049156412
2021-05-18,0.9706476618736728,0.11435829046802562,0.2591883548985021
2021-05-19,0.9695978844971007,0.21280243855972567,0.2927515257614048
2021-05-20,0.9685323618086024,0.12255032704642152,0.25952800965890466
2021-05-21,0.9674512525368524,0.14075061916555534,0.29310952814391
2021-05-24,0.9663547154105236,0.11898774369721213,0.270723639165818
2021-05-25,0.9652429091582855,0.16494570394360827,0.24850780131941624
2021-05-26,0.9641159925088125,0.1332761795897631,0.29016272103290963
2021-05-27,0.962974124190775,0.1568108211087826,0.29060619648423786
2021-05-28,0.9618174521058922,0.16172604305582014,0.29361252149132977
2021-05-31,0.9606460808480755,0.026671746999428453,0.2734019444899417
2021-06-01,0.9594601041842887,0.11740013970915095,0.2845385036037399
2021-06-02,0.9582596158814827,0.12535721089731375,0.28997297977018005
2021-06-03,0.9570447097066257,0.14122054994602143,0.3472394883787958
2021-06-04,0.9558154794266729,0.1385406744141741,0.3227096126324721
2021-06-07,0.9545720188085811,0.07182955483584175,0.30896053113233535
2021-06-08,0.9533144216193161,0.10471200863656568,0.3213688937099869
2021-06-09,0.9520427816258303,0.05702038483520669,0.3188436344043874
2021-06-10,0.9507571925950877,0.15801104972375687,0.32253061144121803
2021-06-11,0.9494577441155396,0.1133930272432844,0.36978289840518797
2021-06-14,0.9481445090616143,0.08680383565123514,0.36320102460281833
2021-06-15,0.9468175561292407,0.09972693211405345,0.36068605786571495
2021-06-16,0.945476958017708,0.18217438242204861,0.4483827689873266
2021-06-17,0.9441228034398117,0.2672699561821299,0.5087289930914481
2021-06-18,0.9427551851117126,0.28192036578395885,0.5386991625429247
2021-06-21,0.9413741957495709,0.23132660189242396,0.5010395494182012
2021-06-22,0.9399799106291598,0.179824728519718,0.4858387682570027
2021-06-23,0.9385723352646727,0.16838127897377278,0.49595546808364205
2021-06-24,0.9371514577299038,0.13815964945703943,0.492907077796604
2021-06-25,0.9357172660986564,0.13039944116339616,0.48985197496489447
2021-06-28,0.9342697484447253,0.14177303613386674,0.4979571489048251
2021-06-29,0.9328088928419129,0.1359624055375627,0.516262705728305
2021-06-30,0.9313346873640169,0.18214263034228742,0.5420030770304789
2021-07-01,0.9298471200848377,0.156664761541881,0.5463116357039361
2021-07-02,0.9283461790781722,0.15824601511398997,0.5340536341269353
2021-07-05,0.9268318524178198,0.05585190829999365,0.5350609633307116
2021-07-06,0.9253041281775785,0.1963104083317457,0.5603113188718277
2021-07-07,0.9237629944312511,0.17838318409855844,0.5808369379698206
2021-07-08,0.922208439252632,0.24464977456023365,0.5423592894010696
2021-07-09,0.9206404507155233,0.15593446370737282,0.5206370473395503
2021-07-12,0.9190590168937227,0.11708896932749094,0.5308562253481787
2021-07-13,0.9174641258610281,0.17385533752460783,0.5853974408199693
2021-07-14,0.9158557656912407,0.1613005651870197,0.5440177354380284
2021-07-15,0.9142339244581565,0.16690798247285196,0.5594042303351525
2021-07-16,0.9125985902355778,0.14094748206007493,0.5615338970080856
2021-07-19,0.9109497510973039,0.20642027052771952,0.5637356116604944
2021-07-20,0.9092873951171283,0.20123833111068776,0.5739632922257102
2021-07-21,0.9076115103688567,0.1335873499714231,0.5626897972005995
2021-07-22,0.9059220849262832,0.1723312376960691,0.5765767096180016
2021-07-23,0.9042191068632084,0.09873626722550327,0.5739189894308746
2021-07-26,0.9025025642534326,0.12252492538261253,0.55202043119597
2021-07-27,0.9007724451707517,0.14754556423445733,0.5408395692873332
2021-07-28,0.899028737688969,0.179824728519718,0.5212966667293174
2021-07-29,0.8972714298818794,0.11057979297643997,0.4897794794824364
2021-07-30,0.8955005098232816,0.13205054931097984,0.4998384514248943
2021-08-02,0.8937159655869795,0.08467009589128086,0.49672651571496207
2021-08-03,0.8919177852467666,0.09352257572871023,0.4992168697882693
2021-08-04,0.890105956876444,0.10734108084079505,0.5158228103008029
2021-08-05,0.8882804685498122,0.08887407125166696,0.5173559555038837
2021-08-06,0.8864413083406681,0.0910586143392392,0.563296611238948
2021-08-09,0.8845884643228104,0.08798501301835268,0.577621629071942
2021-08-10,0.8827219245700402,0.0584238267606528,0.5862472489754423
2021-08-11,0.8808416771561554,0.07581126563789928,0.5713534548572434
2021-08-12,0.8789477101549537,0.036686352956118606,0.5757644917126927
2021-08-13,0.8770400116402355,0.03275544548167905,0.5308777054911311
2021-08-16,0.8751185696858013,0.0427827522702737,0.5425570857174042
2021-08-17,0.8731833723654452,0.10723947418555915,0.5859859072362135
2021-08-18,0.8712344077529703,0.10309265256874323,0.583674106851181
2021-08-19,0.8692716625783881,0.15434050930335938,0.6031579390160833
2021-08-20,0.8672951181965676,0.08332380770940495,0.5855424317848823
2021-08-23,0.8653047546185872,0.07220422937702417,0.5528944045122615
2021-08-24,0.8633005518555334,0.05541372959928875,0.5432408702679913
2021-08-25,0.8612825193246367,0.07743062170572171,0.5315861027055143
2021-08-26,0.8592507840677275,0.09191592049279226,0.543891092095218
2021-08-27,0.8572055025327847,0.1218263796278656,0.5124307377265598
2021-08-30,0.8551468311677937,0.03477487775449292,0.5109808280774126
2021-08-31,0.853074926420728,0.13598145678541942,0.5020777563274672
2021-09-01,0.8509899447395739,0.10351813043754365,0.4801930706848835
2021-09-02,0.8488920425723103,0.05784593890899853,0.45604670499082295
2021-09-03,0.846781376366919,0.10952562392836732,0.453202823564791
2021-09-06,0.8446581025713797,0.0,0.45803630323159833
2021-09-07,0.8425223776336717,0.12229631040833175,0.47538867871165735
2021-09-08,0.8403743580017791,0.13936622848796595,0.49188990352730655
2021-09-09,0.8382142001236774,0.15319108401600304,0.48507488067333193
2021-09-10,0.8360420604473529,0.11602844986346603,0.4926922763670987
2021-09-13,0.8338580954207826,0.10821108782625263,0.49100832266038785
2021-09-14,0.8316624614919474,0.14030609004889819,0.49423302912080963
2021-09-15,0.82945531510883,0.1311614910776656,0.48536799512400786
2021-09-16,0.8272368127194083,0.1372896424715819,0.5155310383590608
2021-09-17,0.8250071107716668,0.1212484917762113,0.5423758470112622
2021-09-20,0.8227663657135817,0.1334412904045215,0.5398420851490782
2021-09-21,0.8205147339931376,0.13278084714548802,0.538817303329152
2021-09-22,0.8182523720583115,0.18900742998666412,0.561506599326419
2021-09-23,0.8159794363570878,0.16351686035435317,0.5257135211234837
2021-09-24,0.8136960833374447,0.1019813297771004,0.5364849178071274
2021-09-27,0.8114024694473629,0.13980440718867085,0.5520875566426888
2021-09-28,0.8090987511348251,0.21307550644567216,0.5577856120632488
2021-09-29,0.8067850848478084,0.20144154442115955,0.6137682346276021
2021-09-30,0.8044616270342946,0.21026227217882767,0.6256932939888717
2021-10-01,0.8021285341422697,0.1988823267924049,0.6133337092358363
2021-10-04,0.7997859626197057,0.1337778624499905,0.5945972070444137
2021-10-05,0.7974340689145913,0.11976884485933828,0.6083413660117907
2021-10-06,0.7950730094749003,0.18643551152600493,0.6339269012835274
2021-10-07,0.7927029407486179,0.11659363688321586,0.6341421502160104
2021-10-08,0.7903240191837222,0.13506699688829618,0.6181564488311666
2021-10-11,0.7879363833059818,0.07770368959166823,0.630635964382341
2021-10-12,0.7855401146234771,0.129072204229377,0.6446772653272008
2021-10-13,0.783135305320382,0.150441353908681,0.5987236320057715
2021-10-14,0.7807219419066609,0.09709785990982409,0.5964257042130627
2021-10-15,0.7782999808059348,0.11815583920746806,0.5937769340854953
2021-10-18,0.7758693784418202,0.12843716263415253,0.5845498701793871
2021-10-19,0.7734300912379393,0.12657014034419253,0.5689423088110658
2021-10-20,0.7709820756179031,0.1256620308630215,0.5556716079945525
2021-10-21,0.768525288005339,0.12206134501809865,0.5729698356142562
2021-10-22,0.7660596848238601,0.1430431193243157,0.5592144890724244
2021-10-25,0.7635852224970874,0.12051819394170318,0.5811430300068644
2021-10-26,0.7611018574486428,0.09641201498698163,0.5900729519354955
2021-10-27,0.7586095461021376,0.16185305137486503,0.5851405741105209
2021-10-28,0.7561082448811973,0.2253318092335048,0.530815950080147
2021-10-29,0.7535979102094368,0.20281323426684447,0.6100749925490764
2021-11-01,0.7510784985104761,0.13042484282720515,0.5803576622802427
2021-11-02,0.7485499662079329,0.1341207849114117,0.597354272892686
2021-11-03,0.746012269725429,0.18114561503778495,0.5737753409748951
2021-11-04,0.7434653654865819,0.15916682542706548,0.611223732693941
2021-11-05,0.7409092099150083,0.1790309265256874,0.6010041071823333
2021-11-08,0.7383437594343292,0.11428208547659871,0.5862624640766984
2021-11-09,0.735768970468162,0.15254334158887403,0.579910159302109
2021-11-10,0.733184799440127,0.23036133866768274,0.656668107626257
2021-11-11,0.7305912027738417,0.1064266209436718,0.6727468896305512
2021-11-12,0.7279881368929262,0.11345018098685464,0.6740294331658785
2021-11-15,0.7253755582209971,0.13286975296881945,0.7225844012991901
2021-11-16,0.7227534231816746,0.17902457610973518,0.751326622578674
2021-11-17,0.720121688198577,0.1902521115133041,0.7483887655272361
2021-11-18,0.7174803096953246,0.1459516098304439,0.709330258092868
2021-11-19,0.7148292440955339,0.22766876230393088,0.7666979023745406
2021-11-22,0.7121684478228261,0.21307550644567216,0.7952387473138637
2021-11-23,0.7094978773008167,0.21843525750936685,0.7812650193187034
2021-11-24,0.7068174889531287,0.21226900361973708,0.8096138854804074
2021-11-25,0.7041272392033768,0.03647043881374229,0.8000990771593581
2021-11-26,0.7014270844751822,0.33299041087191206,0.7297838292113837
2021-11-29,0.6987169811921641,0.2129357972947228,0.737676439236703
2021-11-30,0.6959968857779399,0.3412967549374484,0.7032406375664426
2021-12-01,0.6932667546561273,0.27083888994729155,0.7132588867378926
2021-12-02,0.6905265442503481,0.06205626468533687,0.7215936297056049
2021-12-03,0.6877762109842189,0.23875023814059818,0.7121356542627785
2021-12-06,0.6850157112813591,0.1358353972185178,0.7250094199376901
2021-12-07,0.6822450015653878,0.14780593128849936,0.7323493637850148
2021-12-08,0.6794640382599226,0.17346161173556865,0.679951687578481
2021-12-09,0.6766727777885828,0.12421413602590967,0.7091915321696455
2021-12-10,0.6738711765749885,0.1353527656061472,0.689371625268167
2021-12-13,0.6710591910427572,0.08961706991807963,0.7062384600169531
2021-12-14,0.6682367776155083,0.12474122054994599,0.7205800354601353
2021-12-15,0.6654038927168617,0.1759700260367054,0.6924016679330993
2021-12-16,0.6625604954385045,0.18357147393154252,0.6639512185953591
2021-12-17,0.6597065555444139,0.13984886010033656,0.7236928661760247
2021-12-20,0.6568420454666386,0.14111259287483327,0.691631515307735
2021-12-21,0.6539669253374258,0.10445164158252365,0.6813331292719758
2021-12-22,0.651081106089797,0.09506572680510572,0.6496038256134599
2021-12-23,0.6481844863569775,0.07412840541055438,0.6462560558340509
2021-12-24,0.6452769647721901,0.038394614847272496,0.6462453157625754
2021-12-27,0.6423584399686542,0.014294786308503199,0.6379893333190131
2021-12-28,0.6394288105795933,0.02845621388200925,0.6462882760484788
2021-12-29,0.6364879752382295,0.08102495713469232,0.6163843370377623
2021-12-30,0.6335358325777882,0.06963231091636501,0.6272971446624974
2021-12-31,0.6305722812314851,0.040718867085794114,0.5841941053117714
2022-01-03,0.627597219832551,0.10269257636375181,0.6384690565115703
2022-01-04,0.6246105470142016,0.14359560551216102,0.6415541420428152
2022-01-05,0.6216121614096615,0.1539531339302724,0.6206937907171768
2022-01-06,0.6186019950104553,0.16943544802184543,0.626364995959048
2022-01-07,0.615580113241327,0.12789102686225948,0.5808020327375283
2022-01-10,0.6125466148853196,0.14656124976185939,0.5994114440831595
2022-01-11,0.6095015987254762,0.1378611799072839,0.5688393831260958
2022-01-12,0.6064451635448451,0.15369911729218264,0.5176253522967206
2022-01-13,0.6033774081264678,0.1511589509112847,0.5068105478241955
2022-01-14,0.6002984312533899,0.16956245634089032,0.530393059765814
2022-01-17,0.5972083317086554,0.05589636121165936,0.5349495350891557
2022-01-18,0.5941072082753109,0.22096272305836032,0.5848309020496538
2022-01-19,0.5909951597363996,0.1543849622150251,0.5725491828148112
2022-01-20,0.5878722848749653,0.16304057915793482,0.5909822779870602
2022-01-21,0.5847386824740548,0.1606718740077475,0.566779079414774
2022-01-24,0.581594451316712,0.19217628754683427,0.5764455912454093
2022-01-25,0.5784396901859825,0.14964755191465037,0.5890208724339058
2022-01-26,0.5752744978649087,0.19488791515844286,0.6266057525612831
2022-01-27,0.5720989731365389,0.23467962151520924,0.6884945194310272
2022-01-28,0.5689132147839127,0.21613640693465422,0.682530647241458
2022-01-31,0.5657173215900766,0.1948752143265384,0.6231246268943924
2022-02-01,0.56251139233808,0.18058677843398743,0.593277968264878
2022-02-02,0.5592955258109615,0.13061535530577253,0.570494696642208
2022-02-03,0.5560698207917687,0.2582333142820854,0.4784549691178187
2022-02-04,0.5528343760635455,0.2574839651997206,0.46935857608132503
2022-02-07,0.5495892904093367,0.19211278338731183,0.4728553643524497
2022-02-08,0.5463346626121863,0.14800914459897122,0.4877585560331904
2022-02-09,0.5430705914551401,0.12006731440909377,0.48221488914008825
2022-02-10,0.539797175721243,0.273652124214136,0.47680860566127053
2022-02-11,0.5365145141935388,0.32632882453800727,0.5293960231305339
2022-02-14,0.5332227056550716,0.31694926017654157,0.554176500544611
2022-02-15,0.5299218488888879,0.21352638597828158,0.5177824258420444
2022-02-16,0.5266120426780319,0.18014224931733028,0.5054939940625317
2022-02-17,0.5232933858055455,0.279799326855909,0.5113822382487961
2022-02-18,0.5199659770544791,0.18271416777798946,0.5354834061420682
2022-02-21,0.5166299152078713,0.12368705150187334,0.5418728536638409
2022-02-22,0.5132852990487713,0.29320505493109794,0.5294725461397944
2022-02-23,0.5099322273602214,0.15374992061980056,0.5408928221417313
2022-02-24,0.5065707989252655,0.6190829999364958,0.6129000788500247
2022-02-25,0.5032011125269502,0.3689083634978091,0.5571958031380694
2022-02-28,0.4998232669483187,0.48922969454499265,0.5896505091241374
2022-03-01,0.4964373609724184,0.38580046993078043,0.6504370761587404
2022-03-02,0.49304349338229336,0.43930907474439573,0.6498445822156951
2022-03-03,0.4896417629609848,0.3122880548675938,0.6825301997384801
2022-03-04,0.48623226849153767,0.42124214136025906,0.7677705670131241
2022-03-07,0.48281510875700206,0.6184416079253191,0.8169198191013971
2022-03-08,0.47939038254041844,0.5734870133993777,0.7849734764984866
2022-03-09,0.47595818862483164,0.39539594843462245,0.6618466120892033
2022-03-10,0.4725186257932874,0.4390741093541627,0.7166594618687188
2022-03-11,0.4690717928288297,0.38764844097288376,0.7640594248154736
2022-03-14,0.4656177885145043,0.3483266653965834,0.7415254123516188
2022-03-15,0.46215671163335337,0.39192227090874454,0.7288203552994637
2022-03-16,0.4586886609684253,0.43306026544738685,0.6718997664929469
2022-03-17,0.4552137353027623,0.2871912110243221,0.6312857387065914
2022-03-18,0.4517320334194084,0.27886581571092905,0.6554992298473752
2022-03-21,0.4482436541014101,0.23725789039182063,0.6749920120718412
2022-03-22,0.44474869613181145,0.29450689020130816,0.6665427083417246
2022-03-23,0.4412472582936573,0.23426684447831334,0.6757299444827806
2022-03-24,0.4377394393699916,0.2592557312503969,0.6781916583654874
2022-03-25,0.4342253335149815,0.2703880104146822,0.6836820724041914
2022-03-28,0.43070501636727787,0.3447069283038039,0.6780412973648337
2022-03-29,0.427178558936653,0.4358862005461358,0.6078173400243978
2022-03-30,0.423646032232881,0.390741093541627,0.5565697464716639
2022-03-31,0.420107507265735,0.3570902394106814,0.6145701599644149
2022-04-01,0.41656305504498903,0.2793039944116339,0.6225375029870818
2022-04-04,0.41301274658041187,0.19074744395757923,0.6699379134368131
2022-04-05,0.409456652881782,0.21738743887724646,0.7103850226123252
2022-04-06,0.4058948449588682,0.3029529434177939,0.7125137942793025
2022-04-07,0.40232739382144533,0.2818314599606274,0.7192321564900022
2022-04-08,0.39875437047928486,0.22595414999682475,0.7174694422591381
2022-04-11,0.3951758459421626,0.23955674096653332,0.708620965872529
2022-04-12,0.3915918912198473,0.3103956309138248,0.7428415186103063
2022-04-13,0.3880025773221183,0.251374865053661,0.6946051725974242
2022-04-14,0.3844079752587417,0.33575919222709083,0.7322880558770116
2022-04-15,0.380808156039496,0.09474820600749348,0.7418109192516675
2022-04-18,0.3772031906741491,0.1372642408077729,0.7564397916068129
2022-04-19,0.3735931501724803,0.2567981202768781,0.7468113175293183
2022-04-20,0.3699781055442557,0.3277830697910713,0.6992448834746994
2022-04-21,0.3663581277992538,0.326633644503715,0.7100883281378231
2022-04-22,0.3627333298855797,0.326894011557757,0.7295829003742023
2022-04-25,0.35910399250469904,0.43702292500158757,0.7823734841955381
2022-04-26,0.35547043829640224,0.3388137423001206,0.8276316978889477
2022-04-27,0.3518329899004886,0.3961262462691306,0.8758112110236087
2022-04-28,0.34819196995675217,0.47346161173556867,0.9114610882735423
2022-04-29,0.34454770110499133,0.3791960373404458,0.8769563711446502
2022-05-02,0.3409005059850019,0.30131453610211467,0.8956745257139684
2022-05-03,0.33725070723658135,0.29586587921508856,0.8828634104559967
2022-05-04,0.33359864919007975,0.3493236807010859,0.8115439658250913
2022-05-05,0.32994476293808184,0.4721280243855973,0.860773320946451
2022-05-06,0.32628950126372835,0.5629516733346034,0.8525392661488175
2022-05-09,0.3226333169501583,0.43408268241569825,0.8389562082535669
2022-05-10,0.3189766627805124,0.46163078681653646,0.8534767848880032
2022-05-11,0.31531999153793056,0.4569124277640185,0.8594411045805517
2022-05-12,0.31166375600554996,0.503397472534451,0.9441408882576119
2022-05-13,0.30800840896651405,0.34775512796088137,0.9200795481293935
2022-05-16,0.3043544032039618,0.2577443322537626,0.8968246083677683
2022-05-17,0.30070219150103306,0.35330539150314344,0.8139152841062167
2022-05-18,0.29705222664086683,0.30516288816917503,0.8687992868592551
2022-05-19,0.29340496140660477,0.477024195084778,0.781844088172406
2022-05-20,0.28976084858138673,0.3287165809360513,0.791299826100343
2022-05-23,0.2861203409483517,0.30883977900552484,0.6999273255163512
2022-05-24,0.2824838912906378,0.3326093859147774,0.666676064229208
2022-05-25,0.2788519523913897,0.3406490125103194,0.7010031226757814
2022-05-26,0.2752249770337447,0.27852289324950785,0.6627689157271344
2022-05-27,0.27160341800084176,0.27085159077919607,0.6577009444997854
2022-05-30,0.2679877280758216,0.16740331491712704,0.6213780227707416
2022-05-31,0.26437836004182547,0.39357337905632817,0.6494055817941473
2022-06-01,0.260775766681991,0.32429034101733656,0.6986085342397963
2022-06-02,0.25718040077946247,0.26361846700958913,0.6322290749844941
2022-06-03,0.25359271511737536,0.2362418238394615,0.6468234896103235
2022-06-06,0.2500131624788704,0.23226011303740393,0.6582728533058386
2022-06-07,0.24644219564709013,0.3205753476852734,0.6481838986638467
2022-06-08,0.24288026740517088,0.29987299168095505,0.6371287850920645
2022-06-09,0.23932783053625561,0.37995808725471514,0.6993930069604621
2022-06-10,0.23578533782348332,0.41776846383438115,0.7617086916713433
2022-06-13,0.2322532420499921,0.5227535403568934,0.8319263839700856
2022-06-14,0.22873199599892535,0.5199212548421922,0.8215134371719235
2022-06-15,0.2252220524534212,0.648625134946339,0.7976758485327713
2022-06-16,0.22172386419661905,0.6472153426049406,0.7246549975790095
2022-06-17,0.2182378840116601,0.5647678922969455,0.7581877382393973
2022-06-20,0.2147645646816838,0.30829364323363173,0.7444811695221816
2022-06-21,0.2113043589898309,0.3376325649330031,0.725308799430061
2022-06-22,0.2078577197192386,0.44612307106115445,0.6995916982827526
2022-06-23,0.20442509965305034,0.5315425160348003,0.7285335058904814
2022-06-24,0.20100695157440507,0.3609449418936941,0.7021384377313031
2022-06-27,0.19760372826644002,0.3674033149171271,0.681173370708783
2022-06-28,0.19421588251230038,0.39879977138502576,0.7185940172431845
2022-06-29,0.19084386709512025,0.42347748777544925,0.7679634407966975
2022-06-30,0.18748813479804483,0.4360894138566076,0.7359754804168231
2022-07-01,0.18414913840421,0.44216041150695373,0.77155017716643
2022-07-04,0.18082733069675916,0.22408077729091255,0.7689658474677139
2022-07-05,0.17752316445882865,0.42803073601320885,0.8709325335560114
2022-07-06,0.17423709247356278,0.4848987108655617,0.9213200263847761
2022-07-07,0.1709695675240952,0.3793293960754429,0.9296149415874364
2022-07-08,0.16772104239357466,0.42237251539975873,0.9084417856800826
2022-07-11,0.16449196986513215,0.3962596050041278,1.0
2022-07-12,0.16128280272191464,0.4696005588366038,0.997685962100078
2022-07-13,0.15809399374705801,0.517946275481044,0.9776530437810058
2022-07-14,0.1549259957237048,0.534571664444021,0.9964938141663335
2022-07-15,0.15177926143499,0.3948371118308249,0.9465847020211908
2022-07-18,0.14865424366406144,0.3357274401473296,0.903656188831937
2022-07-19,0.1455513951940519,0.38207912618276496,0.8458710242716676
2022-07-20,0.14247116880810484,0.3370483266653965,0.8682672058182557
2022-07-21,0.13941401728936098,0.4276497110560742,0.832473680112341
2022-07-22,0.13638039342095798,0.384155712199149,0.8366520154191631
2022-07-25,0.1333707499860366,0.35588366037975483,0.8290059795347946
2022-07-26,0.1303855397677376,0.31121483457166443,0.8912053134713613
2022-07-27,0.12742521554919906,0.34978726106559976,0.8315603265339737
2022-07-28,0.12449023011356442,0.44925382612561127,0.827984777738696
2022-07-29,0.12158103624396999,0.41661903854702487,0.802798415123452
2022-08-01,0.11869808672355786,0.36488219978408587,0.7753333673435607
2022-08-02,0.11584183433546658,0.48044706928303804,0.8337486160970411
2022-08-03,0.11301273186283867,0.40064774242712897,0.8268167949657714
2022-08-04,0.11021123208880823,0.3552359179526259,0.7706193709719145
2022-08-05,0.10743778779652402,0.3336191020511843,0.8104999413771096
2022-08-08,0.10469285176911836,0.26470438813742303,0.794951002898924
2022-08-09,0.10197687678973599,0.19738362862767508,0.7766901963732575
2022-08-10,0.0992903156415137,0.31761605385152725,0.7147844243903445
2022-08-11,0.09663362110759266,0.3337715120340382,0.6950056877628519
2022-08-12,0.09400724597111454,0.26213246967676385,0.7306381123966388
2022-08-15,0.09141164301521609,0.2385660760779831,0.7919818206390169
2022-08-16,0.0888472650230403,0.28722931352003556,0.7792176931937496
2022-08-17,0.08631456477772437,0.36397409030291483,0.769373522680794
2022-08-18,0.08381399570678472,0.3290912554772337,0.8248459918500766
2022-08-19,0.08134601381523288,0.2812853241887343,0.8496300492879784
2022-08-22,0.07891107575245737,0.30972248682288683,0.9097650519864215
2022-08-23,0.07650963816784495,0.38874706293262207,0.886678820847553
2022-08-24,0.07414215771078103,0.3103257763383501,0.8808451720246202
2022-08-25,0.07180909103065414,0.3203721343748015,0.8713786940252084
2022-08-26,0.06951089477685057,0.3542325522321712,0.8722571423712812
2022-08-29,0.06724802559875886,0.3738616879405601,0.8447791170050226
2022-08-30,0.0650209341035426,0.41587603988061217,0.8273998913462779
2022-08-31,0.06283000171612851,0.3905315298152029,0.7968260403772998
2022-09-01,0.060675409300393834,0.3927033720708707,0.8622335231640965
2022-09-02,0.058557234845331596,0.37750047628119643,0.8478991077685623
2022-09-05,0.05647554187454862,0.26342795453102175,0.857922279472769
2022-09-06,0.054430393911654384,0.4414555153362545,0.8678103052775823
2022-09-07,0.05242185448025127,0.3879596113545437,0.7945486977215847
2022-09-08,0.05044998710395232,0.4404521496157998,0.7934541054370716
2022-09-09,0.048514855306359905,0.3762557947545564,0.7592827780268876
2022-09-12,0.046616522611086175,0.3804026163713723,0.6994757950114148
2022-09-13,0.04475505254173262,0.39296373912491267,0.7970287592263943
2022-09-14,0.04293050862191139,0.4531593319362418,0.7825350327706431
2022-09-15,0.04114295437522664,0.3260748078999174,0.7650806266115714
2022-09-16,0.039392453325285626,0.37315679176986094,0.747275825620621
2022-09-19,0.037679068995698284,0.25056836222772594,0.7343420945466399
2022-09-20,0.036002864910068766,0.34732329967612874,0.7653289907644338
2022-09-21,0.03436390459200611,0.4677017844668826,0.847903135295367
2022-09-22,0.03276225156511847,0.5680002540166381,0.8437024248396374
2022-09-23,0.03119796935301089,0.5073537816726995,0.9343517606109673
2022-09-26,0.029671121479291074,0.7710992570013335,0.9807779570773045
2022-09-27,0.028181771467564953,0.545437226138312,0.9838666226323749
2022-09-28,0.026729982841444233,0.7057788785165429,0.8818887489696241
2022-09-29,0.02531581912453218,0.6279037276941639,0.8247309835846961
2022-09-30,0.023939343840436944,0.6313329523083762,0.8279198898068667
2022-10-03,0.022600620512766234,0.5420842065155268,0.8074036682714127
2022-10-04,0.02129971266512687,0.5112719883152347,0.6949228997118986
2022-10-05,0.020036683821125667,0.4008763574014098,0.7569933527907633
2022-10-06,0.018811597504369892,0.4671492982790373,0.815201407665368
2022-10-07,0.017624517238468584,0.4141995300692195,0.8437896879203727
2022-10-10,0.016475506547029006,0.34188099320505494,0.863425671097841
2022-10-11,0.015364628953654424,0.44732965009208103,0.8567605617415386
2022-10-12,0.014291947981955211,0.42837365847463005,0.8524103852911147
2022-10-13,0.013257527155538629,0.47229313520035565,0.7962541315712466
2022-10-14,0.012261429998011497,0.48817552549692,0.8260282947183014
2022-10-17,0.011303720032980635,0.375519146504096,0.7402965691736682
2022-10-18,0.010384460784054195,0.4038674033149171,0.7242786475743985
2022-10-19,0.00950371577483855,0.37167079443703566,0.7778286439496254
2022-10-20,0.008661548528940521,0.4385470248301264,0.7619454207467751
2022-10-21,0.007858022569967371,0.5616244364005842,0.707653016930827
2022-10-24,0.007093201421527695,0.5692576363751826,0.6946159126689004
2022-10-25,0.006367148607228756,0.3936114815520416,0.6260432413177719
2022-10-26,0.005679927650675598,0.43913126309773287,0.5437040358503603
2022-10-27,0.0050316020754772595,0.4690163205689972,0.6182522144684879
2022-10-28,0.004422235405241004,0.41036387883406367,0.6128016281948353
2022-10-31,0.0038518911635727626,0.30795072077221053,0.6638406853597613
2022-11-01,0.003320632874081131,0.37499206198005974,0.6649961380492981
2022-11-02,0.002828524060372928,0.41593954404013467,0.7000937966242159
2022-11-03,0.0023756282460549727,0.431250396900997,0.7383320310996677
2022-11-04,0.0019620089547345287,0.504407188670858,0.5944669836777765
2022-11-07,0.0015877297100188592,0.4428907093414619,0.5483853645046007
2022-11-08,0.0012528540355156714,0.37005143836921317,0.5102437906724276
2022-11-09,0.0009574454548335609,0.48670222899599924,0.5472527344669493
2022-11-10,0.0007015674915757941,0.5443640058423826,0.4127722719994701
2022-11-11,0.00048528366935185474,0.5739696450117483,0.31353311656289173
2022-11-14,0.0003086575117707824,0.5031180542325522,0.32975375701125353
2022-11-15,0.00017175254243761984,0.6069791071315171,0.313610982081086
2022-11-16,7.463228495918628e-05,0.5204927922778942,0.2796674336867714
2022-11-17,1.736026294363313e-05,0.44243347939290023,0.2973111336055932
2022-11-18,0.0,0.35350860481361523,0.3235822434398314
2022-11-21,2.2615019731109243e-05,0.36546643805169243,0.3764497977734042
2022-11-22,8.526884574777682e-05,0.30401981329777095,0.3334675842267729
2022-11-23,0.0001880250016568219,0.3530640756969581,0.2709106954106787
2022-11-24,0.0003309470110632873,0.2404394487838953,0.2591776148270266
2022-11-25,0.0005140605868483306,0.2898393344764082,0.2705253953465069
2022-11-28,0.0007372233213791546,0.40763955039055055,0.3056883893562311
