Time,Close,Volume,diferencia_media_50
2019-05-03,0.0010270586641256685,0.12164809443850812,0.6229724145858767
2019-05-06,0.0009457559496945933,0.20291558540680815,0.6453073106473656
2019-05-07,0.0008677885867962587,0.2092275988398718,0.701076200861831
2019-05-08,0.0007931581615956418,0.22139368035414442,0.7088991620918799
2019-05-09,0.0007218658616716667,0.24391441510202005,0.715692214009874
2019-05-10,0.0006539128746014811,0.2764336233653895,0.6734643788077905
2019-05-13,0.00058930064575069,0.23685188012008346,0.7327719317867597
2019-05-14,0.0005280316516360628,0.18691293950033078,0.7193877709531391
2019-05-15,0.0004701086265574972,0.21626214827252838,0.7164114417798327
2019-05-16,0.0004155343048131144,0.17873098254719383,0.7153613381675374
2019-05-17,0.0003643114207054765,0.2530071744771791,0.708736054282278
2019-05-20,0.0003164427085353694,0.20411641988500484,0.696285491482665
2019-05-21,0.0002719309026026906,0.17911260367373938,0.6590021530230855
2019-05-22,0.00023077873720911413,0.1494860835495853,0.6756111882636943
2019-05-23,0.00019298894665631394,0.2458632269882461,0.708262264930578
2019-05-24,0.00015856426524418765,0.17572126392917115,0.7093247958045569
2019-05-27,0.0001275074272717447,0.08416781153004631,0.6935406200582209
2019-05-28,9.98211670415472e-05,0.20818195695313696,0.7282313210489845
2019-05-29,7.550821885349279e-05,0.23736834071134177,0.7272557810067944
2019-05-30,5.4571317010143616e-05,0.1833231567699588,0.7190382542182783
2019-05-31,3.7013195809620925e-05,0.2882282603164911,0.7964802888095605
2019-06-03,2.2836589555375042e-05,0.27887599857528117,0.750314565061374
2019-06-04,1.2044232546415401e-05,0.2598865313183738,0.7296682231811911
2019-06-05,4.6388590826396126e-06,0.2601765633745484,0.7254476144317789
2019-06-06,6.232034674980014e-07,0.25478807306772505,0.6818232656979624
2019-06-07,0.0,0.21868671449651456,0.6480211139176
2019-06-10,2.771982980931398e-06,0.16389355314710224,0.6398222280216113
2019-06-11,8.941886711966163e-06,0.1810944893909327,0.6191339441332449
2019-06-12,1.8512445492113727e-05,0.20319798504045183,0.6485461657237482
2019-06-13,3.148639362304806e-05,0.17510558184501096,0.6625283885259092
2019-06-14,4.7866465406443126e-05,0.18591563628962499,0.69887657554377
2019-06-17,6.765539514219654e-05,0.11093980562763954,0.6885635017537961
2019-06-18,9.085591713109409e-05,0.2097745891212538,0.7105519878958474
2019-06-19,0.00011747076567392156,0.18548313234620672,0.7069869172002623
2019-06-20,0.00014750267507146475,0.2759476924642548,0.7152898814128551
2019-06-21,0.00018095437962450944,0.24539510507301687,0.6410742746362676
2019-06-24,0.00021782861363384143,0.17158194677657357,0.6132744902492585
2019-06-25,0.0002581281114002465,0.25191573805525874,0.6438781755537117
2019-06-26,0.00030185560722362226,0.2076782170660968,0.5818801204201652
2019-06-27,0.00034901383540653086,0.18221899964382032,0.576227269761675
2019-06-28,0.0003996055302488699,0.18089859054597263,0.5585525968316698
2019-07-01,0.000453633426050537,0.2087620210654862,0.5791461228496947
2019-07-02,0.0005111002571132062,0.16243830458454178,0.6174407297288048
2019-07-03,0.0005720087577376631,0.139273902203226,0.6271961301507109
2019-07-04,0.0006363616622238055,0.05041215081666921,0.6188217091834335
2019-07-05,0.0007041617048741955,0.13403297206533354,0.6064286224691106
2019-07-08,0.0007754116199860661,0.10379331399786292,0.5887958915472855
2019-07-09,0.0008501141418637559,0.09117946369511017,0.5784222348566052
2019-07-10,0.0009282720048071624,0.14539001679132957,0.5723282164083346
2019-07-11,0.0010098879431170715,0.12740548516765887,0.5617153349302362
2019-07-12,0.0010949646910916044,0.1240192337047779,0.5960176839933754
2019-07-15,0.0011835049830350997,0.10174528061873504,0.6021179160724877
2019-07-16,0.001275511553248343,0.12277006055055208,0.6111867102863545
2019-07-17,0.0013709871360285675,0.09976339490154175,0.6200302603822
2019-07-18,0.0014699344656792235,0.16971200325650027,0.6296411938870293
2019-07-19,0.0015723562765002086,0.1696026052002239,0.6345344281750861
2019-07-22,0.0016782553027923086,0.1218923319594973,0.6305872191827205
2019-07-23,0.0017876342788571975,0.11722892179311047,0.6448552690036117
2019-07-24,0.001900495938995661,0.10256958225207348,0.6547908647199349
2019-07-25,0.0020168430175058205,0.154332671856714,0.6066554199948431
2019-07-26,0.002136678248691126,0.09209026611713224,0.6151587738020893
2019-07-29,0.002260004366852364,0.06462372156922606,0.5897621111432151
2019-07-30,0.002386824106287655,0.14313081972217984,0.5936829122045028
2019-07-31,0.002517140201302226,0.19510761715768588,0.6418742796071736
2019-08-01,0.0026509553861924218,0.2807662952221035,0.7524349665861998
2019-08-02,0.0027882723952608046,0.3647000457945352,0.7899482093869317
2019-08-05,0.002929093962807272,0.35212944588612427,0.7619915308211623
2019-08-06,0.0030734228231361627,0.3552383859970488,0.714447934433767
2019-08-07,0.003221261710542933,0.3611204396275378,0.727712482873678
2019-08-08,0.0033726133593310337,0.24551213555182416,0.7558804248880776
2019-08-09,0.0035274805038012502,0.19116674299089198,0.7701873099017301
2019-08-12,0.0036858658782552567,0.17413880832442885,0.7865679942088966
2019-08-13,0.0038477722169911743,0.2723121151986974,0.6920524554715684
2019-08-14,0.004013202254313342,0.28878288302040406,0.7852242965393172
2019-08-15,0.0041821587245181036,0.3752607744364728,0.784494194915385
2019-08-16,0.00435464436190891,0.25723044827761665,0.7719084856449592
2019-08-19,0.004530661900787436,0.15300208619549177,0.7524831222252262
2019-08-20,0.004710214075453578,0.1685620515951763,0.760121227937726
2019-08-21,0.004893303620206346,0.12791940161807358,0.7340255318091293
2019-08-22,0.005079933269347414,0.1835623060092607,0.7458376440397305
2019-08-23,0.005270105757179344,0.26921589579199107,0.7763869600743136
2019-08-26,0.005463823818000257,0.4027069658576299,0.7445265679320732
2019-08-27,0.005661090186112716,0.24490663003103852,0.7766106507846251
2019-08-28,0.005861907595817506,0.21798707576451437,0.7505040808020538
2019-08-29,0.0060662787814136365,0.20651554470055467,0.729065500989521
2019-08-30,0.006274206477202782,0.2071286826438712,0.7967288340432412
2019-09-02,0.006485693417487504,0.11677352058209943,0.8116850434798801
2019-09-03,0.006700742336565035,0.21467969266778608,0.820520826537174
2019-09-04,0.0069193559687397155,0.16920317508777288,0.7215578815246999
2019-09-05,0.007141537048309665,0.21687783035668856,0.6684732798339712
2019-09-06,0.007367288309577447,0.19062738513204092,0.6711606751731266
2019-09-09,0.007596612486841181,0.13582404721925406,0.6210399753940207
2019-09-10,0.007829512314406095,0.15688444512288202,0.5933877647395089
2019-09-11,0.008065990526568534,0.14311046659543075,0.5894094875929324
2019-09-12,0.00830604985763106,0.2627970284434947,0.5176700127068744
2019-09-13,0.008549693041895345,0.1719483030580573,0.5074221820407411
2019-09-16,0.008796922813659513,0.2031063959700809,0.5578737576621835
2019-09-17,0.009047741907227902,0.18209942502416937,0.5008528208330617
2019-09-18,0.009302153056898632,0.164659339541037,0.5036256535962937
2019-09-19,0.00956015899697249,0.1863964789090724,0.5228024717823483
2019-09-20,0.009821762461751149,0.15567343408131074,0.5779065034967206
2019-09-23,0.010086966185535395,0.14219966417340862,0.597536916734241
2019-09-24,0.010355772902625127,0.1994504655777744,0.6086220341563287
2019-09-25,0.010628185347322017,0.2021167251819061,0.6101847623130854
2019-09-26,0.01090420625392774,0.1631913702742584,0.6177327703783778
2019-09-27,0.011183838356740416,0.18958428738614974,0.5876075346487586
2019-09-30,0.011467084390063498,0.15410369918078665,0.6066134779866597
2019-10-01,0.011753947088194217,0.18148374294000919,0.6017450982219686
2019-10-02,0.0120444291854378,0.1877397852745128,0.6227285295753289
2019-10-03,0.01233853341609148,0.23336131888261336,0.6362726914031305
2019-10-04,0.012636262514456043,0.1745535032819417,0.6190531669323001
2019-10-07,0.012937619214835827,0.13815956851371292,0.5895834692565067
2019-10-08,0.013242606251528954,0.19850913346562865,0.6108993298599135
2019-10-09,0.01355122635883621,0.15140436574568766,0.5608594072817535
2019-10-10,0.013863482271057492,0.29247443138452145,0.491304023636652
2019-10-11,0.014179376722494474,0.25839312064315884,0.427968484464369
2019-10-14,0.014498912447449719,0.13738869383809088,0.4384959285183908
2019-10-15,0.014822092180222235,0.20066656490103296,0.39476905487568115
2019-10-16,0.01514891865511192,0.21946522159466753,0.3722430896657992
2019-10-17,0.015479394606420449,0.20544446140538342,0.34068095180397123
2019-10-18,0.015813522768449495,0.16497226886480437,0.3292168029005231
2019-10-21,0.016151305875498068,0.14846079478959956,0.3321247821345691
2019-10-22,0.01649274666186873,0.1375159008802727,0.36606052697803004
2019-10-23,0.01683784786186049,0.1635144761614003,0.3484402233178928
2019-10-24,0.01718661220977502,0.16777591207449244,0.3791107051538965
2019-10-25,0.017539042439914,0.10987889889584289,0.40092520963236905
2019-10-28,0.017895141286576433,0.09360148577825268,0.36321779086782563
2019-10-29,0.018254911484063108,0.11416832035821504,0.3648706166717932
2019-10-30,0.018618355766676586,0.15614664427822722,0.34085027324441586
2019-10-31,0.018985476868715878,0.21837124103190353,0.4135342200184541
2019-11-01,0.019356277524482657,0.1426576095252633,0.39416943949943084
2019-11-04,0.01973076046827682,0.09687579504401363,0.396094111652733
2019-11-05,0.02010892843440093,0.1767007581539714,0.39640790001025317
2019-11-06,0.020490784157153996,0.11438202818908054,0.4236733121448526
2019-11-07,0.020876330370836804,0.19412049051035468,0.4161408381566635
2019-11-08,0.02126556980975014,0.13901185569633134,0.4503297884569381
2019-11-11,0.021658505208196566,0.06503841652673893,0.4628859829808651
2019-11-12,0.02205513930047509,0.13256500279855493,0.4908830501471079
2019-11-13,0.0224554748208865,0.13835037907698572,0.5141810589891023
2019-11-14,0.02285951450373158,0.13597415152902864,0.5396662658874785
2019-11-15,0.023267261083312896,0.10746705337607491,0.48466320567428717
2019-11-18,0.023678717293928564,0.11749096830000509,0.4795804556455506
2019-11-19,0.02409388586988115,0.10453365898336132,0.4885094431654716
2019-11-20,0.02451276954546877,0.16032412354347936,0.48978013067265663
2019-11-21,0.024935371054997546,0.15800386709408232,0.5024124421743988
2019-11-22,0.025361693132762042,0.11994097593242763,0.5324770950033094
2019-11-25,0.025791738513066598,0.09057141403348089,0.5163806843071631
2019-11-26,0.02622550993021111,0.10379331399786292,0.49629356920275913
2019-11-27,0.026663010118497255,0.08938075611865874,0.47782044470955903
2019-11-28,0.027104241812224927,0.05470157227904136,0.4720883702578339
2019-11-29,0.02754920774569314,0.11257314404925457,0.4716658433605788
2019-12-02,0.027997910653206226,0.12042690683356232,0.4669388236975447
2019-12-03,0.028450353269062312,0.14258128529995423,0.4968093005626436
2019-12-04,0.02890653832756307,0.15510609067317965,0.48465233182031353
2019-12-05,0.029366468563010173,0.10488475041978325,0.47649849474792805
2019-12-06,0.029830146709701744,0.11254770264081819,0.5324802018187302
2019-12-09,0.030297575501941232,0.06197527095099985,0.5347512838914711
2019-12-10,0.030768757674027647,0.08684679183839618,0.49761241234896925
2019-12-11,0.03124369596026355,0.09760087518445022,0.4883836171409225
2019-12-12,0.031722393094947066,0.148710120592276,0.42906519030797746
2019-12-13,0.03220485181238164,0.24502874879153314,0.4426171191743307
2019-12-16,0.0326910748468654,0.08912634203429502,0.40965225414992906
2019-12-17,0.033181064932702675,0.07981733068742687,0.4174581278951637
2019-12-18,0.033674824804190706,0.07030733221391137,0.448007443929749
2019-12-19,0.034172357195631164,0.08638121406401057,0.4657193986448069
2019-12-20,0.03467366484132661,0.06763344018724878,0.49693046636406313
2019-12-23,0.03517875047557517,0.058512695262809764,0.4945646264209785
2019-12-24,0.0356876168326794,0.08127003510914364,0.5033507004315362
2019-12-26,0.036200266646939205,0.0,0.4697893268463029
2019-12-27,0.03671670265265714,0.14028647025899355,0.4155319023341506
2019-12-30,0.03723692758413133,0.1397776420902661,0.4503127009721228
2019-12-31,0.03776094417566345,0.07865720246272835,0.4534863129246627
2020-01-02,0.03828875516155428,0.11670228463847758,0.504753427594112
2020-01-03,0.038820363276106384,0.1855848979799522,0.5564710304996054
2020-01-06,0.03935577125361789,0.1493258026764362,0.5013359306310243
2020-01-07,0.03989498182838869,0.13626927186689053,0.5327846697299867
2020-01-08,0.04043799773472401,0.29158907037093573,0.5157391269227306
2020-01-09,0.04098482170692197,0.12752505978730982,0.4796456987693911
2020-01-10,0.041535456479281585,0.08876761817534219,0.4697473848381195
2020-01-13,0.0420899047861063,0.0637281839922658,0.4237571961612183
2020-01-14,0.04264816936169691,0.12847911260367373,0.4285696532483303
2020-01-15,0.04321025294035241,0.09188419070879765,0.4197307633756156
2020-01-16,0.04377615825637449,0.07817635984328093,0.41192954985351277
2020-01-17,0.04434588804406392,0.07325090316999948,0.4543422405731442
2020-01-20,0.044919445037721495,0.03302803643209688,0.4496602697337133
2020-01-21,0.04549683197164711,0.10892739022032259,0.48930478791324455
2020-01-22,0.04607805158014244,0.1008293899150257,0.48441155362518773
2020-01-23,0.046663105024864926,0.13179158398208923,0.5469377673803011
2020-01-24,0.04725198717689327,0.10466849844807409,0.5923500883888981
2020-01-27,0.0478446913346664,0.18706558795094896,0.6320132474609536
2020-01-28,0.04844121079661878,0.11418104106243322,0.6095183504052826
2020-01-29,0.049041538861190226,0.10258484709713529,0.6294842997082704
2020-01-30,0.049645668826815204,0.17724520429450974,0.6189553022465376
2020-01-31,0.050253593991931744,0.17557624790108384,0.6148543058908329
2020-02-03,0.05086530765497521,0.15941077698061368,0.6165521805184025
2020-02-04,0.05148080311438541,0.1224418663817229,0.5591444451693685
2020-02-05,0.05210007366859504,0.14340558693329264,0.5732851155579994
2020-02-06,0.0527231126160439,0.10098458250648755,0.5751057093946996
2020-02-07,0.053349913255168246,0.12624026866127308,0.6243891224178482
2020-02-10,0.05398046888440433,0.11178191624688343,0.6515908448363181
2020-02-11,0.054614772802188405,0.09695211926932275,0.6452684754546052
2020-02-12,0.055252818306958495,0.09760087518445022,0.6539473643331379
2020-02-13,0.05589459869715174,0.15575484658830713,0.7036672849229348
2020-02-14,0.05654010727120262,0.07936447361725944,0.7131290912875569
2020-02-17,0.05718933732755094,0.03408131074136264,0.6988765755437711
2020-02-18,0.05784228216463205,0.11692362489187401,0.7333342653779595
2020-02-19,0.05849893508088222,0.13219355823538392,0.5959943828777193
2020-02-20,0.05915928937473858,0.21033430010685394,0.5521463434335901
2020-02-21,0.059823338344638266,0.17581285299954208,0.541472879054783
2020-02-24,0.060491075289019314,0.2827532692209841,0.6070297912530708
2020-02-25,0.061162493506317084,0.33181956953136926,0.6247852413840252
2020-02-26,0.06183758629496783,0.35999847351549386,0.6043439493216264
2020-02-27,0.06251634695340957,0.45644176461608915,0.5706334485961847
2020-02-28,0.06319876878007769,0.588411438457233,0.6701028045222807
2020-03-02,0.06388484507341108,0.5036203124204955,0.5594380392266503
2020-03-03,0.06457456913184423,0.48022693736325245,0.6314711081699911
2020-03-04,0.06526793425381516,0.3621584490917417,0.6219891075051339
2020-03-05,0.06596493373776191,0.3249453009718618,0.6538168780854557
2020-03-06,0.06666556088211895,0.5150765786393935,0.6810419016195839
2020-03-09,0.0673698089853243,0.7366254515849997,0.8157316705657192
2020-03-10,0.06807767134581422,0.7211697959599043,0.646882466065807
2020-03-11,0.06878914126202673,0.5656668193151173,0.751423698166667
2020-03-12,0.0695042120323981,0.7335877474176971,0.8010876960788893
2020-03-13,0.07022287695536455,0.8456139011855697,0.5769542645701876
2020-03-16,0.07094512932936325,0.851373836055564,0.6891677773531794
2020-03-17,0.07167096245283044,0.9051646059125833,0.6866994125012016
2020-03-18,0.07240036962420326,0.808601740192337,0.7119391809813189
2020-03-19,0.07313334414192063,0.896206686002137,0.6744818608581629
2020-03-20,0.07386987930441613,1.0,0.6606006095571851
2020-03-23,0.07460996841012779,0.8523329771536152,0.5917955218362522
2020-03-24,0.07535360475749275,0.7592123339948099,0.5373330475063146
2020-03-25,0.07610078164494816,0.7645346766396988,0.45549176227891075
2020-03-26,0.07685149237093025,0.6833714954459879,0.4584525573751127
2020-03-27,0.07760573023387352,0.554045183941383,0.506628390700678
2020-03-30,0.07836348853221953,0.4231033430010686,0.5948976770341088
2020-03-31,0.07912476056440276,0.42555843891517836,0.6189521954311168
2020-04-01,0.07988953962885859,0.3378746247392256,0.706070406651071
2020-04-02,0.08065781902402591,0.3461456266218898,0.7280573393854102
2020-04-03,0.08142959204834188,0.28352414389660613,0.7172564955743418
2020-04-06,0.08220485200024008,0.30449549687070676,0.6603815790700065
2020-04-07,0.08298359217816031,0.30496107464509237,0.6121187549126512
2020-04-08,0.08376580588053972,0.2733119625502468,0.6362664777722876
2020-04-09,0.0845514864058119,0.2784384063501756,0.5990747903676287
2020-04-10,0.0853406270524184,0.19043911870961178,0.5991850823150746
2020-04-13,0.08613322111879196,0.1916933801455249,0.6723443718485238
2020-04-14,0.08692926190337058,0.17764717854780443,0.6524964815315357
2020-04-15,0.08772874299585975,0.17961634356077955,0.6872446586075871
2020-04-16,0.08853165915104722,0.20594820129242358,0.7017954286317886
2020-04-17,0.08933800541498282,0.22864702589935382,0.699805513354647
2020-04-20,0.09014777683372266,0.13725639851422178,0.6965728719091073
2020-04-21,0.09096096845331925,0.20502213402533964,0.6831654099598273
2020-04-22,0.09177757531982689,0.14684272121304637,0.7095717876305244
2020-04-23,0.09259759247930166,0.20480588205363048,0.7543534251086591
2020-04-24,0.09342101497779343,0.15712613850302753,0.7163322179865966
2020-04-27,0.09424783786135826,0.14934615580318528,0.7323494048895046
2020-04-28,0.09507805617605136,0.15805983819264235,0.7687115725767599
2020-04-29,0.09591166496792436,0.13860479316134944,0.7358119506761989
2020-04-30,0.09674865928303156,0.2053808578842925,0.6215603669770371
2020-05-01,0.09758903416742815,0.13291100595328958,0.6148372184060164
2020-05-04,0.09843278466716487,0.12729863125222612,0.6869790258890932
2020-05-05,0.09927990582829871,0.1485193100290032,0.7503549536618465
2020-05-06,0.10013039269688218,0.12933394392713582,0.8123576690185237
2020-05-07,0.10098424031896958,0.1577494530097186,0.7605810366200337
2020-05-08,0.10184144374061432,0.11725181906070321,0.7172207671969979
2020-05-11,0.10270199800787161,0.14252277006055053,0.652490267900694
2020-05-12,0.10356589816679218,0.13337403958683153,0.6554914515973694
2020-05-13,0.1044331392634339,0.16423446802014963,0.6836842481351338
2020-05-14,0.1053037163438475,0.16647840024423755,0.6736756422564174
2020-05-15,0.10617762445408818,0.14961329059176715,0.667131135572104
2020-05-18,0.10705485864021025,0.13340202513611155,0.5695553836451026
2020-05-19,0.10793541394826534,0.1636467714852694,0.5281881363146347
2020-05-20,0.10881928542430952,0.13463593344527552,0.49545472903909293
2020-05-21,0.1097064681143971,0.12508014043657456,0.5158913608783587
2020-05-22,0.11059695706457795,0.11835088790515443,0.5500570100629741
2020-05-25,0.11149074732091258,0.049977102732407255,0.5453781460389663
2020-05-26,0.11238783392944995,0.13512186434641021,0.48773895294106684
2020-05-27,0.1132882119362435,0.22818653640665548,0.4514870772012563
2020-05-28,0.11419187638734929,0.22288454688851578,0.40414231700080555
2020-05-29,0.11509882232882074,0.25710069709459116,0.37038210722862774
2020-06-01,0.11600904480671126,0.19015163079428077,0.3619331226912473
2020-06-02,0.11692253886707515,0.21541494937159722,0.24030440577494772
2020-06-03,0.11783929955596584,0.2421945758917214,0.16820143348463562
2020-06-04,0.11875932191943672,0.26634101663868115,0.06389942617119149
2020-06-05,0.119682601003543,0.263537373428993,0.07042218514755882
2020-06-08,0.12060913185433719,0.18729201648603266,0.17393195452864868
2020-06-09,0.1215389095178745,0.23924846079478962,0.2013822221807972
2020-06-10,0.12247192904020654,0.2469622958326973,0.23209619943269416
2020-06-11,0.1234081854673903,0.33993029054088436,0.3259189183311428
2020-06-12,0.12434767384547829,0.33070014756016897,0.32050995268320037
2020-06-15,0.12529038922052305,0.3027425838294408,0.2751271464211033
2020-06-16,0.12623632663857975,0.27293797384623214,0.3297216604064329
2020-06-17,0.12718548114570272,0.22290998829695213,0.3774470054959564
2020-06-18,0.12813784778794357,0.2173408639902305,0.41361965744253193
2020-06-19,0.1290934216113584,0.1871088383452908,0.4465752020206732
2020-06-22,0.1300521976619997,0.1631582964432911,0.3786011874248548
2020-06-23,0.13101417098592272,0.25018317814074187,0.37609709419553533
2020-06-24,0.13197933662918082,0.20924540782577727,0.38389675430992826
2020-06-25,0.13294768963782566,0.23253956139011855,0.4036964889878923
2020-06-26,0.1339192250579151,0.1538034905612375,0.4094099225470901
2020-06-29,0.13489393793549986,0.16413524652724776,0.36132263346102234
2020-06-30,0.13587182331663428,0.18518546786750117,0.34443709164794933
2020-07-01,0.1368528762473753,0.1626927186689055,0.37705554675291225
2020-07-02,0.1378370917737719,0.1481605861700504,0.3914214612595658
2020-07-03,0.13882446494188105,0.13767363761257823,0.39606149009081215
2020-07-06,0.13981499079775528,0.12076018928407876,0.35807445793837933
2020-07-07,0.14080866438744977,0.1287589680964738,0.384094037089163
2020-07-08,0.14180548075701616,0.12114435455146798,0.37012113473326347
2020-07-09,0.14280543495251052,0.15743143540426396,0.41805929667912495
2020-07-10,0.14380852201998717,0.1528316287589681,0.43635843950874853
2020-07-13,0.14481473700549685,0.1338650587696535,0.3755036924501268
2020-07-14,0.14582407495509653,0.17390729150765788,0.3433170846886805
2020-07-15,0.14683653091483695,0.15190301735104056,0.3707145364786731
2020-07-16,0.14785209993077597,0.1532488678573246,0.3766066119245781
2020-07-17,0.14887077704896434,0.09609474380501705,0.3735463987349039
2020-07-20,0.14989255731545637,0.16316338472497838,0.34302815085452953
2020-07-21,0.15091743577630812,0.16018419579707932,0.3283298070978306
2020-07-22,0.15194540747757035,0.19132702386404116,0.27341839793956113
2020-07-23,0.15297646746529736,0.1530300717447718,0.2922301653136472
2020-07-24,0.15401061078554612,0.19561898946725692,0.32206802061682643
2020-07-27,0.1550478324843665,0.20580572940517988,0.32105364538187386
2020-07-28,0.15608812760781543,0.20208110721009515,0.38525287924119106
2020-07-29,0.15713149120194636,0.17460693023965806,0.3481885712687912
2020-07-30,0.15817791831281003,0.20141454230906225,0.3295507855582783
2020-07-31,0.1592274039864634,0.2830076833053478,0.3005968192423718
2020-08-03,0.160279943268959,0.2204116419885005,0.3088454141850966
2020-08-04,0.1613355312063529,0.17636238742176769,0.3082457988088475
2020-08-05,0.1623941628446941,0.17814328601231366,0.2790339668129975
2020-08-06,0.1634558332300422,0.2131201343306366,0.2826005909162926
2020-08-07,0.16452053740844796,0.20601943723604543,0.33124555337042716
2020-08-10,0.1655882704259648,0.11588307128682644,0.3750889325914245
2020-08-11,0.1666590273286479,0.1978018623110976,0.3298614671003776
2020-08-12,0.16773280316255157,0.19816313031089405,0.26277910853038244
2020-08-13,0.16880959297372833,0.1715285198188572,0.2373746788329556
2020-08-14,0.1698893918082316,0.12325599145168677,0.2517064183699773
2020-08-17,0.17097219471211744,0.122118760494581,0.28583323236183233
2020-08-18,0.17205799673143662,0.18234875082684582,0.29615096637493593
2020-08-19,0.1731467929122461,0.20045540121101108,0.3123328144951589
2020-08-20,0.17423857830059752,0.19638477586119168,0.3310622512605891
2020-08-21,0.17533334794254696,0.16571006970945912,0.38976086841704655
2020-08-24,0.17643109688414604,0.11919808680608558,0.38610259325883084
2020-08-25,0.17753182017144908,0.16020709306467207,0.3179514901840173
2020-08-26,0.17863551285051038,0.1353203073322139,0.36554479561814657
2020-08-27,0.17974216996738424,0.269966417340864,0.32861408070885084
2020-08-28,0.18085178656812317,0.2477229939449448,0.38077751162725637
2020-08-31,0.18196435769878327,0.174355060296138,0.31417670944751397
2020-09-01,0.18307987840541706,0.21330331247137846,0.3387019103808022
2020-09-02,0.18419834373407795,0.17628351905561496,0.3732465910467793
2020-09-03,0.18531974873081936,0.20114231923879305,0.38419500859034517
2020-09-04,0.18644408844169646,0.2026306416323208,0.3989912170328054
2020-09-07,0.1875713579127627,0.0766804050272223,0.42429778204447094
2020-09-08,0.18870155219007234,0.18268203327736227,0.4846228170738136
2020-09-09,0.18983466631967705,0.1845341678115301,0.45333563237674435
2020-09-10,0.19097069534763378,0.19341576349666717,0.45491700142602637
2020-09-11,0.19210963431999506,0.1584414593191879,0.4357836786558674
2020-09-14,0.19325147828281342,0.09594209535439883,0.4650514333292941
2020-09-15,0.19439622228214493,0.11203378619040351,0.5115589067737897
2020-09-16,0.1955438613640439,0.17239861598738104,0.5857232510959278
2020-09-17,0.19669439057456017,0.2030580572940518,0.5835919757171316
2020-09-18,0.19784780495975163,0.13039739479977613,0.6096426230221229
2020-09-21,0.19900409956567078,0.179430621279194,0.6616662472465848
2020-09-22,0.20016326943837104,0.16572024627283366,0.6890062229512874
2020-09-23,0.20132530962390582,0.17813310944893912,0.6891879716534167
2020-09-24,0.20249021516833032,0.17233246832544652,0.6801580126323112
2020-09-25,0.20365798111769884,0.14577418205871878,0.696947243167336
2020-09-28,0.204828602518063,0.12182872843840635,0.6749276888710772
2020-09-29,0.20600207441547802,0.1655981275123391,0.5965225414992863
2020-09-30,0.20717839185599907,0.2066071337709256,0.6363441481578127
2020-10-01,0.2083575498856769,0.22914567750470666,0.6061396886349574
2020-10-02,0.2095395435505667,0.22517172950694553,0.6474556735109804
2020-10-05,0.21072436789672366,0.1281610949982191,0.5580819142953897
2020-10-06,0.21191201797020032,0.16934310283417292,0.6104705893318166
2020-10-07,0.21310248881705096,0.15080394850658935,0.5567164689178642
2020-10-08,0.214295775483329,0.13035160026459064,0.5548787875963509
2020-10-09,0.21549187301508876,0.13343001068539156,0.536079447483945
2020-10-12,0.21669077645838364,0.09469037805932938,0.577662618486174
2020-10-13,0.21789248085926882,0.13834020251361118,0.6159805264809401
2020-10-14,0.21909698126379507,0.1263623874217677,0.6412187415533454
2020-10-15,0.22030427271802022,0.13498702488169745,0.6465966390470769
2020-10-16,0.22151435026799593,0.1259807662952221,0.640516601268202
2020-10-19,0.2227272089597765,0.10688444512288202,0.5910265850195573
2020-10-20,0.22394284383941532,0.1166412252582303,0.5416530743491991
2020-10-21,0.22516124995296583,0.1423624891874014,0.5921263976785877
2020-10-22,0.2263824223464832,0.10468885157482317,0.5949675803810822
2020-10-23,0.22760635606601998,0.10956851371291916,0.5739872558431429
2020-10-26,0.22883304615763134,0.10434030427924491,0.6011346089917449
2020-10-27,0.2300624876673707,0.08806543530249834,0.6469523694127804
2020-10-28,0.23129467564129058,0.15472955782832137,0.6902287548194461
2020-10-29,0.23252960512544707,0.1552104004477688,0.718308152594346
2020-10-30,0.23376727116589358,0.17903627944843026,0.7297225924510591
2020-11-02,0.23500766880868262,0.14267541851116877,0.722828569031885
2020-11-03,0.23625079309986763,0.1367119523736834,0.6751078841654922
2020-11-04,0.23749663908550556,0.38844196814735665,0.6668592892227673
2020-11-05,0.23874520181164627,0.23268712155904953,0.6684903673187877
2020-11-06,0.23999647632434762,0.2384724978374803,0.6400086369468702
2020-11-09,0.24125045766965947,0.29771790566325756,0.5013421442618672
2020-11-10,0.24250714089363878,0.25548516765888163,0.5084210231985904
2020-11-11,0.24376652104233898,0.15475245509591412,0.5200094447188789
2020-11-12,0.24502859316181258,0.14970742380298174,0.5235185927368862
2020-11-13,0.246293352298113,0.1288200274767211,0.5456002833415657
2020-11-16,0.2475607934972972,0.15316236706864095,0.5300164971898854
2020-11-17,0.24883091180541594,0.1280440645194118,0.5576547271750038
2020-11-18,0.2501037022685244,0.14466493665089297,0.5949753474196328
2020-11-19,0.251379159932676,0.1657151579911464,0.5806746760368219
2020-11-20,0.25265727984392505,0.12804915280109908,0.5810521541104727
2020-11-23,0.25393805704832406,0.13416526738920265,0.5262370562302524
2020-11-24,0.2552214865919291,0.14138808324428842,0.4929211210632746
2020-11-25,0.25650756352079185,0.14597262504452246,0.47497615519164366
2020-11-26,0.25779628288096834,0.07285656133923575,0.4966927949843571
2020-11-27,0.2590876397185111,0.092169134483285,0.47151671622037145
2020-11-30,0.2603816290794736,0.14563679845316235,0.4831020309252391
2020-12-01,0.2616782460099101,0.1427644634406961,0.3688193790718687
2020-12-02,0.26297748555587486,0.16666666666666669,0.331490991788687
2020-12-03,0.26427934276342224,0.159927237571872,0.362100890723981
2020-12-04,0.26558381267860565,0.1508319340558693,0.35658940016714535
2020-12-07,0.2668908903474767,0.13968350887905157,0.38403500759616205
2020-12-08,0.26820057081609416,0.1501043097745891,0.3796621648911205
2020-12-09,0.2695128491305061,0.13845723299241847,0.3956576040860834
2020-12-10,0.27082772033677127,0.1767134788581896,0.3526468513979105
2020-12-11,0.27214517948093864,0.15001780898590544,0.39704169035613407
2020-12-14,0.27346522160906694,0.14062229685035366,0.3760209772177223
2020-12-15,0.27478784176720694,0.13074085381366712,0.4088646764407078
2020-12-16,0.2761130350014156,0.16127563221899965,0.3935775911617311
2020-12-17,0.2774407963577419,0.15461252734951408,0.37462912390911896
2020-12-18,0.2787711208822454,0.14069353279397545,0.3682104432493547
2020-12-21,0.2801040036209743,0.24440034600315474,0.3789460439365815
2020-12-22,0.2814394396199864,0.17457131226784717,0.41666122973967873
2020-12-23,0.2827774239253351,0.15872385895283164,0.40812059414738094
2020-12-24,0.28411795158307296,0.06601027832900828,0.40494853560255095
2020-12-28,0.28546101763925424,0.12551010023914927,0.37223998285037835
2020-12-29,0.2868066171399315,0.12048033379127869,0.3686112224386637
2020-12-30,0.2881547451311617,0.13663562814837432,0.36560848533427726
2020-12-31,0.28950539665899644,0.10030529690123645,0.43147141885153456
2021-01-04,0.2908585667694892,0.19878898895842878,0.4184973576534844
2021-01-05,0.29221425050869776,0.16670482877932125,0.42437700583770593
2021-01-06,0.29357244292267026,0.2775912074492444,0.37425630605860116
2021-01-07,0.29493313905746366,0.19342085177835444,0.3536379255172061
2021-01-08,0.29629633395913224,0.2166819315117285,0.38765444756161516
2021-01-11,0.29766202267372854,0.15798351396733323,0.4243086558984446
2021-01-12,0.29903020024730687,0.1606345087264031,0.43153666197537394
2021-01-13,0.3004008617259224,0.15220322597058972,0.4668098908575747
2021-01-14,0.3017740021556268,0.16772757339846334,0.48216843289123357
2021-01-15,0.3031496165824734,0.144980410115504,0.542928422079516
2021-01-18,0.3045277000525193,0.11950592784816567,0.5641914668207645
2021-01-19,0.305908247611816,0.12647432961888772,0.5076753874975526
2021-01-20,0.307291254306417,0.13075611865872894,0.5618737825167072
2021-01-21,0.30867671518238016,0.13818246578130566,0.5184684642700682
2021-01-22,0.3100646252857535,0.11872742075001273,0.49339025019184607
2021-01-25,0.3114549796625923,0.11726199562407776,0.520534496525026
2021-01-26,0.3128477733589552,0.11596448379382283,0.5225026640942236
2021-01-27,0.31424300142089034,0.1734340813107414,0.5183768132151497
2021-01-28,0.3156406588944547,0.19052561949829544,0.5001491271402073
2021-01-29,0.31704074082570166,0.22263267694499572,0.4512214444827624
2021-02-01,0.31844324226068466,0.14423497684831832,0.498174745940168
2021-02-02,0.3198481582454571,0.1355925304024831,0.51347891870396
2021-02-03,0.3212554838260724,0.10745433267185671,0.5196179859758336
2021-02-04,0.3226652140485857,0.10008904492952729,0.5332910806436075
2021-02-05,0.3240773439590523,0.10375769602605202,0.48282397094506285
2021-02-08,0.32549186860352286,0.10142980715412404,0.49948892886324514
2021-02-09,0.3269087830280526,0.12219508471989009,0.5092117077232325
2021-02-10,0.32832808227869403,0.10737037602401668,0.5102493840738421
2021-02-11,0.32974976140150325,0.060242711036482974,0.48802633336750795
2021-02-12,0.33117381544253544,0.07518953849285097,0.4823983372323847
2021-02-15,0.3326002394478387,0.05791736630539866,0.4377611666713266
2021-02-16,0.3340290284634726,0.12482827049305449,0.39597915948215634
2021-02-17,0.33546017753548796,0.1414771281738157,0.465239395662264
2021-02-18,0.3368936817099417,0.12454841500025442,0.4441829541465106
2021-02-19,0.33832953603288285,0.1210425889177225,0.4500315341765234
2021-02-22,0.3397677355503683,0.1553681371800743,0.4512261047058943
2021-02-23,0.34120827530845155,0.13580878237419225,0.44479344337673443
2021-02-24,0.34265115035318683,0.20802167607998778,0.37733205332538083
2021-02-25,0.3440963557306267,0.30106599501348397,0.33723860031751657
2021-02-26,0.34554388648682544,0.3461634356077953,0.40175317594206383
2021-03-01,0.34699373766783825,0.19582252073474787,0.401746962311221
2021-03-02,0.34844590431971945,0.1939907393273292,0.3779580766327102
2021-03-03,0.349900381488518,0.1940390780033583,0.37443339453759744
2021-03-04,0.3513571642202944,0.23788988958428742,0.3659642156999797
2021-03-05,0.35281624756109853,0.2890958123441714,0.38331577982620546
2021-03-08,0.3542776265569847,0.20713885920724573,0.39333215274347233
2021-03-09,0.3557412962540072,0.20453874726504861,0.3902983474848772
2021-03-10,0.35720725169821943,0.16250954052816363,0.3789429371211617
2021-03-11,0.3586754879356775,0.17365033328245055,0.3260494045788238
2021-03-12,0.36014600001243036,0.1625349819366,0.31179378201961616
2021-03-15,0.36161878297453764,0.14994402890143999,0.3282179617426726
2021-03-16,0.3630938318680501,0.12629369561898945,0.36777548909041724
2021-03-17,0.36457114173902117,0.1264463440696077,0.32196860252335635
2021-03-18,0.3660507076335042,0.18025237877168881,0.3757429172375427
2021-03-19,0.36753252459755537,0.13996336437185164,0.38863775464235684
2021-03-22,0.369016587677228,0.10328194168829187,0.37462135687056625
2021-03-23,0.37050289191857466,0.12394036533862514,0.47226545873683123
2021-03-24,0.3719914323676514,0.11675825573703762,0.49490792952499857
2021-03-25,0.3734822040705099,0.1527222307026917,0.49573900265011317
2021-03-26,0.37497520207320445,0.11818551875031803,0.4329735641075838
2021-03-29,0.3764704214217893,0.13025492291253243,0.44880123526981086
2021-03-30,0.37796785716231796,0.1046277921945759,0.44836162088774045
2021-03-31,0.37946750434084464,0.1487431944232433,0.4101943934408904
2021-04-01,0.3809693580034237,0.12155141708644991,0.3860963796279891
2021-04-02,0.3824734131961067,0.041639953187808484,0.403227359859323
2021-04-05,0.3839796649649516,0.07470615173255991,0.40783166031322887
2021-04-06,0.38548810745712103,0.1257797791685748,0.40026501135541015
2021-04-07,0.3869987312242289,0.1549839719126851,0.4018168656581944
2021-04-08,0.38851152591900195,0.12071693888973693,0.4225051495465597
2021-04-09,0.3900264811941643,0.1172798046099832,0.4038875581362831
2021-04-12,0.3915435867024435,0.10280873149137536,0.4276096472832446
2021-04-13,0.39306283209656456,0.14192489696229582,0.4315382153830871
2021-04-14,0.3945842070292507,0.11906579148221645,0.4232197170933866
2021-04-15,0.39610770115323213,0.10459217422276497,0.4573449776775318
2021-04-16,0.3976333041212312,0.09865414949371597,0.44460703445147554
2021-04-19,0.3991610055859729,0.11180990179616344,0.46589648712380316
2021-04-20,0.4006907952001857,0.09519920622805679,0.4767905353975021
2021-04-21,0.4022226626165919,0.06401058362590954,0.48515874273393655
2021-04-22,0.4037565974879209,0.08400244237520989,0.5131527030847564
2021-04-23,0.40529258946689595,0.06953391339744568,0.46008052865571114
2021-04-26,0.4068306282062437,0.06692362489187402,0.45274844426217864
2021-04-27,0.4083707033586874,0.06261639444359639,0.3921562231066289
2021-04-28,0.4099128045769582,0.07897267592733935,0.38170955625355313
2021-04-29,0.4114569215137749,0.06968401770722028,0.3638220664672088
2021-04-30,0.4130030438218677,0.0794509744059431,0.4139241253537884
2021-05-03,0.41455116115395896,0.052065842365033324,0.40984332329831985
2021-05-04,0.41610126316277984,0.07855798096982648,0.4362232930379356
2021-05-05,0.41765333950105,0.05383402025136112,0.4564937102521799
2021-05-06,0.41920737982149614,0.08093420851778356,0.4207171772717803
2021-05-07,0.42076337377684947,0.09098102070930646,0.3880816346820021
2021-05-10,0.42232131101982695,0.08079682491222713,0.3998300571964727
2021-05-11,0.4238811812031589,0.10214216659034243,0.40762350368002276
2021-05-12,0.425442973979572,0.11818297460947437,0.3769141866512554
2021-05-13,0.4270066790017921,0.11332366559812752,0.39772674315646217
2021-05-14,0.4285722859225407,0.07660153666106957,0.3565117297816214
2021-05-17,0.43013978439454625,0.06300310385182924,0.36811102515588573
2021-05-18,0.4317091640705346,0.06837887345443443,0.3466538044508222
2021-05-19,0.43328041460322986,0.11690581590596856,0.36152612987109767
2021-05-20,0.4348535256453614,0.08191115860174018,0.36242555293547474
2021-05-21,0.43642848684964974,0.0786673790261029,0.38977795590186193
2021-05-24,0.4380052878688234,0.05740853813667125,0.3824629589931415
2021-05-25,0.4395839183556074,0.08226733831984938,0.356729206861089
2021-05-26,0.4411643679627293,0.08188062891161656,0.3762695224514009
2021-05-27,0.4427466263429105,0.09553757696026051,0.31543962991614505
2021-05-28,0.4443306831488778,0.08516511474075204,0.321974816154197
2021-05-31,0.44591652803336235,0.04434691904543836,0.3272952375626407
2021-06-01,0.44750415064908466,0.07185671398768635,0.35279442513040915
2021-06-02,0.4490935406487697,0.06904543835546735,0.3569389169020083
2021-06-03,0.45068468768514425,0.07779473871673535,0.3661366439558452
2021-06-04,0.45227758141093677,0.07321019691650131,0.4126068356152903
2021-06-07,0.4538722114788678,0.04980918943672723,0.4245898226940428
2021-06-08,0.45546856754166587,0.059451483234111854,0.42363447695209006
2021-06-09,0.45706663925205593,0.03766091690836004,0.4094347770704581
2021-06-10,0.4586664162627665,0.04519157380552588,0.4457099539259257
2021-06-11,0.4602678882265199,0.06792601638426703,0.4741124605046094
2021-06-14,0.46187104211210617,0.025744161196763857,0.4319654025034719
2021-06-15,0.46347585415256987,0.015557421258840895,0.43317861392536683
2021-06-16,0.4650822978970197,0.06680405027222307,0.4882531308932393
2021-06-17,0.46669034689456534,0.1281280211672518,0.6102639861063215
2021-06-18,0.4682999746943146,0.1279346664631354,0.6496180170439864
2021-06-21,0.46991115484537627,0.11658779830051393,0.5939376710690231
2021-06-22,0.47152386089685816,0.08827151071083296,0.5452274654910446
2021-06-23,0.4731380663978717,0.0868747773876762,0.5337912779263855
2021-06-24,0.474753744897523,0.07110873657965706,0.5401012200464148
2021-06-25,0.4763708699449172,0.06307179565460745,0.5473618476852661
2021-06-28,0.4779894150891719,0.07063807052358419,0.5770070804323447
2021-06-29,0.47960935387938886,0.06859512542614359,0.609880294401829
2021-06-30,0.4812306598646776,0.09362692718668907,0.5935664066262162
2021-07-01,0.48285330659414694,0.08406859003714447,0.5652446772484796
2021-07-02,0.48447726761690646,0.07815091843484455,0.5985109033687201
2021-07-05,0.4861025164820658,0.05335063349107007,0.6082321288209965
2021-07-06,0.48772902673873375,0.0943087569327838,0.6741012759690934
2021-07-07,0.4893567719360137,0.10694296036228566,0.7000043495415905
2021-07-08,0.4909857256230179,0.13792550755609834,0.728057339385408
2021-07-09,0.4926158613488587,0.10764514323512951,0.6689160010314636
2021-07-12,0.4942471526626404,0.07596295730931664,0.659679438784863
2021-07-13,0.4958795731134691,0.08984124561135705,0.7041566083517424
2021-07-14,0.4975130962504588,0.09638477586119167,0.7140223007210922
2021-07-15,0.4991476956227139,0.11038263878288303,0.7426671389026104
2021-07-16,0.5007833447793457,0.0949397038620058,0.7220425447303758
2021-07-19,0.502420017269464,0.13048135144761613,0.7809803866742469
2021-07-20,0.5040576866421711,0.1397979952170152,0.7547573111133878
2021-07-21,0.5056963264465848,0.11235689207754541,0.6995662885672289
2021-07-22,0.5073359102318076,0.09383045845418002,0.7287750137476591
2021-07-23,0.5089764115469464,0.09180786648348853,0.6876469912046048
2021-07-26,0.5106178039411144,0.09442069912990382,0.6733307857446864
2021-07-27,0.5122600609634196,0.09914516867653793,0.7105830560500561
2021-07-28,0.5139031561629697,0.11696687528621584,0.6716608724559068
2021-07-29,0.5155470630888743,0.0842085177835445,0.6701198920070971
2021-07-30,0.517191755290237,0.09721416577621737,0.6616087711612959
2021-08-02,0.5188372063161726,0.07009108024220222,0.6892671954466527
2021-08-03,0.5204833897157899,0.08798656693634559,0.7155757084315852
2021-08-04,0.5221302790381905,0.07412354347936702,0.6919157555930433
2021-08-05,0.5237778478324895,0.07802116725181905,0.662402562501359
2021-08-06,0.5254260696477937,0.06659797486388848,0.6761284730312875
2021-08-09,0.527074918033211,0.06081768686714496,0.6800632547619697
2021-08-10,0.5287243665378512,0.0570625349819366,0.6647233536208393
2021-08-11,0.5303743887108219,0.06413779066809137,0.6554153346195554
2021-08-12,0.532024958101232,0.04017707220271714,0.6563831076231916
2021-08-13,0.533676048258191,0.0407571363150664,0.6709478583167908
2021-08-16,0.5353276327308079,0.05488475041978323,0.7112463611424403
2021-08-17,0.5369796850681876,0.0704676130870605,0.7317311486207303
2021-08-18,0.5386321788194408,0.07549229125324379,0.7069542956383414
2021-08-19,0.5402850875336798,0.11439729303414238,0.7269217983490381
2021-08-20,0.5419383847600061,0.06025034345901388,0.6981060853193641
2021-08-23,0.5435920440475348,0.06554724469546634,0.6607947855209968
2021-08-24,0.5452460389453719,0.044128122932885566,0.6450230370363464
2021-08-25,0.5469003430026254,0.060474227853253945,0.5989411973045269
2021-08-26,0.5485549297684029,0.07763445784358623,0.6050290021219555
2021-08-27,0.5502097727918169,0.0808070014756017,0.5880440422154081
2021-08-30,0.5518648456219717,0.033714954459878904,0.5768330987687693
2021-08-31,0.5535201218079795,0.08931969673841143,0.5562333591198994
2021-09-01,0.5551755748989482,0.071200325650028,0.5235108256983345
2021-09-02,0.556831178443983,0.046115096931766145,0.49920154843680514
2021-09-03,0.5584869059921953,0.07936447361725944,0.5154486396808653
2021-09-06,0.560142731092693,0.01733068742685595,0.5093950098330694
2021-09-07,0.5617986272945874,0.0853737342899303,0.48819565480795263
2021-09-08,0.5634545681469838,0.088095964992622,0.5104000646217584
2021-09-09,0.5651105271989945,0.08499211316338472,0.5482193287414575
2021-09-10,0.5667664779997219,0.07848165674451739,0.5408484091551636
2021-09-13,0.5684223940982793,0.060677759120744926,0.529388920474844
2021-09-14,0.5700782490437728,0.07303210705744671,0.5615366930435288
2021-09-15,0.5717340163853146,0.08295171220678778,0.5792486477585868
2021-09-16,0.57338966967201,0.08362845367119524,0.5835671211937635
2021-09-17,0.5750451824529703,0.08372767516409708,0.5956681672585158
2021-09-20,0.5767005282772999,0.08065944130667073,0.6449096382734797
2021-09-21,0.578355680694111,0.09748638884648654,0.6579271948874253
2021-09-22,0.5800106132525134,0.127509794942248,0.6333926735078734
2021-09-23,0.5816652995016094,0.09816821859258128,0.5425602644521289
2021-09-24,0.5833197129905141,0.08360810054444613,0.5204024568696329
2021-09-27,0.5849738272683336,0.09415102020047829,0.5187511844733785
2021-09-28,0.5866276158841774,0.12658118353432046,0.4849676735855447
2021-09-29,0.5882810523871544,0.11758255737037603,0.5170004939836496
2021-09-30,0.5899341103263707,0.12068895334045694,0.5970025444818302
2021-10-01,0.5915867632509348,0.1351752913041266,0.5990545960673936
2021-10-04,0.5932389847099593,0.11608660255431742,0.5873403485225559
2021-10-05,0.594890748252551,0.0977993181702539,0.5565720020007887
2021-10-06,0.596542027427815,0.12427619192998525,0.5933054341308542
2021-10-07,0.5981927957848638,0.07231211519869739,0.5768750407769505
2021-10-08,0.5998430268728061,0.08920012211876051,0.5046990583242462
2021-10-11,0.6014926942407515,0.06297511830254922,0.424634871517646
2021-10-12,0.6031417714378033,0.09754999236757748,0.42289660828960274
2021-10-13,0.604790232013074,0.09390678267948914,0.39971821184131473
2021-10-14,0.6064380495156714,0.05664275174273649,0.36304380920424906
2021-10-15,0.6080851974947041,0.07897267592733935,0.31394680510636064
2021-10-18,0.609731649499281,0.08462321274105734,0.3030558636480859
2021-10-19,0.6113773790785126,0.07805169694194271,0.28347515945730156
2021-10-20,0.6130223597815032,0.07055920215743143,0.27689492439564645
2021-10-21,0.6146665651573651,0.0784969215895792,0.33456984587088645
2021-10-22,0.6163099687552043,0.08446547600875186,0.36746946777145095
2021-10-25,0.6179525441241323,0.07169643311453723,0.38407694960434546
2021-10-26,0.6195942648132542,0.049562407774894415,0.36242865975089444
2021-10-27,0.6212351043716806,0.08943163893553148,0.3930634132095587
2021-10-28,0.622875036348522,0.10771129089706406,0.3510561619023659
2021-10-29,0.6245140342928837,0.10523075357451787,0.4225455381470343
2021-11-01,0.6261520717538751,0.07080343967842061,0.389880480810754
2021-11-02,0.6277891222806069,0.07927797282857578,0.4220437874565421
2021-11-03,0.6294251594221869,0.07581794128122933,0.39179272570237483
2021-11-04,0.6310601567277221,0.08616496209230144,0.4702755434596864
2021-11-05,0.6326940877463203,0.09099374141352466,0.493972778083281
2021-11-08,0.6343269260270903,0.07215183432554827,0.4940908370692785
2021-11-09,0.6359586451191461,0.08888464865414951,0.5205531374175524
2021-11-10,0.6375892185715895,0.11921080751030376,0.5329104957545359
2021-11-11,0.6392186213553845,0.05723808070014756,0.542928422079516
2021-11-12,0.6408468341288991,0.07217981987482829,0.5602116362664759
2021-11-15,0.6424738389723519,0.06251717295069455,0.608667082979934
2021-11-16,0.644099617965959,0.0976619345646975,0.5899733745918432
2021-11-17,0.6457241531899411,0.10066402076018928,0.6505236537392096
2021-11-18,0.6473474267245232,0.08688495395105074,0.5906226990148286
2021-11-19,0.6489694206499168,0.1279830051391645,0.6899336073544523
2021-11-22,0.6505901170463444,0.11743499720144508,0.6571147626548349
2021-11-23,0.6522094979940265,0.1197272681015621,0.6217265816020608
2021-11-24,0.6538275455731801,0.11834834376431079,0.6400350448779504
2021-11-25,0.655444241864025,0.03161094998219101,0.6411938870299763
2021-11-26,0.6570595689467815,0.2088078156006717,0.7162359067085452
2021-11-29,0.6586735089016678,0.1550959141098051,0.7212503067980237
2021-11-30,0.6602860438089051,0.20267134788581898,0.7151500747189115
2021-12-01,0.6618971557487079,0.1598483692057192,0.7637763962805209
2021-12-02,0.6635068268013029,0.15022897267592733,0.7404846010693638
2021-12-03,0.665115039046901,0.1366890551060907,0.7619278411050316
2021-12-06,0.6667217745657279,0.10270950999847352,0.7223827410189738
2021-12-07,0.6683270154380017,0.08523380654353026,0.7261062593010279
2021-12-08,0.6699307437439384,0.11421920317508778,0.6492669469014157
2021-12-09,0.6715329415637585,0.06702284638477586,0.7115834506156142
2021-12-10,0.6731335909776828,0.08247850200987127,0.6975888005517709
2021-12-13,0.6747326740659325,0.06382994962601131,0.7057426376241552
2021-12-14,0.6763301729087203,0.07325599145168678,0.7131865673728457
2021-12-15,0.6779260695862703,0.09263216811682694,0.6545438728939673
2021-12-16,0.679520346178804,0.11409962855543683,0.6533384285106228
2021-12-17,0.6811129847665338,0.10767821706609677,0.7337630059060551
2021-12-20,0.6827039674296849,0.11080751030377041,0.7002777492986361
2021-12-21,0.6842932762484741,0.07469851931002901,0.6484125726606463
2021-12-22,0.6858808933031204,0.06234925965501449,0.6059035706629634
2021-12-23,0.6874668006738451,0.045214471073118614,0.5771639746111037
2021-12-24,0.6890509804408627,0.030509336996896147,0.5829473115172737
2021-12-27,0.6906334146843953,0.0216811682694754,0.5260133655199408
2021-12-28,0.6922140854846663,0.02765226682949168,0.5429392959334862
2021-12-29,0.693792974921891,0.040609576146135445,0.4890810972029352
2021-12-30,0.6953700650762862,0.04358113265150358,0.49847455362829474
2021-12-31,0.696945338028077,0.01976543021421666,0.4446986855063929
2022-01-03,0.6985187758574751,0.05192845875947692,0.49601395581487184
2022-01-04,0.7000903606447073,0.08518546786750116,0.43395065755748263
2022-01-05,0.7016600744699888,0.0803617768279652,0.4114977025099962
2022-01-06,0.7032278994135401,0.1032361471531064,0.4437526602107039
2022-01-07,0.7047938172748678,0.07542105530962194,0.41299829435833335
2022-01-10,0.7063578087306288,0.08858444003460032,0.47144215265026945
2022-01-11,0.7079198541767662,0.08916704828779322,0.424853902004829
2022-01-12,0.7094799340092282,0.08659237775403246,0.41676064783315103
2022-01-13,0.7110380286239586,0.08406604589630083,0.4456136426478754
2022-01-14,0.7125941184169022,0.11765888159568515,0.47535829348842407
2022-01-17,0.714148183784002,0.02991400803948506,0.4476548203794663
2022-01-18,0.7157002051212054,0.12089757288963517,0.5167441817114206
2022-01-19,0.7172501628244534,0.08656948048643974,0.5254323910362146
2022-01-20,0.7187980372896954,0.09399073932732917,0.569963929872961
2022-01-21,0.7203438089128733,0.11676079987788125,0.5762226095385432
2022-01-24,0.7218874580899319,0.1313081972217982,0.5661736150593544
2022-01-25,0.7234289652168187,0.11038263878288303,0.5946941806240333
2022-01-26,0.7249683106894729,0.09993894061975271,0.5771142655643675
2022-01-27,0.7265054749038455,0.14453518546786748,0.6012992702090554
2022-01-28,0.7280404382558769,0.11595430723044829,0.6083315469144644
2022-01-31,0.7295731811415145,0.09755762479010839,0.5409835556259753
2022-02-01,0.7311036839567011,0.08838854118964025,0.5445393058752979
2022-02-02,0.7326319270973833,0.06849335979239811,0.5389439313020977
2022-02-03,0.7341578909595059,0.11776827965196153,0.374627570501408
2022-02-04,0.7356815559390126,0.11043352159975577,0.3515920875624844
2022-02-07,0.7372029024318474,0.09791634864906122,0.37292348224299543
2022-02-08,0.7387219108339549,0.07267083905765025,0.3603160252646225
2022-02-09,0.7402385615412843,0.06684984480740853,0.36269273906167626
2022-02-10,0.7417528349497751,0.11962550246781663,0.32401754729349885
2022-02-11,0.7432647114553745,0.1356764870503231,0.44850608780481593
2022-02-14,0.7447741714540275,0.16151732559914517,0.4839393176811954
2022-02-15,0.7462811953416795,0.10677504706660561,0.437748739409642
2022-02-16,0.7477857635142726,0.0986007225359996,0.44055264032708497
2022-02-17,0.7492878563677507,0.1667913295680049,0.5016528258039643
2022-02-18,0.7507874542980648,0.12125375260774436,0.5281539613450018
2022-02-21,0.7522845377011533,0.06679641784969216,0.5696703358156793
2022-02-22,0.7537790869729672,0.18094438508115812,0.5297555246945245
2022-02-23,0.755271082509446,0.07986058108176868,0.554766942241195
2022-02-24,0.7567605047065342,0.3409733882867756,0.6103509769381081
2022-02-25,0.7582473339601794,0.1971861802269374,0.5427466733773878
2022-02-28,0.7597315506663262,0.24831069047982496,0.6404777660754383
2022-03-01,0.7612131352209195,0.18900422327380045,0.73044182022102
2022-03-02,0.7626920680199012,0.2008217574924948,0.6794869405013787
2022-03-03,0.7641683294592179,0.14705642904391186,0.7300286137700276
2022-03-04,0.7656418999348196,0.22082379280516973,0.8941942940227978
2022-03-07,0.7671127598426395,0.2760316491120949,0.9189431856663965
2022-03-08,0.7685808895786304,0.24715565053681376,0.8445287427028678
2022-03-09,0.7700462695387387,0.17706711443545514,0.6645369446955782
2022-03-10,0.7715088801189056,0.18564595736019945,0.7151625019805938
2022-03-11,0.7729687017150759,0.18272019539001683,0.6809890857574258
2022-03-14,0.7744257147231943,0.15649264743296187,0.5775445595001742
2022-03-15,0.7758798995392056,0.17705184959039333,0.5546317957703789
2022-03-16,0.7773312365590552,0.18588510659950136,0.4394497208526348
2022-03-17,0.7787797061786899,0.14849641276141046,0.4022378391477374
2022-03-18,0.7802252887940506,0.13147611051747826,0.392898751992247
2022-03-21,0.7816679648010831,0.08985142217473159,0.39838072780258044
2022-03-22,0.7831077145957366,0.1597974863888465,0.28284758274226346
2022-03-23,0.7845445185739504,0.1600264590647738,0.2726292668226278
2022-03-24,0.785978357131671,0.1519946064214115,0.1822923948265293
2022-03-25,0.7874092106648432,0.18305856612222055,0.22412721787785772
2022-03-28,0.7888370595694116,0.24069353279397548,0.07463813367384026
2022-03-29,0.7902618842413238,0.2509693176614258,0.07624746406191346
2022-03-30,0.7916836650765182,0.23482928814939197,0.1091346587007922
2022-03-31,0.7931023824709449,0.2315473464611001,0.21648289853451386
2022-04-01,0.7945180168205477,0.18072050068691803,0.16926085754319137
2022-04-04,0.7959305485212722,0.12864448175851018,0.23466708919356405
2022-04-05,0.7973399579690605,0.14382028189080548,0.23622049690405938
2022-04-06,0.798746225559861,0.18196204141861294,0.23713234723011767
2022-04-07,0.8001493316896138,0.16676079987788123,0.24726367231796237
2022-04-08,0.8015492567542664,0.1501984429858037,0.23561311448925526
2022-04-11,0.8029459811497617,0.1763267694499568,0.14533216517073472
2022-04-12,0.8043394852720516,0.18610899099374145,0.21083626150686652
2022-04-13,0.8057297495170719,0.16756220424362694,0.13757289365681535
2022-04-14,0.80711675428077,0.1861675062331451,0.18641669229789232
2022-04-15,0.8085004799590934,0.24260418256754696,0.16961658790889717
2022-04-18,0.8098809069479849,0.11315320816160383,0.1556732002994965
2022-04-19,0.8112580156433884,0.20663257517936195,0.0
2022-04-20,0.8126317864412513,0.24602859614308248,0.030331838955116486
2022-04-21,0.8140021997375166,0.22050068691802782,0.02015080482053344
2022-04-22,0.8153692359281273,0.23206889533404573,0.052034498078432134
2022-04-25,0.8167328754090324,0.2704676130870605,0.18378832645173576
2022-04-26,0.8180930985761732,0.24394240065130007,0.3400207535270112
2022-04-27,0.8194498858254962,0.2622042436269272,0.32410453812528545
2022-04-28,0.8208032175529487,0.29882206278939605,0.1967530672035233
2022-04-29,0.8221530741544676,0.2672543632015469,0.2424465550077219
2022-05-02,0.8234994360260046,0.20776217371393685,0.2618020150804814
2022-05-03,0.8248422835635028,0.177797282857579,0.26451737175842677
2022-05-04,0.8261815971629094,0.16293441204905101,0.2631270718575344
2022-05-05,0.8275173572201622,0.2560881290388236,0.26582068082753035
2022-05-06,0.8288495441312111,0.28928662290744417,0.2422337381513806
2022-05-09,0.8301781382920019,0.22560168930952018,0.2593352036362168
2022-05-10,0.8315031200984739,0.2652546684984481,0.29409891478937256
2022-05-11,0.8328244699465808,0.23983106904798251,0.360960689464477
2022-05-12,0.8341421682322592,0.30937261486795914,0.6383464906966411
2022-05-13,0.8354561953514557,0.22994708187045237,0.5486993317240003
2022-05-16,0.8367665317001185,0.17594260418256757,0.5455008652480924
2022-05-17,0.8380731576741907,0.19599043403042793,0.4284127590695713
2022-05-18,0.8393760536696107,0.18626927186689057,0.6175898568690144
2022-05-19,0.8406752000823348,0.2947946878339185,0.5413532666610756
2022-05-20,0.8419705773082988,0.2302167607998779,0.5674489627896712
2022-05-23,0.843262165743452,0.20167658881595685,0.4506932858611955
2022-05-24,0.8445499457837373,0.23578079682491226,0.5041584724409925
2022-05-25,0.8458338978251021,0.2256983666615784,0.53147825384546
2022-05-26,0.8471140022634867,0.18903475296392408,0.5065647009845485
2022-05-27,0.8483902394948402,0.1819162468834275,0.5092738440316521
2022-05-30,0.8496625899151047,0.10714394748893298,0.42865043044927736
2022-05-31,0.8509310339202258,0.2451661323970895,0.3934238037983908
2022-06-01,0.8521955519061466,0.21349921131633848,0.36038282179617287
2022-06-02,0.8534561242688152,0.1633007683305348,0.29358939706033194
2022-06-03,0.8547127314041738,0.15002798554927999,0.2562594563694371
2022-06-06,0.8559653537081688,0.16683457996234674,0.19805948308805105
2022-06-07,0.8572139715767442,0.2290846181244594,0.13598531097668937
2022-06-08,0.8584585654058463,0.23178395155955833,0.00043806097435938884
2022-06-09,0.8596991155914164,0.25990942858596655,0.10715406386991
2022-06-10,0.8609356025294019,0.25807001475601693,0.22058234148250988
2022-06-13,0.8621680066157484,0.31273596906324735,0.3396821106461263
2022-06-14,0.863396308246398,0.29856764870503233,0.25484585535288656
2022-06-15,0.8646204878172963,0.3159543072304483,0.36400692198475676
2022-06-16,0.8658405257243871,0.3495217015213962,0.39342846402152376
2022-06-17,0.8670564023636196,0.33442476975525365,0.24080615646543552
2022-06-20,0.868268098130935,0.22998015570141966,0.21972175361089646
2022-06-21,0.869475593422278,0.2554699028138198,0.07969447577149774
2022-06-22,0.8706788686335951,0.3095964992621992,0.0907469716316689
2022-06-23,0.8718779041608293,0.34646110008650083,0.2527301140511947
2022-06-24,0.873072680399928,0.2692260723553656,0.2067166242586343
2022-06-27,0.8742631777468315,0.2419986770467613,0.16685152218421567
2022-06-28,0.8754493765974889,0.24107006563883376,0.18089898811021715
2022-06-29,0.8766312573478423,0.2856586780644177,0.2372830277780349
2022-06-30,0.8778088003938365,0.2675189538492851,0.26812283105448326
2022-07-01,0.878981986131417,0.27328652114181046,0.36985860883019267
2022-07-04,0.8801507949565304,0.17041418612934411,0.346083703821073
2022-07-05,0.8813152072651222,0.29573601994606424,0.5032652630074594
2022-07-06,0.8824752034531329,0.32583829440797846,0.589844441751871
2022-07-07,0.8836307639165071,0.25837276751640975,0.6077008633840043
2022-07-08,0.8847818690511957,0.28280669617870047,0.5765317376729326
2022-07-11,0.8859284992531373,0.23543988195186488,0.6281079804767692
2022-07-12,0.8870706349182784,0.2585305042487152,0.6773960537230517
2022-07-13,0.8882082564425655,0.2762555335063349,0.6103758314614751
2022-07-14,0.8893413442219416,0.2858545769093777,0.5348740031006016
2022-07-15,0.8904698786523522,0.21431333638630234,0.5004334007512298
2022-07-18,0.8915938401297421,0.19869994402890145,0.474356345515155
2022-07-19,0.8927132090500569,0.22419732356383254,0.38853678314117357
2022-07-20,0.8938279658092387,0.18625655116267237,0.43526639388827193
2022-07-21,0.8949380908032358,0.23965297918892792,0.4702040867050031
2022-07-22,0.8960435644279903,0.23064672060245256,0.5929497037651507
2022-07-25,0.8971443670794477,0.2067063552638274,0.5488329247871055
2022-07-26,0.8982404791535537,0.17618175342186948,0.638268820311116
2022-07-27,0.8993318810462521,0.18283468172798045,0.5856455807104027
2022-07-28,0.9004185531534885,0.2471531063959701,0.7790914428982842
2022-07-29,0.901500475871206,0.25550043250394344,0.8295725332662256
2022-08-01,0.90257762959535,0.2151452704421717,0.9201284357495025
2022-08-02,0.903649994721869,0.29597771332620976,0.8933772015670756
2022-08-03,0.9047175516466996,0.2763572991400804,0.8358653879014384
2022-08-04,0.9057802807657964,0.22263267694499572,0.8290226269367104
2022-08-05,0.906838162475097,0.19817076273342493,0.736206516234666
2022-08-08,0.9078911771705496,0.18351651147407522,0.7170856207261861
2022-08-09,0.9089393052480954,0.14465476008751843,0.6878240796836
2022-08-10,0.9099825271036845,0.20344476670228467,0.7761477352868987
2022-08-11,0.9110208231332573,0.20571159619396534,0.7423378164679848
2022-08-12,0.9120541737327619,0.1777489441815499,0.7645965955516596
2022-08-15,0.9130825592981369,0.1516511474075205,0.8699362792157145
2022-08-16,0.914105960225335,0.16558031852643362,0.7761819102565295
2022-08-17,0.9151243569102983,0.18992774640004073,0.6919079885544928
2022-08-18,0.9161377297489715,0.1820485422072966,0.7156673594865048
2022-08-19,0.917146059137294,0.1739479977611561,0.6812624855144747
2022-08-22,0.9181493254712203,0.16840431486287083,0.7340581533710502
2022-08-23,0.919147509146689,0.21636645804711752,0.7554128491672172
2022-08-24,0.9201405905596438,0.21488067979443343,0.7196875786412648
2022-08-25,0.921128550106034,0.18669414338777796,0.7587060735134666
2022-08-26,0.9221113681818007,0.19253294662392512,0.682303268680503
2022-08-29,0.9230890251828905,0.19600061059380247,0.5502139042417342
2022-08-30,0.924061501505248,0.20309876354755002,0.5158742733935434
2022-08-31,0.9250287775448154,0.22038111229837687,0.4566443908000971
2022-09-01,0.9259908336975453,0.22334249224037045,0.4712526369095886
2022-09-02,0.9269476503593719,0.201892840787666,0.4533247585227719
2022-09-05,0.9278992079262478,0.15122882002747673,0.44805870638419504
2022-09-06,0.9288454867941116,0.29098356485015014,0.30196381802760597
2022-09-07,0.9297864673589151,0.3118556963313489,0.11803257806650347
2022-09-08,0.9307221300165986,0.2922352821452196,0.10290083355857699
2022-09-09,0.9316524551631069,0.29683254464967185,0.1737470990110997
2022-09-12,0.9325774231943864,0.2484607947895996,0.07328045533486754
2022-09-13,0.9334970145063819,0.2484124561135705,0.12019958182264462
2022-09-14,0.934411209495039,0.27983513967333234,0.2188145635079667
2022-09-15,0.935319988556297,0.22954510761715768,0.18104966865813443
2022-09-16,0.9362233320861062,0.22130972370630442,0.2130234595632461
2022-09-19,0.937121220480412,0.1854551467969267,0.18916777735317936
2022-09-20,0.9380136341351548,0.23329771536152244,0.2200650567149144
2022-09-21,0.9389005534462793,0.308833257009108,0.34620176280707055
2022-09-22,0.9397819588097365,0.3729227090011703,0.4804534707788475
2022-09-23,0.9406578306214639,0.313229532386913,0.5663056547147486
2022-09-26,0.9415281492774099,0.35214979901287335,0.5519288663541192
2022-09-27,0.9423928951735245,0.2828779321223223,0.5583459936061737
2022-09-28,0.9432520487057419,0.3187528621584491,0.4488323034240218
2022-09-29,0.944105590270012,0.3188469953696637,0.34288057712203207
2022-09-30,0.9449535002622831,0.3041189640258485,0.33441761191525826
2022-10-03,0.9457957590784956,0.28883122169643316,0.3278435904844427
2022-10-04,0.9466323471145905,0.30140945402737496,0.18588387345319574
2022-10-05,0.9474632447665225,0.2830916399531878,0.26310843096500697
2022-10-06,0.9482884324302283,0.2955528418053224,0.3434087357436001
2022-10-07,0.9491078905016579,0.2544242609270849,0.39119466373383444
2022-10-10,0.9499215993767498,0.20037398870401468,0.41569811695917325
2022-10-11,0.9507295394514559,0.27085432249529334,0.4148142279719039
2022-10-12,0.9515316911217164,0.28127003510914367,0.3482087655690285
2022-10-13,0.9523280347834788,0.2802142166590343,0.25027262305319165
2022-10-14,0.9531185508326834,0.28621330076833057,0.20653953577963913
2022-10-17,0.9539032196652801,0.23127512339083095,0.06236155253779946
2022-10-18,0.9546820216772112,0.25217524042130973,0.041334625768549293
2022-10-19,0.9554549372644221,0.23389050017808988,0.10663833251002769
2022-10-20,0.9562219468228585,0.2458454180023406,0.08675626722340668
2022-10-21,0.9569830307484626,0.30593293644736175,0.20969916706278563
2022-10-24,0.9577381694371834,0.31035465323360306,0.10552453918160276
2022-10-25,0.9584873432849612,0.22922709001170305,0.09639982229015576
2022-10-26,0.9592305326877408,0.27555080649264746,0.1001637291726844
2022-10-27,0.9599677180414687,0.29952170152139623,0.25773519369440734
2022-10-28,0.9606988797420941,0.2684221238487763,0.1784834391203975
2022-10-31,0.9614239981855546,0.20411641988500484,0.19140157764087085
2022-11-01,0.9621430537677957,0.23193660001017657,0.25633712675496223
2022-11-02,0.9628560268847668,0.24190454383554677,0.36115175861286886
2022-11-03,0.9635628979324116,0.22034040604487865,0.42338282490298956
2022-11-04,0.9642636473066712,0.24645092352312625,0.3233231740469059
2022-11-07,0.9649582554034923,0.22232483590291563,0.2647938783308943
2022-11-08,0.9656467026188187,0.2029766447870554,0.2927148285193219
2022-11-09,0.9663289693485995,0.2538085788429248,0.3164493449279691
2022-11-10,0.9670050359887759,0.27574924947845114,0.5321850543537342
2022-11-11,0.9676748829352935,0.3312725792499873,0.5539498497854739
2022-11-14,0.9683384905840944,0.2678802218490816,0.5000605829007098
2022-11-15,0.9689958393311286,0.2942069912990383,0.5300133903744623
2022-11-16,0.9696469095723366,0.27501653691548367,0.46233763005905865
2022-11-17,0.9702916817036664,0.22849183330789197,0.44090681728507974
2022-11-18,0.9709301361210585,0.21289370579555283,0.47799908659626633
2022-11-21,0.9715622532204611,0.20209382791431335,0.4279560572026844
2022-11-22,0.972188013397818,0.16842212384877625,0.43500076116977693
2022-11-23,0.9728073970490767,0.1975652572126393,0.4695858304362287
2022-11-24,0.9734203845701757,0.14765430214216657,0.5300304778592788
2022-11-25,0.9740269563570649,0.17261741209993386,0.5105538519850975
2022-11-28,0.9746270928056893,0.23449346155803186,0.5871492793741641
2022-11-29,0.9752207743119907,0.22679743550602965,0.6153032407191648
2022-11-30,0.9758079812719131,0.26634356077952476,0.5823585699949994
2022-12-01,0.9763886940814066,0.3037882257161757,0.6853914432089662
2022-12-02,0.9769628931364123,0.26695669872284133,0.7578113106722204
2022-12-05,0.977530558832874,0.2240802930850252,0.6141894473907421
2022-12-06,0.9780916715667383,0.24794433419834122,0.6263945717720973
2022-12-07,0.9786462117339516,0.23960718465374248,0.626271852562969
2022-12-08,0.9791941597304552,0.2051696941942706,0.5714955898755091
2022-12-09,0.9797354959521947,0.2320002035312675,0.6046359899711972
2022-12-12,0.9802702007951174,0.19029919096321174,0.5169336974520992
2022-12-13,0.9807982546551655,0.2421945758917214,0.5871570464127146
2022-12-14,0.9813196379282836,0.2602554317407012,0.5490208871200755
2022-12-15,0.9818343310104183,0.2484760596346614,0.4210402860755642
2022-12-16,0.9823423142975116,0.21734849641276144,0.5564819043535801
2022-12-19,0.9828435681855128,0.20049610746450924,0.5258005486636017
2022-12-20,0.9833380730703647,0.34912990383147613,0.9339988131965089
2022-12-21,0.9838258093480095,0.2275505011957462,0.8899830057196472
2022-12-22,0.9843067574143944,0.20841601791075154,0.896571007819855
2022-12-23,0.9847808976654653,0.21253752607744364,0.8370382107228632
2022-12-27,0.9852482104971623,0.1609423497684832,0.74870057445017
2022-12-28,0.9857086763054363,0.18768890245764008,0.68822641228062
2022-12-29,0.9861622754862269,0.16528774232941534,0.7500194175963812
2022-12-30,0.9866089884354823,0.20217015213962247,0.8615680718792822
2023-01-02,0.9870487955491454,0.02810766804050273,0.9303187903303471
2023-01-03,0.9874816772231618,0.2633160331755966,1.0
2023-01-04,0.9879076138534764,0.27891161654709207,0.7962830060303269
2023-01-05,0.9883265858360337,0.2655752302447464,0.8056640351940052
2023-01-06,0.9887385735667777,0.24436981631303112,0.7807504823330936
2023-01-09,0.9891435574416558,0.2404111331603318,0.6997185225228572
2023-01-10,0.9895415178566083,0.23851829237266575,0.660418860855057
2023-01-11,0.989932435207586,0.2003536355772656,0.6105560267558945
2023-01-12,0.9903162898905276,0.2861420648247087,0.7729539290341215
2023-01-13,0.9906930623013812,0.2604004477687885,0.9059908721762925
2023-01-16,0.9910627328360917,0.1670406553706813,0.8522833539936565
2023-01-17,0.991425281890602,0.2255482623518038,0.9005353042970348
2023-01-18,0.9917806898608585,0.3215819467765736,0.819309168522989
2023-01-19,0.9921289371428061,0.23353940874166795,0.8116632957719341
2023-01-20,0.9924700041323877,0.20972370630438103,0.684501340590855
2023-01-23,0.9928038712255525,0.20905459726250447,0.5736408459237008
2023-01-24,0.9931305188182389,0.1637536254007022,0.5944114604207241
2023-01-25,0.9934499273063953,0.18605301989518142,0.6126857487269829
2023-01-26,0.9937620770859681,0.19074441561084826,0.5777418422794078
2023-01-27,0.9940669485528986,0.18116572533455455,0.629018277395121
2023-01-30,0.9943645221031341,0.2042232738004376,0.58833452945727
2023-01-31,0.9946547781326167,0.18107159212333995,0.6004588766376805
2023-02-01,0.9949376970372947,0.1982725283671704,0.5619918415027025
2023-02-02,0.995213259213112,0.23547804406451944,0.6569392275835485
2023-02-03,0.9954814450560079,0.2002722230702692,0.5598186241157218
2023-02-06,0.9957422349619351,0.20717193303821302,0.5058330459529073
2023-02-07,0.9959956093268367,0.2276446344069608,0.6287681787537314
2023-02-08,0.9962415485466529,0.18580878237419224,0.6085940728175396
2023-02-09,0.996480033017332,0.20502976644787058,0.5731080270790043
2023-02-10,0.9967110431348178,0.2380272731898438,0.6403332991583628
2023-02-13,0.996934559295056,0.17631404874573858,0.5098377310305618
2023-02-14,0.9971505618939887,0.24396020963720555,0.4411429352570726
2023-02-15,0.9973590313275658,0.19022541087874628,0.40222230507063195
2023-02-16,0.9975599479917285,0.19772808222663207,0.4346139626498646
2023-02-17,0.9977532922824217,0.17969266778608867,0.3955954677776627
2023-02-20,0.9979390445955918,0.11923624891874014,0.3950020660322531
2023-02-21,0.9981171853271809,0.17923217829339033,0.3685817076921648
2023-02-22,0.9982876948731381,0.18404569276955174,0.41810900572586
2023-02-23,0.9984505536294002,0.14607184653742433,0.44722607985136836
2023-02-24,0.9986057419919199,0.22178547804406457,0.3467268146132165
2023-02-27,0.998753240356641,0.1524449193507353,0.30017118552969585
2023-02-28,0.998893029119504,0.17495802167608,0.33327430384033563
2023-03-01,0.9990250886764596,0.20293339439271357,0.24594172235633355
2023-03-02,0.9991493994234437,0.20529435709560884,0.28263631929363314
2023-03-03,0.99926594175641,0.16161909123289064,0.3262886293662408
2023-03-06,0.9993746960713015,0.18337912786851884,0.2734308252012435
2023-03-07,0.9994756427640574,0.18220119065791485,0.31794993677630634
2023-03-08,0.999568762230628,0.16898183483437645,0.3116462082871209
2023-03-09,0.9996540348669578,0.15643413219355823,0.37184231047649025
2023-03-10,0.9997314410689881,0.2885386454994149,0.40457105752890127
2023-03-13,0.999800961232669,0.37305500432503946,0.46663901600941904
2023-03-14,0.9998625769942233,0.2928535083702234,0.3954401270066147
2023-03-15,0.999916279810237,0.3330738309672824,0.623255134789187
2023-03-16,0.9999620818144921,0.3297155650536814,0.5606636779102298
2023-03-17,1.0,0.2741617055920216,0.6641315052831407
