Time,Close,Volume,diferencia_media_15
2018-06-07,1.2685386509781889,253152,-0.005849333333333151
2018-06-08,1.2685749844919965,227281,-0.005264666666666695
2018-06-11,1.2686114639518253,178520,-0.0030646666666664935
2018-06-12,1.268648089357675,220967,-0.0023413333333333064
2018-06-13,1.2686848607095456,210185,-0.0027013333333334444
2018-06-14,1.2687217780074371,264793,0.008224666666666769
2018-06-15,1.2687588412513497,232548,0.005889333333333413
2018-06-18,1.2687960504412834,179588,0.00899799999999984
2018-06-19,1.268833405577238,247305,0.015693999999999875
2018-06-20,1.2688709066592134,222732,0.015195333333333227
2018-06-21,1.268908553687191,289387,0.007794000000000079
2018-06-22,1.2689463496979982,244760,0.005137333333333549
2018-06-25,1.2689842913736427,225883,0.0031406666666666805
2018-06-26,1.269022378432939,235504,0.007785333333333533
2018-06-27,1.269060610594704,262636,0.016670000000000185
2018-06-28,1.269098987577753,265201,0.01804266666666643
2018-06-29,1.2691375091009016,284428,0.003858666666666455
2018-07-02,1.2691761748829657,191691,0.008580666666666792
2018-07-03,1.269214984642761,186196,0.00239133333333319
2018-07-04,1.2692539380991035,143281,-0.0021006666666669727
2018-07-05,1.2692930349708087,221853,-0.0015726666666666667
2018-07-06,1.2693322749766922,165242,-0.007844666666666722
2018-07-09,1.26937165783557,210099,-0.005314666666666579
2018-07-10,1.269411183266258,177889,-0.0059753333333332215
2018-07-11,1.2694508509875715,208217,0.0008966666666667678
2018-07-12,1.2694906607183267,170981,0.0006386666666666763
2018-07-13,1.269530612177339,173516,-0.00279066666666683
2018-07-16,1.2695707050834244,142345,-0.002939333333333183
2018-07-17,1.2696109391553987,189762,0.008367333333333393
2018-07-18,1.2696513141120773,167921,0.012766000000000055
2018-07-19,1.2696918296722761,206916,0.017784666666666782
2018-07-20,1.2697324855548113,202497,0.0057273333333334175
2018-07-23,1.2697732814784979,133340,0.008459999999999912
2018-07-24,1.269814217162152,144298,0.003769999999999829
2018-07-25,1.2698552923245896,152163,-0.0013013333333331545
2018-07-26,1.269896506684626,140627,0.006209999999999827
2018-07-27,1.269937859961077,115205,0.0057246666666666
2018-07-30,1.269979351872759,116419,0.0018080000000000318
2018-07-31,1.2700209821384867,131628,0.0017333333333333645
2018-08-01,1.270062750477077,126954,0.0010986666666668032
2018-08-02,1.2701046566073448,149892,0.010624666666666727
2018-08-03,1.270146700248106,131539,0.010497333333333136
2018-08-06,1.2701888811181765,90049,0.014455999999999802
2018-08-07,1.270231198936372,93483,0.013781999999999961
2018-08-08,1.2702736534215082,111908,0.018016666666666792
2018-08-09,1.2703162442924012,112333,0.022678666666666736
2018-08-10,1.2703589712678665,229713,0.0255780000000001
2018-08-13,1.2704018340667196,194359,0.023883333333333256
2018-08-14,1.2704448324077764,171414,0.02571733333333337
2018-08-15,1.270487966009853,174991,0.024594666666666543
2018-08-16,1.2705312345917648,177501,0.0205173333333335
2018-08-17,1.2705746378723277,157334,0.014268666666666485
2018-08-20,1.270618175570357,118214,0.007571333333333374
2018-08-21,1.2706618474046691,153418,-0.004770000000000163
2018-08-22,1.2707056530940792,151617,-0.007115333333333362
2018-08-23,1.2707495923574037,144211,0.0014006666666668277
2018-08-24,1.270793664913458,148762,-0.003011333333333255
2018-08-27,1.2708378704810575,79807,-0.00781133333333317
2018-08-28,1.2708822087790184,91658,-0.005960666666666725
2018-08-29,1.2709266795261565,118777,-0.020698666666666865
2018-08-30,1.270971282441287,104961,-0.01779200000000003
2018-08-31,1.2710160172432263,118822,-0.011133999999999977
2018-09-03,1.2710608836507902,72816,-0.0018899999999999473
2018-09-04,1.2711058813827938,95400,0.0008419999999997874
2018-09-05,1.271151010158053,119142,-0.0030120000000000147
2018-09-06,1.271196269695384,108071,-0.0036253333333333693
2018-09-07,1.2712416597136023,126031,-0.0015446666666667497
2018-09-10,1.2712871799315235,88086,-0.01105400000000012
2018-09-11,1.2713328300679634,103413,-0.010677333333333205
2018-09-12,1.271378609841738,99242,-0.011433333333333406
2018-09-13,1.271424518971663,102095,-0.01531400000000005
2018-09-14,1.2714705571765537,89532,-0.010156666666666814
2018-09-17,1.2715167241752265,86668,-0.017312666666666532
2018-09-18,1.2715630196864969,103757,-0.014387333333333308
2018-09-19,1.2716094434291805,103019,-0.013345999999999858
2018-09-20,1.271655995122093,112501,-0.02407400000000015
2018-09-21,1.2717026744840507,118500,-0.004621333333333588
2018-09-24,1.2717494812338686,99896,-0.006336000000000119
2018-09-25,1.2717964150903627,109436,-0.010635333333333108
2018-09-26,1.2718434757723487,106625,-0.007365999999999984
2018-09-27,1.2718906629986428,116479,0.0024039999999998507
2018-09-28,1.2719379764880605,106101,0.00820266666666658
2018-10-01,1.2719854159594175,102010,0.007132000000000138
2018-10-02,1.2720329811315296,121029,0.012929999999999886
2018-10-03,1.272080671723212,144258,0.016164000000000067
2018-10-04,1.2721284874532817,131616,0.007461999999999858
2018-10-05,1.2721764280405532,133565,-0.0017119999999997138
2018-10-08,1.2722244932038431,112417,7.133333333331215e-05
2018-10-09,1.2722726826619666,133191,-0.005146666666666633
2018-10-10,1.2723209961337396,123782,-0.009356666666666458
2018-10-11,1.2723694333379778,173936,-0.01406799999999997
2018-10-12,1.2724179939934972,147376,-0.005405333333333262
2018-10-15,1.2724666778191134,133417,-0.005053999999999892
2018-10-16,1.2725154845336424,136597,-0.008447333333333473
2018-10-17,1.2725644138558991,124249,-0.00165466666666636
2018-10-18,1.2726134655047006,117649,0.007681333333333207
2018-10-19,1.2726626391988614,119689,0.0030680000000000707
2018-10-22,1.272711934657198,121843,0.012561333333333424
2018-10-23,1.2727613515985259,151352,0.010766666666666813
2018-10-24,1.2728108897416608,148190,0.02084733333333344
2018-10-25,1.2728605488054185,144936,0.02562733333333367
2018-10-26,1.2729103285086147,171093,0.022693333333333232
2018-10-29,1.2729602285700652,117160,0.024240666666666577
2018-10-30,1.273010248708586,124594,0.02998333333333325
2018-10-31,1.2730603886429925,114774,0.02116466666666672
2018-11-01,1.2731106480921006,143673,-0.003578666666666841
2018-11-02,1.273161026774726,120632,-0.001731333333333529
2018-11-05,1.2732115244096847,95978,-0.010115333333333254
2018-11-06,1.2732621407157918,115221,-0.01683533333333309
2018-11-07,1.2733128754118637,144716,-0.0190180000000002
2018-11-08,1.2733637282167158,137700,-0.012046000000000001
2018-11-09,1.2734146988491641,131171,-0.0038273333333334048
2018-11-12,1.2734657870280242,135665,0.0076226666666667775
2018-11-13,1.2735169924721117,157401,-0.0043200000000001015
2018-11-14,1.2735683149002426,189571,-0.005712000000000161
2018-11-15,1.2736197540312326,214750,0.015865333333333176
2018-11-16,1.2736713095838976,145659,0.010435333333333352
2018-11-19,1.2737229812770532,101835,0.008159999999999945
2018-11-20,1.273774768829515,111943,0.015199333333333342
2018-11-21,1.2738266719600986,104083,0.016207333333333462
2018-11-22,1.2738786903876205,102907,0.005519999999999747
2018-11-23,1.2739308238308957,108949,0.011545333333333518
2018-11-26,1.2739830720087402,107256,0.009670666666666605
2018-11-27,1.27403543463997,153293,0.013900666666666783
2018-11-28,1.2740879114434005,129390,0.003666666666666707
2018-11-29,1.2741405021378478,129299,0.005784000000000011
2018-11-30,1.2741932064421269,130490,0.0073586666666667355
2018-12-03,1.2742460240750544,122201,0.009527333333333443
2018-12-04,1.274298954755446,154755,0.008680666666666559
2018-12-05,1.274351998202117,107708,0.005209333333333399
2018-12-06,1.2744051541338832,158147,0.00017866666666677133
2018-12-07,1.2744584222695605,135499,0.004601999999999995
2018-12-10,1.274511802327965,169923,0.02003866666666676
2018-12-11,1.2745652940279117,145797,0.02523933333333339
2018-12-12,1.274618897088217,189984,0.01046933333333322
2018-12-13,1.2746726112276963,127635,0.005786000000000069
2018-12-14,1.2747264361651651,136140,0.011591333333333287
2018-12-17,1.2747803716194401,132747,0.007390000000000008
2018-12-18,1.2748344173093362,130828,0.004143333333333388
2018-12-19,1.2748885729536692,159206,0.005653999999999826
2018-12-20,1.274942838271255,168498,1.866666666661132e-05
2018-12-21,1.27499721298091,168564,0.0014573333333334215
2018-12-24,1.275051696801449,112584,-0.004760666666666635
2018-12-26,1.275106289451688,77836,0.0009693333333333776
2018-12-27,1.2751609906504429,197024,-0.0005933333333332236
2018-12-28,1.2752158001165292,104304,-0.006352666666666673
2018-12-31,1.2752707175687632,90140,-0.010704000000000047
2019-01-02,1.27532574272596,134890,0.0025893333333333324
2019-01-03,1.275380875306936,155936,0.0008446666666666047
2019-01-04,1.2754361150305065,137158,-0.0072906666666665565
2019-01-07,1.275491461615487,95574,-0.011414666666666795
2019-01-08,1.2755469147806942,94557,-0.004544666666666641
2019-01-09,1.2756024742449428,139160,-0.010831999999999953
2019-01-10,1.2756581397270492,118631,-0.006312666666666855
2019-01-11,1.2757139109458286,129613,-0.013301999999999925
2019-01-14,1.2757697876200977,115100,-0.015173333333333483
2019-01-15,1.2758257694686714,165932,-0.012805333333333335
2019-01-16,1.2758818562103655,125703,-0.01351200000000019
2019-01-17,1.2759380475639963,154430,-0.021848666666666627
2019-01-18,1.2759943432483791,103466,-0.009041999999999994
2019-01-21,1.2760507429823298,79764,-0.009568000000000243
2019-01-22,1.276107246484664,100783,-0.014679333333333267
2019-01-23,1.2761638534741977,112150,-0.022782666666666618
2019-01-24,1.2762205636697463,123180,-0.019404666666666515
2019-01-25,1.2762773767901259,134404,-0.029781333333333215
2019-01-28,1.2763342925541519,94173,-0.02298800000000001
2019-01-29,1.2763913106806406,151091,-0.01168133333333321
2019-01-30,1.2764484308884074,118310,-0.014358000000000093
2019-01-31,1.2765056528962677,106639,-0.011559333333333255
2019-02-01,1.2765629764230382,99075,-0.00708533333333361
2019-02-04,1.2766204011875337,86863,-0.0014499999999999513
2019-02-05,1.2766779269085706,77167,0.007835333333333194
2019-02-06,1.2767355533049638,86190,0.010356666666667014
2019-02-07,1.2767932800955302,96800,0.007857333333333383
2019-02-08,1.2768511069990849,72089,0.009332000000000118
2019-02-11,1.2769090337344433,87531,0.01719666666666675
2019-02-12,1.276967060020422,81226,0.013371333333333402
2019-02-13,1.2770251855758363,97464,0.01680400000000004
2019-02-14,1.2770834101195017,102904,0.019636666666666525
2019-02-15,1.2771417333702346,94690,0.00869866666666641
2019-02-18,1.2772001550468501,86320,0.0037033333333333918
2019-02-19,1.2772586748681642,93627,-0.010414666666666683
2019-02-20,1.2773172925529932,108871,-0.009495999999999949
2019-02-21,1.2773760078201517,116131,-0.008584666666666907
2019-02-22,1.2774348203884565,100142,-0.010696000000000039
2019-02-25,1.2774937299767228,98911,-0.014394000000000018
2019-02-26,1.2775527363037664,143413,-0.02784333333333322
2019-02-27,1.2776118390884033,132722,-0.031119333333333277
2019-02-28,1.277671038049449,113553,-0.024340666666666566
2019-03-01,1.277730332905719,109730,-0.017220000000000235
2019-03-04,1.27778972337603,76986,-0.012390666666666883
2019-03-05,1.2778492091791969,85536,-0.01024533333333344
2019-03-06,1.2779087900340356,78013,-0.007200666666666633
2019-03-07,1.2779684656593622,80881,0.00355799999999995
2019-03-08,1.2780282357739916,88514,0.010893333333333421
2019-03-11,1.2780881000967408,94617,-0.0009779999999999234
2019-03-12,1.2781480583464244,116740,0.00696466666666673
2019-03-13,1.278208110241859,96108,-0.017756666666666643
2019-03-14,1.2782682555018596,98533,-0.0066906666666664005
2019-03-15,1.2783284938452428,83389,-0.01027866666666677
2019-03-18,1.2783888249908237,74666,-0.005282666666666547
2019-03-19,1.2784492486574184,75295,-0.006274666666666651
2019-03-20,1.2785097645638424,95822,0.0003046666666666198
2019-03-21,1.2785703724289115,106013,0.0077426666666666755
2019-03-22,1.278631071971441,107573,-0.002855333333333432
2019-03-25,1.278691862910248,89273,-0.0014126666666667287
2019-03-26,1.278752744964147,93816,-0.0019460000000000033
2019-03-27,1.2788137178519543,108229,9.999999999998899e-05
2019-03-28,1.2788747812924854,104510,0.014499333333333642
2019-03-29,1.2789359350045562,99663,0.015555999999999903
2019-04-01,1.2789971787069825,85903,0.007731333333333312
2019-04-02,1.2790585121185796,99586,0.005236666666666778
2019-04-03,1.279119934958164,90651,0.0017199999999999438
2019-04-04,1.2791814469445506,86655,0.008841333333333035
2019-04-05,1.2792430477965562,75706,0.011195999999999984
2019-04-08,1.2793047372329953,69924,0.007101999999999942
2019-04-09,1.279366514972685,71793,0.006652000000000102
2019-04-10,1.27942838073444,77529,0.002494666666666534
2019-04-11,1.2794903342370765,66744,0.0055833333333332735
2019-04-12,1.27955237519941,66523,0.0027880000000000127
2019-04-15,1.2796145033402566,59232,-0.0006720000000000059
2019-04-16,1.2796767183784317,68592,0.0034086666666668375
2019-04-17,1.2797390200327512,65096,0.003282000000000007
2019-04-18,1.279801408022031,84485,0.00847333333333311
2019-04-19,1.2798638820650867,107751,0.007721333333333469
2019-04-22,1.2799264418807343,34021,0.007797333333333434
2019-04-23,1.2799890871877888,72083,0.010726666666666773
2019-04-24,1.2800518177050668,79677,0.012799333333333385
2019-04-25,1.2801146331513837,73073,0.011789333333333207
2019-04-26,1.2801775332455552,79512,0.009332000000000118
2019-04-29,1.2802405177063971,57531,0.0068066666666666276
2019-04-30,1.2803035862527254,75786,-0.003813999999999984
2019-05-01,1.2803667386033553,60134,-0.005313333333333503
2019-05-02,1.280429974477103,72963,-0.0038593333333334368
2019-05-03,1.2804932935927842,77058,-0.017466000000000204
2019-05-06,1.2805566956692147,70402,-0.009408666666666843
2019-05-07,1.28062018042521,73397,-0.007139333333333608
2019-05-08,1.2806837475795858,83280,-0.0006973333333335496
2019-05-09,1.2807473968511582,79348,-0.0002740000000001075
2019-05-10,1.2808111279587426,76666,-0.0001260000000000705
2019-05-13,1.2808749406211553,67560,0.004223333333333246
2019-05-14,1.2809388345572112,64254,0.009367999999999821
2019-05-15,1.2810028094857269,70362,0.015294666666666457
2019-05-16,1.2810668651255175,58375,0.019225333333333428
2019-05-17,1.2811310011953991,65773,0.025724666666666618
2019-05-20,1.2811952174141878,51697,0.02393999999999985
2019-05-21,1.2812595135006983,75682,0.023282000000000247
2019-05-22,1.2813238891737477,69543,0.025229333333333548
2019-05-23,1.2813883441521505,74785,0.023013999999999868
2019-05-24,1.2814528781547234,74515,0.014544000000000112
2019-05-27,1.2815174909002813,57298,0.015092000000000105
2019-05-28,1.2815821821076405,76486,0.014905333333333326
2019-05-29,1.281646951495617,71280,0.015006666666666613
2019-05-30,1.2817117987830258,59473,0.01405533333333353
2019-05-31,1.2817767236886832,75088,0.009457999999999966
2019-06-03,1.2818417259314046,75463,0.00418066666666661
2019-06-04,1.281906805230006,85257,-0.0008079999999999199
2019-06-05,1.2819719613033032,83522,-4.799999999982596e-05
2019-06-06,1.2820371938701118,88498,-0.0017813333333334125
2019-06-07,1.2821025026492476,80893,-0.00622866666666666
2019-06-10,1.2821678873595266,76532,-0.0013246666666666407
2019-06-11,1.282233347719764,89610,-0.004874000000000045
2019-06-12,1.2822988834487756,90534,-0.0012693333333333445
2019-06-13,1.2823644942653778,77955,0.00030599999999991745
2019-06-14,1.282430179888386,81726,0.00784600000000002
2019-06-17,1.2824959400366158,57906,0.012623999999999747
2019-06-18,1.282561774428883,85683,0.009549333333333188
2019-06-19,1.2826276827840035,83618,0.0010733333333334816
2019-06-20,1.2826936648207927,102819,-0.004319333333333342
2019-06-21,1.282759720258067,92029,-0.00781799999999988
2019-06-24,1.2828258488146411,68665,-0.006641999999999815
2019-06-25,1.2828920502093322,78102,-0.0016359999999999708
2019-06-26,1.2829583241609546,93233,-0.0013080000000000869
2019-06-27,1.2830246703883252,85008,7.866666666678235e-05
2019-06-28,1.2830910886102591,78478,-0.0027686666666666415
2019-07-01,1.2831575785455722,78028,0.002747333333333435
2019-07-02,1.2832241399130802,72736,0.006313999999999931
2019-07-03,1.283290772431599,62984,0.0076106666666668765
2019-07-04,1.2833574758199442,47516,0.006450000000000067
2019-07-05,1.2834242497969315,64626,0.01176066666666653
2019-07-08,1.283491094081377,50696,0.011964000000000086
2019-07-09,1.283558008392096,56599,0.016986666666666705
2019-07-10,1.2836249924479044,77399,0.011585333333333114
2019-07-11,1.2836920459676184,76399,0.00828400000000018
2019-07-12,1.2837591686700531,73574,0.002067333333333421
2019-07-15,1.2838263602740245,51352,0.006650666666666805
2019-07-16,1.2838936204983487,65320,0.015769333333333302
2019-07-17,1.2839609490618407,62208,0.011490666666666982
2019-07-18,1.2840283456833168,71741,-0.0008106666666667373
2019-07-19,1.2840958100815927,61402,0.0020886666666666276
2019-07-22,1.2841633419754839,53047,0.003988666666666418
2019-07-23,1.2842309410838064,62228,0.006563999999999792
2019-07-24,1.2842986071253761,59032,0.0015426666666666922
2019-07-25,1.2843663398190082,69717,0.0036606666666665344
2019-07-26,1.2844341388835188,54117,0.009822666666666535
2019-07-29,1.2845020040377237,58221,0.024428666666666432
2019-07-30,1.2845699350004387,77044,0.029206000000000287
2019-07-31,1.2846379314904794,88905,0.02572400000000008
2019-08-01,1.2847059932266616,100117,0.02620266666666682
2019-08-02,1.2847741199278007,101365,0.02046866666666669
2019-08-05,1.284842311312713,99295,0.019928000000000168
2019-08-06,1.2849105671002143,95942,0.01543466666666693
2019-08-07,1.2849788870091199,92977,0.016124000000000027
2019-08-08,1.2850472707582454,74376,0.014165333333333141
2019-08-09,1.285115718066407,69941,0.021877333333333526
2019-08-12,1.2851842286524207,94422,0.014285999999999799
2019-08-13,1.2852528022351017,99754,0.013254666666666637
2019-08-14,1.2853214385332659,98161,0.010680000000000023
2019-08-15,1.285390137265729,106084,0.004746000000000139
2019-08-16,1.2854588981513069,85990,-0.0022179999999998312
2019-08-19,1.2855277209088154,64107,-0.0006793333333332541
2019-08-20,1.2855966052570702,78465,-0.005155999999999938
2019-08-21,1.2856655509148867,66906,-0.00044400000000011097
2019-08-22,1.285734557601081,86822,-0.013122666666666838
2019-08-23,1.2858036250344689,89752,-0.015054000000000123
2019-08-26,1.285872752933866,107501,-0.00797133333333333
2019-08-27,1.2859419410180881,81552,-0.014110666666667049
2019-08-28,1.2860111890059511,98794,-0.005940000000000056
2019-08-29,1.2860804966162704,81976,-0.002907333333333151
2019-08-30,1.2861498635678619,81407,8.399999999997299e-05
2019-09-02,1.2862192895795415,72873,0.00995400000000024
2019-09-03,1.286288774370125,97322,0.00789266666666677
2019-09-04,1.286358317658428,91480,-0.007824666666666591
2019-09-05,1.2864279191632662,94866,-0.013680666666666896
2019-09-06,1.286497578603455,77817,-0.008162000000000003
2019-09-09,1.286567295697811,67287,-0.012745999999999924
2019-09-10,1.2866370701651493,63499,-0.01280133333333322
2019-09-11,1.2867069017242858,59880,-0.008452666666666886
2019-09-12,1.2867767900940366,82917,-0.008218000000000059
2019-09-13,1.286846734993217,70578,-0.023540666666666654
2019-09-16,1.2869167361406426,64465,-0.015189333333333499
2019-09-17,1.2869867932551298,62437,-0.020876666666666432
2019-09-18,1.287056906055494,67114,-0.016130666666666515
2019-09-19,1.287127074260551,70431,-0.019226666666666503
2019-09-20,1.2871972975891162,71979,-0.011821333333333461
2019-09-23,1.2872675757600058,60459,-0.005818000000000101
2019-09-24,1.2873379084920353,63316,-0.009149333333333232
2019-09-25,1.2874082955040207,64925,0.0059393333333335185
2019-09-26,1.2874787365147777,62519,0.008601333333333683
2019-09-27,1.2875492312431218,60365,0.011855999999999867
2019-09-30,1.2876197794078692,57864,0.010937333333333354
2019-10-01,1.287690380727835,70880,0.009850666666666452
2019-10-02,1.2877610349218354,67673,0.010214666666666705
2019-10-03,1.2878317417086862,79199,0.0071826666666667816
2019-10-04,1.2879025008072031,64437,0.005578000000000083
2019-10-07,1.2879733119362013,51544,0.00913733333333333
2019-10-08,1.2880441748144975,73907,0.014182666666666455
2019-10-09,1.288115089160907,66757,0.014012666666666673
2019-10-10,1.2881860546942452,98657,-0.010290666666666892
2019-10-11,1.2882570711333283,117830,-0.029703333333333193
2019-10-14,1.2883281381969718,83295,-0.02408066666666664
2019-10-15,1.2883992556039918,115140,-0.040311333333333366
2019-10-16,1.2884704230732038,118752,-0.041506000000000265
2019-10-17,1.2885416403234236,120649,-0.04403866666666678
2019-10-18,1.2886129070734667,91654,-0.0466359999999999
2019-10-21,1.2886842230421491,84476,-0.04196999999999984
2019-10-22,1.2887555879482868,92554,-0.02949199999999985
2019-10-23,1.288827001510695,88838,-0.02938133333333326
2019-10-24,1.2888984634481897,78247,-0.01981733333333313
2019-10-25,1.288969973479587,61207,-0.014351333333333383
2019-10-28,1.289041531323702,57737,-0.012976666666666636
2019-10-29,1.2891131366993511,70836,-0.00994600000000001
2019-10-30,1.2891847893253494,68655,-0.008561999999999959
2019-10-31,1.2892564889205131,76132,-0.00955333333333308
2019-11-01,1.2893282352036577,68431,-0.0072426666666667305
2019-11-04,1.2894000278935995,55788,0.00025266666666645676
2019-11-05,1.2894718667091536,69052,0.0008326666666667037
2019-11-06,1.289543751369136,54683,0.0036926666666667884
2019-11-07,1.2896156815923623,74118,0.0073346666666669336
2019-11-08,1.2896876570976485,58610,0.009565999999999963
2019-11-11,1.28975967760381,52693,0.001635333333333433
2019-11-12,1.2898317428296633,63970,0.0022133333333334004
2019-11-13,1.2899038524940234,61371,0.0011499999999999844
2019-11-14,1.2899760063157062,57844,-0.0017039999999999278
2019-11-15,1.2900482040135277,49106,-0.0032766666666665945
2019-11-18,1.2901204453063033,56896,-0.007559333333333473
2019-11-19,1.2901927299128488,59849,-0.004626000000000019
2019-11-20,1.2902650575519803,58541,-0.004075333333333431
2019-11-21,1.2903374279425135,57442,-0.002709999999999768
2019-11-22,1.2904098408032638,59771,0.0043880000000000585
2019-11-25,1.2904822958530475,53466,-0.0023619999999999752
2019-11-26,1.2905547928106795,55437,0.0008966666666667678
2019-11-27,1.2906273313949763,60554,-0.003574000000000188
2019-11-28,1.2906999113247533,55457,-0.0027600000000000957
2019-11-29,1.2907725323188264,54929,-0.003987333333333121
2019-12-02,1.290845194096011,56063,-0.004333333333333522
2019-12-03,1.2909178963751238,57553,-0.008429999999999938
2019-12-04,1.2909906388749794,65990,-0.017887999999999904
2019-12-05,1.2910634213143943,55495,-0.021589999999999998
2019-12-06,1.291136243412184,54961,-0.017872666666666648
2019-12-09,1.2912091048871641,53835,-0.01710133333333319
2019-12-10,1.2912820054581506,57342,-0.016902666666666732
2019-12-11,1.2913549448439592,66250,-0.01902533333333367
2019-12-12,1.2914279227634051,89941,-0.015047999999999728
2019-12-13,1.2915009389353052,117954,-0.027700666666666596
2019-12-16,1.2915739930784744,73777,-0.024818000000000007
2019-12-17,1.2916470849117285,85013,-0.002545999999999937
2019-12-18,1.2917202141538837,84095,0.00359799999999999
2019-12-19,1.2917933805237554,76428,0.011518666666666677
2019-12-20,1.2918665837401593,61411,0.013036666666666807
2019-12-23,1.2919398235219113,64387,0.018824000000000174
2019-12-24,1.292013099587827,49911,0.016427333333333127
2019-12-26,1.2920864116567223,41657,0.01192066666666669
2019-12-27,1.2921597594474132,66886,0.00262999999999991
2019-12-30,1.2922331426787148,64715,-8.866666666662582e-05
2019-12-31,1.2923065610694433,58043,-0.013629333333333271
2020-01-02,1.2923800143384145,76814,-0.0021246666666667746
2020-01-03,1.2924535022044443,83444,0.0031333333333332103
2020-01-06,1.2925270243863474,68227,-0.006202000000000041
2020-01-07,1.292600580602941,74267,-0.002890666666666819
2020-01-08,1.29267417057304,85025,-0.002015333333333258
2020-01-09,1.2927477940154601,73762,0.00042666666666657527
2020-01-10,1.2928214506490172,63126,0.0010166666666666657
2020-01-13,1.2928951401925275,62682,0.008148666666666582
2020-01-14,1.2929688623648061,83224,0.0051920000000000854
2020-01-15,1.2930426168846694,64171,0.00398866666666664
2020-01-16,1.2931164034709324,63876,0.0008620000000001404
2020-01-17,1.2931902218424112,63862,0.008048000000000055
2020-01-20,1.2932640717179218,43919,0.00722933333333331
2020-01-21,1.2933379528162794,54981,0.003005999999999842
2020-01-22,1.2934118648563004,66023,-0.007029333333333332
2020-01-23,1.2934858075568003,53098,-0.005654666666666808
2020-01-24,1.2935597806365946,61035,-0.00023866666666672032
2020-01-27,1.2936337838144991,52839,0.0004146666666666743
2020-01-28,1.29370781680933,49866,0.0027933333333332033
2020-01-29,1.2937818793399025,44095,0.003110666666666706
2020-01-30,1.293855971125033,62379,-0.003950666666666436
2020-01-31,1.2939300918835364,62730,-0.014384666666666712
2020-02-03,1.2940042413342288,59255,0.0063473333333334825
2020-02-04,1.2940784191959263,63156,0.0031686666666665975
2020-02-05,1.2941526251874444,59852,0.0059993333333334675
2020-02-06,1.294226859027599,50150,0.012302000000000035
2020-02-07,1.294301120435205,60397,0.01569933333333351
2020-02-10,1.2943754091290793,55857,0.012243333333333384
2020-02-11,1.294449724828037,57866,0.0076666666666664884
2020-02-12,1.2945240672508944,56536,0.006121999999999961
2020-02-13,1.2945984361164664,69711,-0.002846666666666664
2020-02-14,1.2946728311435698,53109,-0.003593999999999875
2020-02-17,1.2947472520510193,42769,0.0003726666666665768
2020-02-18,1.2948216985576315,57870,0.0008066666666666222
2020-02-19,1.2948961703822215,60232,0.007627999999999968
2020-02-20,1.2949706672436057,68749,0.01027800000000001
2020-02-21,1.2950451888605992,70993,0.0011086666666666467
2020-02-24,1.2951197349520183,73078,0.0031879999999999686
2020-02-25,1.2951943052366783,87806,-0.004190666666666676
2020-02-26,1.2952688994333952,81693,0.0058873333333333555
2020-02-27,1.2953435172609846,98746,0.006633333333333269
2020-02-28,1.2954181584382625,115837,0.01318133333333349
2020-03-02,1.2954928226840443,121543,0.01827066666666677
2020-03-03,1.2955675097171464,121423,0.011215333333333355
2020-03-04,1.2956422192563837,85426,0.004836666666666822
2020-03-05,1.2957169510205726,74855,-0.0036926666666665664
2020-03-06,1.2957917047285286,121391,-0.013178000000000134
2020-03-09,1.2958664800990674,176844,-0.019119333333333266
2020-03-10,1.2959412768510046,160793,0.00035666666666656077
2020-03-11,1.2960160947031563,120130,0.009158000000000222
2020-03-12,1.2960909333743382,147542,0.032744666666666644
2020-03-13,1.2961657925833658,167825,0.057037333333333384
2020-03-16,1.296240672049055,176122,0.052629999999999955
2020-03-17,1.2963155714902217,190930,0.06838999999999995
2020-03-18,1.2963904906256813,183234,0.10235133333333324
2020-03-19,1.2964654291742501,189310,0.10777533333333333
2020-03-20,1.2965403868547432,175837,0.08374799999999993
2020-03-23,1.2966153633859767,180202,0.08557199999999998
2020-03-24,1.2966903584867664,170965,0.05722666666666654
2020-03-25,1.296765371875928,168952,0.03804199999999991
2020-03-26,1.2968404032722773,185910,0.0011626666666664232
2020-03-27,1.2969154523946298,191272,-0.028475333333333408
2020-03-30,1.2969905189618016,135219,-0.02902199999999966
2020-03-31,1.2970656026926082,152535,-0.03197866666666682
2020-04-01,1.2971407033058653,119832,-0.03026799999999996
2020-04-02,1.2972158205203885,117033,-0.03445666666666658
2020-04-03,1.2972909540549944,106368,-0.021843999999999975
2020-04-06,1.297366103628498,92380,-0.018231999999999804
2020-04-07,1.2974412689597152,103013,-0.027051333333333316
2020-04-08,1.2975164497674616,83731,-0.026382666666666665
2020-04-09,1.2975916457705534,101803,-0.02791866666666687
2020-04-10,1.297666856687806,29445,-0.02104533333333336
2020-04-13,1.297742082238035,53151,-0.020220666666666665
2020-04-14,1.2978173221400564,81167,-0.0264913333333332
2020-04-15,1.2978925761126863,82889,-0.012020666666666457
2020-04-16,1.2979678438747397,86993,-0.0037519999999999776
2020-04-17,1.298043125145033,81849,-0.0071546666666666425
2020-04-20,1.2981184196423816,66269,-0.0010066666666668223
2020-04-21,1.2981937270856014,87185,0.012118666666666611
2020-04-22,1.2982690471935079,69080,0.007887333333333135
2020-04-23,1.298344379684917,88015,0.006433999999999829
2020-04-24,1.2984197242786446,71380,0.005075333333333321
2020-04-27,1.298495080693506,63250,-0.0002126666666666388
2020-04-28,1.2985704486483178,70789,0.0011133333333332995
2020-04-29,1.2986458278618953,71884,-0.0029606666666666115
2020-04-30,1.2987212180530536,91809,-0.01438466666666649
2020-05-01,1.2987966189406095,69952,-0.004085333333333274
2020-05-04,1.2988720302433783,70753,0.0006113333333335191
2020-05-05,1.2989474516801756,74081,0.00010333333333334416
2020-05-06,1.2990228829698174,68555,0.008157999999999888
2020-05-07,1.2990983238311191,78896,0.00553266666666663
2020-05-08,1.2991737739828968,57308,0.00043600000000010297
2020-05-11,1.299249233143966,75526,0.007112666666666545
2020-05-12,1.2993247010331428,87621,0.01424666666666674
2020-05-13,1.299400177369243,97161,0.015936666666666932
2020-05-14,1.2994756618710817,88296,0.015707333333333295
2020-05-15,1.2995511542574751,83724,0.02688333333333337
2020-05-18,1.299626654247239,80226,0.01598933333333319
2020-05-19,1.299702161559189,80648,0.00950066666666638
2020-05-20,1.2997776759121407,75844,0.009019999999999806
2020-05-21,1.2998531970249103,70647,0.008021999999999974
2020-05-22,1.2999287246163131,69256,0.011652666666666756
2020-05-25,1.3000042584051654,52184,0.008002666666666602
2020-05-26,1.3000797981102825,76741,-0.00801200000000013
2020-05-27,1.30015534345048,99161,-0.0007966666666667788
2020-05-28,1.3002308941445742,92824,-0.007288666666666721
2020-05-29,1.3003064499113806,111600,-0.010082666666666684
2020-06-01,1.3003820104697146,86007,-0.023287999999999975
2020-06-02,1.3004575755383923,91506,-0.027642666666666482
2020-06-03,1.3005331448362294,99703,-0.02772533333333338
2020-06-04,1.3006087180820418,99517,-0.027383333333333315
2020-06-05,1.300684294994645,100925,-0.03072533333333327
2020-06-08,1.300759875292855,76589,-0.03286133333333341
2020-06-09,1.3008354586954871,84312,-0.03005599999999986
2020-06-10,1.300911044921358,106601,-0.028487999999999847
2020-06-11,1.300986633689282,139994,-0.011552666666666767
2020-06-12,1.301062224718076,141586,-0.0030206666666667825
2020-06-15,1.3011378177265558,132804,-0.006676000000000126
2020-06-16,1.3012134124335364,132461,-0.0017126666666666956
2020-06-17,1.301289008557834,109787,0.0019733333333333825
2020-06-18,1.301364605818264,111827,0.016021333333333443
2020-06-19,1.3014402039336426,94290,0.02307199999999998
2020-06-22,1.3015158026227853,83984,0.011037333333333343
2020-06-23,1.301591401604508,109961,0.005732666666666608
2020-06-24,1.3016670005976265,105093,0.01477066666666671
2020-06-25,1.3017425993209564,92291,0.013757999999999937
2020-06-26,1.3018181974933134,80718,0.019735999999999976
2020-06-29,1.3018937948335134,75397,0.020815333333333408
2020-06-30,1.3019693910603718,79074,0.008335333333333361
2020-07-01,1.3020449858927048,82497,-0.0008820000000002715
2020-07-02,1.302120579049328,74065,-0.0011126666666667617
2020-07-03,1.3021961702490574,65117,-0.0029926666666666435
2020-07-06,1.3022717592107078,69128,-0.00466333333333302
2020-07-07,1.302347345653096,83172,-0.009975999999999763
2020-07-08,1.3024229292950376,78515,-0.016270000000000007
2020-07-09,1.3024985098553477,84119,-0.014666000000000068
2020-07-10,1.302574087052843,72278,-0.01453199999999999
2020-07-13,1.3026496606063382,69890,-0.0070346666666667446
2020-07-14,1.30272523023465,86129,-0.006891999999999898
2020-07-15,1.3028007956565935,80117,-0.00918999999999981
2020-07-16,1.3028763565909849,70350,-0.004836666666666822
2020-07-17,1.3029519127566394,55068,-0.004545333333333401
2020-07-20,1.3030274638723731,72174,-0.011591333333333287
2020-07-21,1.303103009657002,92828,-0.016555333333333477
2020-07-22,1.3031785498293413,104613,-0.015038666666666645
2020-07-23,1.3032540841082074,107081,-0.01374333333333344
2020-07-24,1.3033296122124154,94295,-0.017085999999999935
2020-07-27,1.3034051338607813,103227,-0.023002666666666505
2020-07-28,1.3034806487721213,103473,-0.02565133333333325
2020-07-29,1.3035561566652505,101515,-0.029440000000000133
2020-07-30,1.3036316572589846,113127,-0.03607466666666648
2020-07-31,1.30370715027214,140418,-0.03196999999999983
2020-08-03,1.3037826354235318,116433,-0.02767666666666657
2020-08-04,1.3038581124319764,96868,-0.023750666666666476
2020-08-05,1.303933581016289,97721,-0.0244899999999999
2020-08-06,1.3040090408952856,121405,-0.02340999999999993
2020-08-07,1.3040844917877816,113161,-0.011069999999999913
2020-08-10,1.3041599334125935,79305,-0.010533999999999821
2020-08-11,1.3042353654885364,105318,-0.00587733333333329
2020-08-12,1.3043107877344262,106946,-0.0023206666666666376
2020-08-13,1.3043861998690787,87895,-0.0036920000000000286
2020-08-14,1.3044616016113098,82269,-0.0035173333333333723
2020-08-17,1.3045369926799348,72134,-0.00399733333333363
2020-08-18,1.3046123727937702,90081,-0.01535333333333333
2020-08-19,1.304687741671631,105676,-0.0007413333333334826
2020-08-20,1.3047630990323333,117594,-0.011413999999999813
2020-08-21,1.3048384445946928,112267,0.001100000000000101
2020-08-24,1.304913778077525,83703,0.0036333333333331552
2020-08-25,1.3049890991996465,90931,-0.004597333333333342
2020-08-26,1.305064407679872,84070,-0.009960000000000191
2020-08-27,1.305139703237018,126246,-0.00838199999999989
2020-08-28,1.3052149855898998,119145,-0.021564666666666676
2020-08-31,1.305290254457333,94368,-0.021161333333333587
2020-09-01,1.305365509558134,123633,-0.020670666666666504
2020-09-02,1.3054407506111185,109962,-0.015291333333333323
2020-09-03,1.3055159773351015,120824,-0.0068466666666664455
2020-09-04,1.3055911894488992,117698,-0.005660666666666536
2020-09-07,1.3056663866713276,63285,0.006368666666666689
2020-09-08,1.3057415687212022,115052,0.023113999999999857
2020-09-09,1.3058167353173387,103303,0.02064733333333324
2020-09-10,1.3058918861785527,118975,0.036912000000000056
2020-09-11,1.3059670210236605,98242,0.036373999999999906
2020-09-14,1.3060421395714776,82723,0.029933333333333145
2020-09-15,1.3061172415408193,84994,0.023857333333333397
2020-09-16,1.306192326650502,108670,0.014374666666666869
2020-09-17,1.306267394619341,123367,0.012290666666666672
2020-09-18,1.3063424451661523,98716,0.015104000000000006
2020-09-21,1.3064174780097515,109392,0.021428000000000003
2020-09-22,1.3064924928689545,110322,0.02507466666666658
2020-09-23,1.306567489462577,109603,0.02193933333333331
2020-09-24,1.3066424675094344,115284,0.01657133333333327
2020-09-25,1.3067174267283432,94055,0.013078000000000145
2020-09-28,1.3067923668381185,96030,0.0019899999999999363
2020-09-29,1.3068672875575764,92001,-0.0009673333333335421
2020-09-30,1.3069421886055326,105680,-0.006760666666666859
2020-10-01,1.3070170697008026,112949,-0.004496666666666371
2020-10-02,1.3070919305622026,124306,-0.008349333333333098
2020-10-05,1.3071667709085477,77132,-0.012206666666666699
2020-10-06,1.307241590458654,96317,-0.0014466666666668182
2020-10-07,1.3073163889313375,91304,-0.006224000000000007
2020-10-08,1.3073911660454138,81562,-0.008120666666666665
2020-10-09,1.3074659215196984,75114,-0.018375333333333188
2020-10-12,1.3075406550730073,62899,-0.018636000000000097
2020-10-13,1.3076153664241563,89569,-0.004266000000000103
2020-10-14,1.3076900552919608,88504,-0.01004533333333324
2020-10-15,1.307764721395237,95389,0.0018253333333333455
2020-10-16,1.3078393644528004,95823,0.0023326666666667606
2020-10-19,1.3079139841834668,86643,-0.0009026666666664962
2020-10-20,1.307988580306052,86235,-9.933333333322913e-05
2020-10-21,1.3080631525393713,97836,-0.018392666666666724
2020-10-22,1.3081377006022412,88891,-0.01064866666666675
2020-10-23,1.308212224213477,77884,-0.005976666666666741
2020-10-26,1.3082867230918949,82818,-0.003743333333333654
2020-10-27,1.30836119695631,69803,-0.004948666666666712
2020-10-28,1.308435645525538,101227,0.0019106666666666161
2020-10-29,1.3085100685183955,104556,0.007308000000000092
2020-10-30,1.3085844656536976,101265,0.0046760000000001245
2020-11-02,1.30865883665026,78833,0.006649333333333285
2020-11-03,1.3087331812268987,72056,-0.006981333333333284
2020-11-04,1.3088074991024294,169550,0.0006646666666665357
2020-11-05,1.308881789995668,126620,-0.014244666666666683
2020-11-06,1.30895605362543,117282,-0.012522000000000144
2020-11-09,1.3090302897105313,139857,-0.012494000000000227
2020-11-10,1.3091044979697877,130087,-0.021340000000000137
2020-11-11,1.3091786781220147,96568,-0.01585466666666635
2020-11-12,1.3092528298860282,89889,-0.005427333333333451
2020-11-13,1.3093269529806442,73945,-0.012083333333333446
2020-11-16,1.3094010471246778,79076,-0.01099266666666665
2020-11-17,1.3094751120369454,79150,-0.014458666666666398
2020-11-18,1.3095491474362624,73523,-0.014422000000000157
2020-11-19,1.3096231530414446,81445,-0.011714666666666762
2020-11-20,1.309697128571308,72638,-0.011971333333333334
2020-11-23,1.3097710737446682,79508,-0.012871333333333235
2020-11-24,1.3098449882803405,80763,-0.014749333333333503
2020-11-25,1.3099188718971413,81287,-0.0145506666666666
2020-11-26,1.3099927243138862,51114,-0.010054666666666545
2020-11-27,1.310066545249391,67823,-0.0037153333333332927
2020-11-30,1.3101403344224711,84944,-0.004637333333333382
2020-12-01,1.3102140915519425,81574,-0.01365666666666665
2020-12-02,1.310287816356621,90379,-0.006688000000000027
2020-12-03,1.3103615085553222,81305,-0.013538666666666588
2020-12-04,1.3104351678668618,88573,-0.010312666666666637
2020-12-07,1.3105087940100557,90644,-0.0034133333333332683
2020-12-08,1.3105823867037194,98873,-0.00045399999999995444
2020-12-09,1.3106559456666695,82369,-0.0044880000000000475
2020-12-10,1.3107294706177206,95214,0.007147333333333394
2020-12-11,1.310802961275689,90910,0.013586666666666636
2020-12-14,1.310876417359391,81299,0.0029200000000000337
2020-12-15,1.310949838587641,91198,-0.009446666666666825
2020-12-16,1.311023224679256,86744,-0.013476000000000043
2020-12-17,1.3110965753530512,81136,-0.01952200000000004
2020-12-18,1.3111698903278421,73675,-0.0119406666666666
2020-12-21,1.3112431693224451,120859,-0.005029333333333108
2020-12-22,1.3113164120556755,102205,0.004634000000000027
2020-12-23,1.3113896182463494,103819,-0.007931333333333068
2020-12-24,1.311462787613282,66624,-0.0110273333333335
2020-12-28,1.3115359198752896,78126,-0.0032333333333331993
2020-12-29,1.3116090147511876,87116,-0.006712666666666589
2020-12-30,1.311682071959792,86227,-0.017326000000000175
2020-12-31,1.3117550912199185,79081,-0.019080666666666746
2021-01-04,1.3118280722503826,103261,-0.008428666666666862
2021-01-05,1.31190101477,99160,-0.011325999999999947
2021-01-06,1.3119739184975874,126148,-0.007499333333333524
2021-01-07,1.3120467831519593,102941,-0.002497999999999889
2021-01-08,1.312119608451932,111090,-0.0021013333333335105
2021-01-11,1.3121923941163216,95747,0.00290333333333348
2021-01-12,1.312265139863943,86310,-0.011866666666666692
2021-01-13,1.3123378454136128,87857,-0.007681333333333429
2021-01-14,1.3124105104841461,97307,-0.01068133333333332
2021-01-15,1.312483134794359,89265,0.0001100000000000545
2021-01-18,1.3125557180630676,69706,0.00045800000000006946
2021-01-19,1.3126282600090868,76356,-0.003379333333333401
2021-01-20,1.3127007603512326,82959,-0.004722666666666653
2021-01-21,1.3127732188083214,83730,-0.011446000000000067
2021-01-22,1.3128456350991686,74854,-0.006170000000000009
2021-01-25,1.3129180089425896,84813,-0.004821333333333122
2021-01-26,1.3129903400574003,76934,-0.01010466666666665
2021-01-27,1.3130626281624165,98503,-0.004868666666666632
2021-01-28,1.313134872976454,107374,-0.00739533333333342
2021-01-29,1.3132070742183288,112730,-0.003921333333333443
2021-02-01,1.3132792316068564,96480,0.0007193333333335161
2021-02-02,1.3133513448608523,85412,0.00031000000000003247
2021-02-03,1.3134234136991327,76347,0.0028286666666665905
2021-02-04,1.313495437840513,81886,-7.999999999985796e-05
2021-02-05,1.3135674170038092,73745,-0.005817333333333563
2021-02-08,1.3136393509078368,68110,-0.005129999999999857
2021-02-09,1.3137112392714116,70985,-0.011081333333333276
2021-02-10,1.31378308181335,71841,-0.0120220000000002
2021-02-11,1.3138548782524668,60968,-0.00962266666666678
2021-02-12,1.3139266283075786,62724,-0.012045333333333463
2021-02-15,1.3139983316975001,55860,-0.015634666666666464
2021-02-16,1.3140699881410478,79527,-0.014468666666666463
2021-02-17,1.3141415973570374,82693,-0.009540666666666642
2021-02-18,1.3142131590642845,85579,-0.01881400000000011
2021-02-19,1.3142846729816051,78442,-0.019813999999999776
2021-02-22,1.3143561388278147,90354,-0.02294733333333343
2021-02-23,1.3144275563217291,80378,-0.02535866666666675
2021-02-24,1.3144989251821642,108031,-0.024482666666666653
2021-02-25,1.3145702451279353,131768,-0.009135999999999811
2021-02-26,1.3146415158778586,157854,0.0003420000000000645
2021-03-01,1.3147127371507499,113322,0.0017066666666665231
2021-03-02,1.314783908665424,109598,-0.00023266666666676983
2021-03-03,1.3148550301406985,108870,0.001211333333333453
2021-03-04,1.3149261012953875,135591,0.007184666666666839
2021-03-05,1.3149971218483072,135711,0.013892000000000015
2021-03-08,1.3150680915182738,126080,0.01364933333333318
2021-03-09,1.3151390100241027,113884,0.006857333333333049
2021-03-10,1.3152098770846092,109658,0.002638666666666678
2021-03-11,1.3152806924186098,102889,-0.0029759999999998676
2021-03-12,1.3153514557449204,103981,0.003825999999999885
2021-03-15,1.3154221667823556,97840,0.004346666666666721
2021-03-16,1.3154928252497322,91512,0.003813999999999984
2021-03-17,1.3155634308658657,94129,-0.004355333333333267
2021-03-18,1.315633983349572,113984,-0.001395333333333415
2021-03-19,1.3157044824196664,93197,0.004530000000000145
2021-03-22,1.3157749277949646,68620,0.004218000000000055
2021-03-23,1.3158453191942827,86571,0.013936666666666708
2021-03-24,1.3159156563364367,79658,0.01934266666666673
2021-03-25,1.315985938940242,84132,0.013191333333333333
2021-03-26,1.3160561667245139,67955,0.007240666666666673
2021-03-29,1.3161263394080691,76512,0.009671333333333587
2021-03-30,1.3161964567097226,71902,0.010757333333333507
2021-03-31,1.3162665183482911,76789,0.005484666666666804
2021-04-01,1.3163365240425888,83580,-0.0006239999999999579
2021-04-02,1.316406473511433,70295,-0.0004446666666666488
2021-04-05,1.3164763664736383,45779,-0.008333333333333082
2021-04-06,1.3165462026480212,76303,-0.0007733333333332926
2021-04-07,1.3166159817533971,86088,0.006336666666666657
2021-04-08,1.316685703508582,69741,0.0053873333333331885
2021-04-09,1.3167553676323913,68972,0.007376666666666587
2021-04-12,1.3168249738436408,63581,0.0025980000000001002
2021-04-13,1.3168945218611467,74767,0.0019206666666669037
2021-04-14,1.3169640114037242,69228,2.999999999997449e-05
2021-04-15,1.3170334421901893,72402,-1.5333333333478194e-05
2021-04-16,1.317102813939358,73067,-0.0057753333333332435
2021-04-19,1.3171721263700455,62928,-0.018789333333333325
2021-04-20,1.3172413792010682,49834,-0.012665999999999844
2021-04-21,1.317310572151241,46093,-0.010806000000000093
2021-04-22,1.3173797049393807,51119,-0.00190333333333359
2021-04-23,1.3174487772843024,45698,-0.005354000000000081
2021-04-26,1.3175177889048215,45891,-0.007705999999999991
2021-04-27,1.3175867395197547,42153,-0.007828000000000168
2021-04-28,1.3176556288479169,50973,-0.00985999999999998
2021-04-29,1.3177244566081243,54509,-0.008264666666666587
2021-04-30,1.3177932225191926,52719,0.005400666666666831
2021-05-03,1.3178619262999378,43048,-0.0033526666666667815
2021-05-04,1.3179305676691748,55918,-0.00018133333333336665
2021-05-05,1.3179991463457201,43570,-0.0013986666666667702
2021-05-06,1.3180676620483893,48206,0.0007940000000001834
2021-05-07,1.318136114495998,52108,-0.007894666666666827
2021-05-10,1.3182045034073624,53995,-0.019714666666666547
2021-05-11,1.3182728285012975,55793,-0.02072666666666656
2021-05-12,1.3183410894966197,57565,-0.011320666666666312
2021-05-13,1.3184092861121446,62925,-0.009417999999999926
2021-05-14,1.3184774180666876,53491,-0.012273333333333358
2021-05-17,1.3185454850790648,48627,-0.015409333333333386
2021-05-18,1.3186134868680917,49794,-0.018509333333333045
2021-05-19,1.3186814231525843,68260,-0.009697333333333447
2021-05-20,1.3187492936513583,54558,-0.015895333333333594
2021-05-21,1.3188170980832294,56106,-0.00954199999999994
2021-05-24,1.3188848361670136,54209,-0.008289999999999909
2021-05-25,1.3189525076215263,58280,-0.006095999999999879
2021-05-26,1.3190201121655831,54776,-0.0014760000000000328
2021-05-27,1.3190876495180004,61767,-0.007680000000000131
2021-05-28,1.3191551193975932,65061,-0.005234000000000183
2021-05-31,1.3192225215231779,39278,-0.006452666666666884
2021-06-01,1.31928985561357,62794,-0.0005953333333335031
2021-06-02,1.319357121387585,56026,-0.0019733333333333825
2021-06-03,1.3194243185640389,60103,0.005347333333333371
2021-06-04,1.3194914468617476,58456,0.00010133333333328665
2021-06-07,1.3195585059995265,52430,-0.0016086666666665916
2021-06-08,1.3196254956961917,51981,0.0005033333333330781
2021-06-09,1.3196924156705585,42775,0.00444533333333319
2021-06-10,1.319759265641443,61018,-0.0019286666666664676
2021-06-11,1.3198260453276611,54598,0.004680666666666555
2021-06-14,1.3198927544480281,52010,0.004505333333333139
2021-06-15,1.3199593927213602,50903,0.0063193333333333435
2021-06-16,1.3200259598664728,61439,0.015403333333333658
2021-06-17,1.3200924556021818,74141,0.01936199999999988
2021-06-18,1.3201588796473027,77440,0.03000999999999987
2021-06-21,1.3202252317206518,72365,0.014124666666666785
2021-06-22,1.320291511541044,64659,0.011342666666666723
2021-06-23,1.3203577188272961,60053,0.008709999999999773
2021-06-24,1.3204238532982233,61427,0.011487999999999943
2021-06-25,1.3204899146726417,57987,0.01392133333333323
2021-06-28,1.3205559026693658,55205,0.011822
2021-06-29,1.320621817007213,55113,0.013527333333333447
2021-06-30,1.3206876574049984,63045,0.012573333333333325
2021-07-01,1.3207534235815372,58456,0.016823333333333412
2021-07-02,1.320819115255646,64281,0.007951999999999959
2021-07-05,1.32088473214614,40027,0.005448666666666879
2021-07-06,1.3209502739718353,66642,0.008053333333333246
2021-07-07,1.3210157404515475,68412,0.006428666666666416
2021-07-08,1.321081131304092,72193,0.0064193333333333324
2021-07-09,1.3211464462482851,67859,-0.0037593333333332257
2021-07-12,1.3212116850029423,56104,-0.002306666666666679
2021-07-13,1.3212768472868797,60105,0.003753999999999813
2021-07-14,1.3213419328189127,64415,-0.0016346666666666732
2021-07-15,1.3214069413178566,67411,0.0010306666666668463
2021-07-16,1.3214718725025283,57935,0.006281333333333361
2021-07-19,1.3215367260917426,78090,0.013792666666666786
2021-07-20,1.3216015018043157,70223,0.017091333333333125
2021-07-21,1.3216661993590628,63332,0.008255333333333281
2021-07-22,1.3217308184748,59485,0.002371333333333281
2021-07-23,1.3217953588703435,55829,0.0038233333333332897
2021-07-26,1.3218598202645087,58349,-0.0034293333333335063
2021-07-27,1.321924202376111,56204,-0.00878599999999996
2021-07-28,1.3219885049239664,54137,-0.010274666666666876
2021-07-29,1.322052727626891,40844,-0.01532066666666676
2021-07-30,1.3221168702037,43768,-0.009274000000000004
2021-08-02,1.3221809323732094,42000,-0.00781133333333317
2021-08-03,1.3222449138542351,42771,-0.00981399999999999
2021-08-04,1.3223088143655928,42138,-0.007060000000000066
2021-08-05,1.3223726336260981,42824,-0.010359333333333387
2021-08-06,1.3224363713545668,36182,-0.00413466666666662
2021-08-09,1.3225000272698144,39332,-0.00028933333333336364
2021-08-10,1.3225636010906572,31945,0.001879333333333344
2021-08-11,1.3226270925359107,35783,0.00030799999999997496
2021-08-12,1.3226905013243904,33014,0.006281333333333361
2021-08-13,1.3227538271749122,28342,0.0008553333333334301
2021-08-16,1.3228170698062922,31617,0.0038833333333332387
2021-08-17,1.322880228937346,40575,0.013409333333333384
2021-08-18,1.322943304286889,34764,0.010855999999999977
2021-08-19,1.323006295573737,45392,0.02073466666666679
2021-08-20,1.323069202516706,38087,0.019719333333333422
2021-08-23,1.3231320248346115,36128,0.008709333333333458
2021-08-24,1.3231947622462699,30273,0.007019333333333266
2021-08-25,1.323257414470496,34566,0.0024300000000001543
2021-08-26,1.3233199812261065,41173,0.007364000000000148
2021-08-27,1.3233824622319164,47337,0.0004366666666666408
2021-08-30,1.3234448572067414,30665,0.00027133333333329013
2021-08-31,1.3235071658693982,45785,-9.533333333333616e-05
2021-09-01,1.3235693879387016,41048,-0.0021606666666664776
2021-09-02,1.3236315231334679,36462,-0.00836066666666646
2021-09-03,1.3236935711725124,40566,-0.010669333333333642
2021-09-06,1.323755531774651,30157,-0.008709333333333236
2021-09-07,1.3238174046586995,46443,-0.003197999999999812
2021-09-08,1.3238791895434736,46853,-0.001787333333333141
2021-09-09,1.3239408861477895,50205,-0.007049333333333463
2021-09-10,1.3240024941904625,42750,-0.0049719999999999764
2021-09-13,1.3240640133903083,45825,-0.005478000000000094
2021-09-14,1.3241254434661427,48332,-0.0015486666666664206
2021-09-15,1.3241867841367814,47039,-0.004012666666666664
2021-09-16,1.3242480351210406,45206,0.001599333333333286
2021-09-17,1.3243091961377356,45520,0.00727666666666682
2021-09-20,1.3243702669056825,45769,0.014353999999999978
2021-09-21,1.3244312471436968,52324,0.012880000000000003
2021-09-22,1.3244921365705942,57674,0.0162199999999999
2021-09-23,1.3245529349051903,57945,0.005105999999999833
2021-09-24,1.324613641866301,47324,0.009095333333333455
2021-09-27,1.3246742571727428,50950,0.0052713333333331835
2021-09-28,1.3247347805433305,60395,0.01983266666666661
2021-09-29,1.32479521169688,66027,0.02840533333333317
2021-09-30,1.3248555503522075,57616,0.021055333333333426
2021-10-01,1.324915796228128,70487,0.012074666666666678
2021-10-04,1.3249759490434578,56311,0.004310000000000036
2021-10-05,1.3250360085170125,55887,0.0012999999999998568
2021-10-06,1.3250959743676083,66662,0.0039519999999997335
2021-10-07,1.3251558463140602,49823,-0.00026799999999993496
2021-10-08,1.3252156240751842,51108,-0.0014653333333334295
2021-10-11,1.3252753073697967,45948,0.0004246666666667398
2021-10-12,1.3253348959167124,56711,0.0008379999999998944
2021-10-13,1.3253943894347475,57584,-0.006423999999999763
2021-10-14,1.325453787642718,47613,-0.008104666666666649
2021-10-15,1.3255130902594394,47646,-0.01471066666666676
2021-10-18,1.3255722970037274,46051,-0.012737333333333156
2021-10-19,1.3256314075943982,45529,-0.017285333333333375
2021-10-20,1.325690421750267,46668,-0.017881999999999953
2021-10-21,1.3257493391901496,47359,-0.012720666666666602
2021-10-22,1.325808159632862,56617,-0.007609333333333357
2021-10-25,1.32586688279722,56319,-0.0074146666666665695
2021-10-26,1.325925508402039,54018,-0.00646133333333343
2021-10-27,1.325984036166135,61586,-0.002867333333333333
2021-10-28,1.3260424658083236,69761,-0.0072626666666666395
2021-10-29,1.326100797047421,63860,0.003330000000000055
2021-11-01,1.3261590296022425,55449,0.00676600000000005
2021-11-02,1.3262171631916038,53429,0.011782000000000181
2021-11-03,1.3262751975343208,59415,0.0050160000000001315
2021-11-04,1.3263331323492094,56728,0.022298666666666467
2021-11-05,1.326390967355085,54919,0.021188666666666744
2021-11-08,1.3264487022707638,48554,0.013018666666666734
2021-11-09,1.3265063368150614,54742,0.01241733333333328
2021-11-10,1.326563870706793,64907,0.02503133333333296
2021-11-11,1.3266213036647754,46019,0.025843999999999978
2021-11-12,1.3266786354078235,44209,0.018838666666666892
2021-11-15,1.3267358656547532,46172,0.01659933333333319
2021-11-16,1.3267929941243803,57873,0.012721333333333362
2021-11-17,1.3268500205355207,60145,0.0046800000000000175
2021-11-18,1.3269069446069903,50978,0.001983333333333226
2021-11-19,1.3269637660576044,60876,0.005933999999999884
2021-11-22,1.3270204846061793,68675,0.008979999999999988
2021-11-23,1.3270770999715302,63583,0.009037333333333342
2021-11-24,1.3271336118724728,65125,0.011724666666666606
2021-11-25,1.3271900200278235,46992,0.011215333333333355
2021-11-26,1.3272463241563974,76300,0.009007999999999905
2021-11-29,1.3273025239770107,51128,0.009193333333333165
2021-11-30,1.327358619208479,81802,0.008683333333333376
2021-12-01,1.327414609569618,78138,0.01075533333333345
2021-12-02,1.3274704947792433,49166,0.007592666666666803
2021-12-03,1.3275262745561713,73086,0.013275333333333528
2021-12-06,1.3275819486192169,59179,0.008929333333333345
2021-12-07,1.327637516687196,53289,0.009878000000000053
2021-12-08,1.327692978478925,64259,0.011943333333333417
2021-12-09,1.3277483337132192,53075,0.0084293333333334
2021-12-10,1.3278035821088945,51095,0.002785999999999955
2021-12-13,1.327858723384766,44982,0.006684000000000134
2021-12-14,1.3279137572596502,41614,0.004115333333333471
2021-12-15,1.327968683452363,53010,0.0004953333333332921
2021-12-16,1.3280235016817197,67008,-0.005864000000000091
2021-12-17,1.328078211666536,53084,0.0023133333333329453
2021-12-20,1.3281328131256276,52918,0.004118666666666826
2021-12-21,1.3281873057778106,43154,-0.0020780000000000243
2021-12-22,1.3282416893419007,43393,-0.009574666666666731
2021-12-23,1.3282959635367133,35905,-0.015029333333333339
2021-12-24,1.3283501280810646,50070,-0.012032000000000043
2021-12-27,1.32840418269377,24698,-0.015929333333333462
2021-12-28,1.3284581270936455,24594,-0.01329333333333338
2021-12-29,1.3285119609995064,31103,-0.01719399999999993
2021-12-30,1.3285656841301692,32720,-0.016831999999999958
2021-12-31,1.3286192962044492,32026,-0.018913333333333338
2022-01-03,1.328672796941162,36983,-0.010693333333333443
2022-01-04,1.3287261860591237,44137,-0.013787333333333152
2022-01-05,1.3287794632771501,44731,-0.014549333333333303
2022-01-06,1.3288326283140564,50532,-0.01102666666666674
2022-01-07,1.3288856808886587,43130,-0.014364000000000043
2022-01-10,1.3289386207197729,46142,-0.010265333333333126
2022-01-11,1.3289914475262146,49234,-0.013666666666666716
2022-01-12,1.3290441610267998,45789,-0.018006666666666726
2022-01-13,1.3290967609403435,47280,-0.016257333333333124
2022-01-14,1.3291492469856623,53597,-0.012407333333333437
2022-01-17,1.3292016188815716,37548,-0.0072506666666667385
2022-01-18,1.329253876346887,67246,-0.0014059999999997963
2022-01-19,1.3293060191004245,61272,-0.0020213333333334305
2022-01-20,1.3293580468609996,59679,-6.666666665378074e-07
2022-01-21,1.3294099593474282,65529,0.004614666666666878
2022-01-24,1.3294617562785263,70715,0.01101866666666651
2022-01-25,1.329513437373109,68370,0.009801333333333329
2022-01-26,1.329565002349993,67134,0.012726000000000015
2022-01-27,1.329616450927993,73069,0.020082666666666693
2022-01-28,1.3296677828259258,67715,0.017371333333333627
2022-01-31,1.329718997762606,61453,0.01152266666666657
2022-02-01,1.3297700954568505,55110,0.0028733333333330613
2022-02-02,1.3298210756274742,48066,-0.0031640000000001667
2022-02-03,1.3298719379932935,67183,-0.006113333333333415
2022-02-04,1.3299226822731236,68504,-1.9999999998354667e-06
2022-02-07,1.3299733081857803,59497,-0.0015613333333333035
2022-02-08,1.3300238154500799,48138,-0.0031240000000003487
2022-02-09,1.3300742037848374,40776,-0.0022933333333332584
2022-02-10,1.3301244729088693,70440,-0.005249999999999977
2022-02-11,1.3301746225409903,84142,-0.005016666666666669
2022-02-14,1.3302246524000174,77666,-0.0020413333333331174
2022-02-15,1.3302745622047656,65561,-0.0025340000000000362
2022-02-16,1.3303243516740508,62072,-0.005689999999999751
2022-02-17,1.3303740205266887,71930,-0.007615333333333529
2022-02-18,1.3304235684814953,63873,-0.004361999999999977
2022-02-21,1.3304729952572862,51090,-0.0038273333333334048
2022-02-22,1.330522300572877,72106,-0.0019766666666667376
2022-02-23,1.3305714841470837,59897,0.0016799999999999038
2022-02-24,1.330620545698722,118934,0.017230666666666616
2022-02-25,1.3306694849466074,74161,0.01323199999999991
2022-02-28,1.3307183016095558,86037,0.011389333333333251
2022-03-01,1.3307669954063832,71702,0.019447999999999688
2022-03-02,1.3308155660559047,79722,0.01054266666666659
2022-03-03,1.330864013276937,69091,0.014704666666666588
2022-03-04,1.330912336788295,79233,0.02430333333333312
2022-03-07,1.3309605363087949,102075,0.03420999999999985
2022-03-08,1.3310086115572521,98270,0.031632000000000104
2022-03-09,1.3310565622524828,71113,0.020303333333333118
2022-03-10,1.3311043881133027,72280,0.027065999999999812
2022-03-11,1.331152088858527,73891,0.02810866666666656
2022-03-14,1.331199664206972,65267,0.027633333333333177
2022-03-15,1.3312471138774533,73343,0.019869999999999832
2022-03-16,1.3312944375887867,76637,0.006675333333333366
2022-03-17,1.331341635059788,67609,0.004968666666666621
2022-03-18,1.3313887060092724,58269,0.0004193333333333271
2022-03-21,1.331435650156057,58415,-7.999999999985796e-05
2022-03-22,1.3314824672189558,70357,-0.009961333333333489
2022-03-23,1.3315291569167855,59116,-0.0055793333333331585
2022-03-24,1.3315757189683621,69877,-0.004817999999999989
2022-03-25,1.3316221530925005,62050,-0.004625333333333481
2022-03-28,1.3316684590080172,72717,0.0041400000000000325
2022-03-29,1.331714636433728,85911,0.004071333333333316
2022-03-30,1.331760685088448,77063,-0.0004213333333336067
2022-03-31,1.3318066046909935,77989,-0.0008053333333333246
2022-04-01,1.3318523949601797,63644,0.0026620000000001642
2022-04-04,1.331898055614823,55113,0.0032646666666669155
2022-04-05,1.3319435863737388,55703,0.007773999999999948
2022-04-06,1.3319889869557429,73982,0.007607333333333299
2022-04-07,1.3320342570796508,66314,0.006554666666666709
2022-04-08,1.3320793964642788,57389,0.009387999999999952
2022-04-11,1.3321244048284422,66159,0.009237999999999857
2022-04-12,1.3321692818909567,72424,0.010205999999999937
2022-04-13,1.3322140273706389,62901,-0.0018886666666666496
2022-04-14,1.3322586409863035,63881,0.0010646666666664917
2022-04-15,1.3323031224567667,77619,0.002482666666666855
2022-04-18,1.332347471500844,45069,0.006541999999999826
2022-04-19,1.3323916878373516,70625,0.007100000000000106
2022-04-20,1.332435771185105,68461,-0.0002486666666665638
2022-04-21,1.3324797212629198,71420,0.0030680000000000707
2022-04-22,1.3325235377896125,74280,0.020233999999999863
2022-04-25,1.3325672204839976,86850,0.027292666666666632
2022-04-26,1.3326107690648918,83654,0.040628666666666646
2022-04-27,1.3326541832511105,76540,0.04008266666666649
2022-04-28,1.3326974627614694,86905,0.045137333333333585
2022-04-29,1.3327406073147845,72038,0.03031600000000001
2022-05-02,1.3327836166298712,67818,0.034640000000000004
2022-05-03,1.3328264904255456,72812,0.03094600000000014
2022-05-04,1.3328692284206234,75765,0.013692000000000037
2022-05-05,1.3329118303339205,93436,0.03665133333333337
2022-05-06,1.3329542958842517,109772,0.034015999999999824
2022-05-09,1.3329966247904343,94642,0.03014333333333341
2022-05-10,1.3330388167712828,99625,0.026939999999999964
2022-05-11,1.3330808715456135,98275,0.028357333333333345
2022-05-12,1.333122788832242,112615,0.02802933333333346
2022-05-13,1.333164568349984,76250,0.01760733333333353
2022-05-16,1.3332062098176551,73369,0.00885799999999981
2022-05-17,1.3332477099173008,82155,-0.008969333333333163
2022-05-18,1.3332890716856725,76131,0.004772666666666536
2022-05-19,1.3333302951227892,104250,-0.008031333333333501
2022-05-20,1.3333713802286509,85547,-0.010843333333333316
2022-05-23,1.3334123270032578,75244,-0.019508666666666397
2022-05-24,1.3334531354466097,78704,-0.014004666666666887
2022-05-25,1.3334938055587067,81668,-0.018615999999999966
2022-05-26,1.3335343373395485,72352,-0.020077333333333502
2022-05-27,1.3335747307891357,72683,-0.020457333333333327
2022-05-30,1.333614985907468,57533,-0.020188000000000095
