Time,Close,Volume,diferencia_media_45
2019-02-25,121.47900610491222,142270,-1.1986666666666679
2019-02-26,121.46357461277907,126113,-1.0167333333333346
2019-02-27,121.44826515768283,131289,-1.265333333333345
2019-02-28,121.4330776174042,135172,-1.714622222222232
2019-03-01,121.41801186972398,126249,-2.2371111111110906
2019-03-04,121.40306779242296,100026,-1.7692444444444675
2019-03-05,121.38824526328196,85633,-1.541622222222216
2019-03-06,121.37354416008179,77517,-1.344755555555551
2019-03-07,121.35896436052921,89995,0.17528888888887195
2019-03-08,121.3445057424741,99582,0.22037777777778444
2019-03-11,121.33016818436884,80938,0.060444444444442524
2019-03-12,121.31595155876482,93959,-0.5306222222222203
2019-03-13,121.30185572783404,81923,-0.7423999999999893
2019-03-14,121.28788054714438,94348,-1.0852444444444558
2019-03-15,121.27402587246155,80044,-1.0398666666666827
2019-03-18,121.26029155973872,66990,-1.0616666666666674
2019-03-19,121.24667746486494,60379,-1.1297333333333484
2019-03-20,121.23318344372419,81790,-0.9683333333333337
2019-03-21,121.21980935220051,98602,-0.6189777777777721
2019-03-22,121.20655504617798,124358,1.17608888888887
2019-03-25,121.19342038154062,114901,1.012711111111102
2019-03-26,121.18040521417245,110294,0.7924666666666695
2019-03-27,121.1675093999576,126544,1.1527777777777715
2019-03-28,121.15473279478005,120352,1.21982222222222
2019-03-29,121.14207525452383,108323,1.078111111111113
2019-04-01,121.12953663507307,103326,0.5467777777777769
2019-04-02,121.1171167923117,87794,0.670155555555553
2019-04-03,121.10481558212385,90637,0.15746666666667863
2019-04-04,121.09263286039358,81793,0.13031111111111215
2019-04-05,121.08056848300487,77670,0.1155777777777871
2019-04-08,121.06862230584184,80143,-0.13268888888890729
2019-04-09,121.05679418478849,84717,0.21540000000000248
2019-04-10,121.04508397572884,92237,0.24980000000000757
2019-04-11,121.03349153454695,83702,-0.23773333333333824
2019-04-12,121.0220167171269,90169,-1.0735333333333301
2019-04-15,121.01065937935276,71701,-1.1159555555555727
2019-04-16,120.99941937710848,87797,-0.8068666666666644
2019-04-17,120.98829656627821,69874,-1.0005111111111091
2019-04-18,120.97729080274594,79302,-0.1167777777777701
2019-04-19,120.96640194239572,50838,-0.14791111111111377
2019-04-22,120.9556298411116,53998,-0.35453333333333603
2019-04-23,120.94497435477763,77236,0.06326666666664948
2019-04-24,120.9344353392778,96522,0.5249777777777638
2019-04-25,120.92401265049625,91320,1.2752444444444393
2019-04-26,120.91370614431703,85849,1.1610888888888837
2019-04-29,120.9035156766241,53788,0.6444888888889011
2019-04-30,120.89344110330154,78473,0.5243777777777723
2019-05-01,120.88348228023342,65134,0.7733555555555682
2019-05-02,120.87363906330377,79515,0.8818222222222261
2019-05-03,120.86391130839662,78072,0.9350444444444435
2019-05-06,120.85429887139607,110015,1.2051555555555638
2019-05-07,120.84480160818612,112496,1.904777777777781
2019-05-08,120.8354193746508,117278,1.9948222222222256
2019-05-09,120.82615202667418,126130,2.1130000000000138
2019-05-10,120.81699942014032,138912,1.612044444444436
2019-05-13,120.80796141093325,123354,2.403622222222225
2019-05-14,120.79903785493704,103725,2.241622222222219
2019-05-15,120.79022860803569,115261,2.2056222222222317
2019-05-16,120.7815335261133,100509,2.1565555555555704
2019-05-17,120.77295246505385,129704,2.035555555555561
2019-05-20,120.76448528074144,110487,1.8415333333333166
2019-05-21,120.75613182906011,100659,1.3384222222222206
2019-05-22,120.74789196589391,89014,1.5358444444444501
2019-05-23,120.73976554712686,126896,1.9532222222222089
2019-05-24,120.73175242864303,99326,2.0037333333333436
2019-05-27,120.72385246632642,63340,1.8355777777777718
2019-05-28,120.71606551606115,112085,2.3134444444444426
2019-05-29,120.70839143373121,123557,2.337888888888898
2019-05-30,120.70083007522067,102314,2.2642666666666855
2019-05-31,120.69338129641356,143548,3.2521777777777743
2019-06-03,120.68604495319394,139872,2.6412222222222255
2019-06-04,120.67882090144587,132408,2.3667555555555566
2019-06-05,120.67170899705339,132522,2.2849333333333135
2019-06-06,120.66470909590049,130404,1.6947777777777873
2019-06-07,120.6578210538713,116214,1.234266666666656
2019-06-10,120.65104472684983,94677,1.1086888888889064
2019-06-11,120.64437997072007,101438,0.8280666666666718
2019-06-12,120.63782664136616,110126,1.2024666666666661
2019-06-13,120.63138459467211,99084,1.3671111111111145
2019-06-14,120.62505368652197,103333,1.7990666666666755
2019-06-17,120.61883377279973,73863,1.633266666666671
2019-06-18,120.61272470938954,112711,1.8817555555555572
2019-06-19,120.60672635217539,103163,1.7954888888888831
2019-06-20,120.60083855704131,138721,1.8910222222222046
2019-06-21,120.59506117987132,126712,0.9425555555555576
2019-06-24,120.58939407654955,97699,0.5890666666666533
2019-06-25,120.58383710296002,129275,0.9900000000000091
2019-06-26,120.57839011498676,111887,0.2154000000000167
2019-06-27,120.57305296851379,101880,0.16622222222223115
2019-06-28,120.5678255194252,101361,-0.03833333333332689
2019-07-01,120.56270762360504,112313,0.242711111111106
2019-07-02,120.55769913693733,94105,0.7398888888888848
2019-07-03,120.5527999153061,85000,0.8659555555555585
2019-07-04,120.54800981459545,50072,0.7466444444444278
2019-07-05,120.54332869068936,82940,0.5801999999999907
2019-07-08,120.53875639947195,71054,0.3637333333333288
2019-07-09,120.53429279682719,66096,0.2599777777777774
2019-07-10,120.5299377386392,87404,0.20931111111111989
2019-07-11,120.52569108079194,80335,0.10111111111112336
2019-07-12,120.52155267916956,79004,0.55735555555556
2019-07-15,120.51752238965601,70249,0.6624222222222187
2019-07-16,120.51360006813542,78513,0.7878000000000043
2019-07-17,120.50978557049179,69470,0.9074888888888921
2019-07-18,120.50607875260911,96964,1.0341777777777708
2019-07-19,120.50247947037153,96921,1.1083333333333343
2019-07-22,120.49898757966304,78168,1.0492222222222267
2019-07-23,120.49560293636773,76335,1.216466666666662
2019-07-24,120.49232539636964,70573,1.3328888888888741
2019-07-25,120.48915481555275,90919,0.713355555555566
2019-07-26,120.48609104980112,66454,0.8255777777777666
2019-07-29,120.48313395499886,55658,0.5014888888888862
2019-07-30,120.48028338702997,86516,0.5751999999999953
2019-07-31,120.47753920177851,106946,1.2136444444444265
2019-08-01,120.47490125512853,140615,2.641311111111108
2019-08-02,120.47236940296409,173606,3.1490666666666556
2019-08-05,120.4699435011692,168665,2.8051777777777716
2019-08-06,120.4676234056279,169887,2.1950444444444486
2019-08-07,120.46540897222427,172199,2.3657333333333384
2019-08-08,120.46330005684231,126758,2.716244444444456
2019-08-09,120.46129651536614,105397,2.857599999999991
2019-08-12,120.45939820367978,98704,3.0343777777777774
2019-08-13,120.45760497766723,137292,1.7850000000000108
2019-08-14,120.45591669321261,143766,2.958955555555548
2019-08-15,120.45433320619989,177757,2.9395555555555575
2019-08-16,120.45285437251316,131364,2.78768888888888
2019-08-19,120.45148004803646,90396,2.5480888888888984
2019-08-20,120.45021008865379,96512,2.669066666666666
2019-08-21,120.4490443502493,80537,2.3482666666666745
2019-08-22,120.44798268870696,102408,2.5145555555555603
2019-08-23,120.44702495991083,136075,2.8910000000000053
2019-08-26,120.44617101974494,188545,2.459777777777788
2019-08-27,120.44542072409338,126520,2.8543333333333294
2019-08-28,120.44477392884018,115939,2.483733333333319
2019-08-29,120.44423048986934,111430,2.1695555555555615
2019-08-30,120.44379026306497,111671,3.013999999999996
2019-09-02,120.44345310431106,76156,3.1920888888888754
2019-09-03,120.44321886949173,114639,3.293822222222218
2019-09-04,120.44308741449095,96764,2.028955555555541
2019-09-05,120.44305859519281,115503,1.3550666666666729
2019-09-06,120.44313226748132,105185,1.3999111111111233
2019-09-09,120.44330828724057,83644,0.7556444444444423
2019-09-10,120.4435865103546,91922,0.3883111111111077
2019-09-11,120.44396679270747,86508,0.32131111111111466
2019-09-12,120.44444899018315,133552,-0.6170000000000044
2019-09-13,120.4450329586657,97843,-0.7502000000000066
2019-09-16,120.44571855403926,110090,-0.09720000000001505
2019-09-17,120.4465056321878,101833,-0.821399999999997
2019-09-18,120.4473940489954,94978,-0.7720222222222333
2019-09-19,120.44838366034605,103522,-0.506711111111116
2019-09-20,120.44947432212388,91446,0.21204444444444448
2019-09-23,120.45066589021286,86150,0.47040000000001214
2019-09-24,120.45195822049706,108653,0.6201333333333281
2019-09-25,120.45335116886056,109701,0.6478222222222314
2019-09-26,120.45484459118741,94401,0.7358666666666522
2019-09-27,120.45643834336158,104775,0.34053333333334024
2019-09-30,120.45813228126718,90829,0.5708444444444325
2019-10-01,120.45992626078825,101591,0.49135555555555754
2019-10-02,120.4618201378088,104050,0.7554444444444357
2019-10-03,120.46381376821289,121982,0.9681555555555548
2019-10-04,120.46590700788462,98867,0.7947333333333546
2019-10-07,120.46809971270797,84562,0.4638888888888886
2019-10-08,120.470391738567,108283,0.7718888888888955
2019-10-09,120.4727829413458,89768,0.1541777777777753
2019-10-10,120.4752731769284,145217,-0.7331333333333419
2019-10-11,120.47786230119875,131821,-1.5445333333333195
2019-10-14,120.48055017004104,84259,-1.3933777777777578
2019-10-15,120.48333663933927,109131,-1.9542888888888967
2019-10-16,120.4862215649774,116520,-2.2178222222222246
2019-10-17,120.48920480283955,111009,-2.6036
2019-10-18,120.49228620880977,95101,-2.736422222222231
2019-10-21,120.4954656387721,88611,-2.6932666666666734
2019-10-22,120.4987429486106,84309,-2.2237777777777836
2019-10-23,120.5021179942093,94528,-2.4484666666666755
2019-10-24,120.50559063145224,96203,-2.0484222222222286
2019-10-25,120.50916071622345,73446,-1.7509111111111082
2019-10-28,120.51282810440702,67048,-2.222711111111124
2019-10-29,120.51659265188695,75132,-2.180622222222212
2019-10-30,120.5204542145473,91632,-2.469022222222222
2019-10-31,120.52441264827218,116090,-1.523711111111112
2019-11-01,120.52846780894555,86330,-1.7506888888888739
2019-11-04,120.5326195524515,68335,-1.6899999999999977
2019-11-05,120.53686773467402,99711,-1.6547999999999945
2019-11-06,120.54121221149725,75216,-1.2940888888888935
2019-11-07,120.54565283880517,106558,-1.3900666666666694
2019-11-08,120.55018947248182,84897,-0.9663111111111391
2019-11-11,120.55482196841132,55821,-0.8400444444444446
2019-11-12,120.55955018247764,82363,-0.5266666666666708
2019-11-13,120.56437397056483,84637,-0.25077777777778465
2019-11-14,120.56929318855697,83703,0.04484444444445046
2019-11-15,120.5743076923381,72498,-0.6987777777777779
2019-11-18,120.57941733779225,76438,-0.7723777777777627
2019-11-19,120.5846219808035,71345,-0.6751555555555626
2019-11-20,120.58992147725587,93274,-0.6747555555555493
2019-11-21,120.59531568303339,92362,-0.5040222222222184
2019-11-22,120.60080445402012,77401,-0.09075555555556036
2019-11-25,120.60638764610012,65857,-0.27840000000000487
2019-11-26,120.61206511515742,71054,-0.4984222222222172
2019-11-27,120.61783671707607,65389,-0.6968888888888785
2019-11-28,120.62370230774013,51758,-0.7335555555555544
2019-11-29,120.62966174303367,74505,-0.7245555555555541
2019-12-02,120.63571487884067,77592,-0.7702666666666431
2019-12-03,120.64186157104518,86300,-0.3755777777777922
2019-12-04,120.6481016755313,91223,-0.5158666666666676
2019-12-05,120.65443504818305,71483,-0.6018888888888796
2019-12-06,120.6608615448845,74495,0.1396222222222292
2019-12-09,120.66738102151963,54617,0.1766666666666623
2019-12-10,120.67399333397256,64393,-0.2845999999999975
2019-12-11,120.68069833812729,68620,-0.40591111111110934
2019-12-12,120.6874958898679,88709,-1.195088888888904
2019-12-13,120.69438584507839,126568,-1.061933333333343
2019-12-16,120.70136805964283,65289,-1.5177333333333252
2019-12-17,120.70844238944527,61630,-1.4685333333333404
2019-12-18,120.7156086903698,57892,-1.1224222222222124
2019-12-19,120.72286681830039,64210,-0.9341777777777764
2019-12-20,120.73021662912112,56841,-0.5606444444444492
2019-12-23,120.73765797871602,53256,-0.6221555555555653
2019-12-24,120.74519072296917,62201,-0.5196222222222247
2019-12-26,120.75281471776462,30257,-0.961311111111101
2019-12-27,120.76052981898637,85398,-1.651244444444444
2019-12-30,120.7683358825185,85198,-1.1865777777777708
2019-12-31,120.776232764245,61174,-1.140488888888882
2020-01-02,120.78422032005003,76128,-0.4856888888889017
2020-01-03,120.79229840581752,103203,0.1708666666666545
2020-01-06,120.80046687743155,88951,-0.5338222222222271
2020-01-07,120.80872559077622,83819,-0.1362888888889131
2020-01-08,120.81707440173552,144869,-0.3525777777777819
2020-01-09,120.82551316619352,80382,-0.8137555555555736
2020-01-10,120.83404174003424,65148,-0.9234666666666556
2020-01-13,120.84265997914176,55306,-1.5176444444444428
2020-01-14,120.85136773940016,80757,-1.4433111111111003
2020-01-15,120.86016487669336,66373,-1.541799999999995
2020-01-16,120.86905124690551,60985,-1.618933333333331
2020-01-17,120.87802670592063,59049,-1.0508888888888919
2020-01-20,120.8870911096228,43239,-1.0792000000000002
2020-01-21,120.89624431389599,73072,-0.5620222222222253
2020-01-22,120.90548617462431,69889,-0.6220444444444553
2020-01-23,120.91481654762218,82059,0.18039999999999168
2020-01-24,120.92423528884325,71398,0.7558666666666625
2020-01-27,120.93374225479782,103785,1.2536222222222193
2020-01-28,120.94333729641596,75137,0.9754444444444346
2020-01-29,120.95302025524887,70579,1.240399999999994
2020-01-30,120.96279096726774,99925,1.1053555555555619
2020-01-31,120.97264926900031,99269,1.0478000000000094
2020-02-03,120.98259499711338,92915,1.059599999999989
2020-02-04,120.99262798820435,78384,0.3033333333333559
2020-02-05,121.0027480789666,86624,0.46993333333333
2020-02-06,121.01295510590137,69950,0.49075555555555184
2020-02-07,121.02324890474137,79877,1.1216666666666697
2020-02-10,121.03362931892357,74194,1.465777777777788
2020-02-11,121.04409620483386,68365,1.394488888888887
2020-02-12,121.05464942656232,68620,1.5178888888889048
2020-02-13,121.06528884743057,91478,2.149577777777779
2020-02-14,121.07601433056803,61452,2.262666666666661
2020-02-17,121.08682573920018,43653,2.0551111111111027
2020-02-18,121.09772293655261,76215,2.462022222222231
2020-02-19,121.10870578585079,82217,0.6499333333333226
2020-02-20,121.11977415032025,112931,0.053622222222230675
2020-02-21,121.13092789318647,99362,-0.10451111111109412
2020-02-24,121.14216687767502,141396,0.7377555555555517
2020-02-25,121.15349096701136,160682,0.9704222222222256
2020-02-26,121.1649000244211,171758,0.7205999999999904
2020-02-27,121.17639391312962,209666,0.30275555555556366
2020-02-28,121.18797249636255,261538,1.5801555555555495
2020-03-02,121.19963563734534,228210,0.13557777777776892
2020-03-03,121.21138319930351,219015,1.0432444444444258
2020-03-04,121.22321504546262,172607,0.9034666666666595
2020-03-05,121.23513103904817,157980,1.3071333333333257
2020-03-06,121.24713104328569,232713,1.67473333333335
2020-03-09,121.25921492140061,319795,3.420333333333332
2020-03-10,121.27138253661852,313720,1.2627555555555574
2020-03-11,121.28363375216493,252598,2.6164222222222264
2020-03-12,121.29596843126538,318601,3.2383555555555716
2020-03-13,121.3083864371453,362634,0.3250666666666575
2020-03-16,121.3208876330303,364898,1.7393333333333345
2020-03-17,121.33347188214583,386041,1.6698222222222086
2020-03-18,121.34613904771746,348086,1.957377777777765
2020-03-19,121.35888899297066,382520,1.4451777777777721
2020-03-20,121.37172158113097,423317,1.25093333333335
2020-03-23,121.38463667542386,365275,0.362000000000009
2020-03-24,121.39763413907494,328673,-0.33068888888888637
2020-03-25,121.41071383530961,330765,-1.3727333333333291
2020-03-26,121.42387562735347,298863,-1.3029777777777696
2020-03-27,121.43711937843204,248030,-0.6501777777777846
2020-03-30,121.45044495177078,196562,0.5290666666666652
2020-03-31,121.46385221059523,197527,0.8645999999999958
2020-04-01,121.47734101813093,163062,2.01711111111112
2020-04-02,121.49091123760334,166313,2.3115999999999985
2020-04-03,121.50456273223804,141699,2.1715555555555426
2020-04-06,121.51829536526047,149942,1.43028888888891
2020-04-07,121.53210899989621,150125,0.7900444444444332
2020-04-08,121.54600349937076,137685,1.0797111111111093
2020-04-09,121.55997872690962,139700,0.5835777777777622
2020-04-10,121.57403454573834,105111,0.5829111111111018
2020-04-13,121.58817081908239,105604,1.528266666666653
2020-04-14,121.60238741016731,100083,1.290399999999977
2020-04-15,121.61668418221865,100857,1.753933333333336
2020-04-16,121.63106099846185,111207,1.971422222222202
2020-04-17,121.64551772212246,120129,1.9665111111111173
2020-04-20,121.66005421642602,84207,1.9349333333333334
2020-04-21,121.67467034459806,110843,1.7844666666666598
2020-04-22,121.689365969864,87975,2.103666666666669
2020-04-23,121.70414095544943,110758,2.6320222222222185
2020-04-24,121.71899516457987,92017,2.0889999999999844
2020-04-27,121.73392846048083,88959,2.263533333333342
2020-04-28,121.7489407063778,92384,2.695177777777772
2020-04-29,121.76403176549628,84737,2.266311111111108
2020-04-30,121.77920150106186,110984,0.7956000000000074
2020-05-01,121.7944497763,82499,0.7417777777777985
2020-05-04,121.80977645443623,80293,1.6523999999999859
2020-05-05,121.82518139869606,88634,2.4642222222222188
2020-05-06,121.840664472305,81093,3.2587999999999937
2020-05-07,121.85622553848856,92262,2.607733333333343
2020-05-08,121.8718644604723,76344,2.048488888888869
2020-05-11,121.88758110148166,86277,1.2847777777777907
2020-05-12,121.90337532474227,82681,1.3266222222222268
2020-05-13,121.91924699347952,94811,1.725422222222221
2020-05-14,121.935195970919,95693,1.639666666666642
2020-05-15,121.95122212028625,89064,1.5266444444444573
2020-05-18,121.96732530480668,82692,0.24099999999999966
2020-05-19,121.98350538770589,94580,-0.277044444444428
2020-05-20,121.99976223220936,83177,-0.7029333333333057
2020-05-21,122.01609570154267,79421,-0.4685777777777673
2020-05-22,122.03250565893124,76776,-0.0036444444444470037
2020-05-25,122.04899196760066,49901,-0.08713333333332685
2020-05-26,122.06555449077639,83368,-0.8657555555555518
2020-05-27,122.082193091684,119948,-1.3984666666666499
2020-05-28,122.09890763354895,117864,-2.0626444444444303
2020-05-29,122.11569797959682,131313,-2.5340222222222053
2020-06-01,122.13256399305305,104998,-2.63611111111112
2020-06-02,122.1495055371432,114928,-4.1705333333333385
2020-06-03,122.16652247509285,125454,-5.017866666666663
2020-06-04,122.1836146701274,134945,-6.270066666666679
2020-06-05,122.20078198547237,133843,-6.110222222222205
2020-06-08,122.21802428435339,103874,-4.743822222222221
2020-06-09,122.23534142999586,124296,-4.377733333333339
2020-06-10,122.25273328562534,127328,-3.9867333333333335
2020-06-11,122.27019971446737,163870,-2.8029111111111007
2020-06-12,122.28774057974742,160242,-2.894133333333329
2020-06-15,122.30535574469103,149253,-3.462644444444436
2020-06-16,122.32304507252373,137538,-2.7379555555555584
2020-06-17,122.34080842647097,117874,-2.0984222222222257
2020-06-18,122.35864566975837,115685,-1.5938000000000017
2020-06-19,122.37655666561133,103802,-1.1313333333333446
2020-06-22,122.39454127725548,94388,-1.9857999999999976
2020-06-23,122.41259936791627,128594,-1.9959111111111127
2020-06-24,122.4307308008192,112503,-1.87488888888889
2020-06-25,122.44893543918985,121659,-1.590888888888884
2020-06-26,122.46721314625368,90711,-1.4988222222222163
2020-06-29,122.48556378523621,94772,-2.092333333333329
2020-06-30,122.50398721936297,103046,-2.269422222222232
2020-07-01,122.52248331185949,94205,-1.8253999999999877
2020-07-02,122.54105192595125,88493,-1.660444444444451
2020-07-03,122.5596929248638,84371,-1.6121333333333325
2020-07-06,122.57840617182268,77723,-2.0942666666666554
2020-07-07,122.59719153005332,80867,-1.7432444444444428
2020-07-08,122.6160488627813,77874,-1.8795333333333275
2020-07-09,122.6349780332321,92137,-1.2043333333333237
2020-07-10,122.65397890463124,90329,-0.9216444444444534
2020-07-13,122.67305134020427,82874,-1.6927999999999912
2020-07-14,122.69219520317671,98613,-2.1093555555555525
2020-07-15,122.71141035677404,89964,-1.7676000000000016
2020-07-16,122.73069666422175,90493,-1.69275555555555
2020-07-17,122.75005398874542,68028,-1.7235999999999905
2020-07-20,122.76948219357052,94390,-2.119799999999998
2020-07-21,122.78898114192263,93219,-2.324888888888893
2020-07-22,122.80855069702719,105460,-3.064133333333345
2020-07-23,122.82819072210971,90407,-2.8476888888889107
2020-07-24,122.84790108039579,107147,-2.4783999999999793
2020-07-27,122.86768163511087,111151,-2.481733333333338
2020-07-28,122.8875322494805,109687,-1.6533777777777772
2020-07-29,122.90745278673022,98888,-2.129555555555555
2020-07-30,122.92744311008543,109425,-2.3865333333333467
2020-07-31,122.9475030827718,141496,-2.7951777777777806
2020-08-03,122.96763256801475,116892,-2.726577777777777
2020-08-04,122.98783142903984,99578,-2.7922666666666487
2020-08-05,123.00809952907257,100278,-3.2368444444444435
2020-08-06,123.02843673133839,114026,-3.277799999999999
2020-08-07,123.04884289906292,111235,-2.730044444444445
2020-08-10,123.06931789547164,75806,-2.214688888888901
2020-08-11,123.08986158379005,108005,-2.8064666666666653
2020-08-12,123.11047382724365,108147,-3.651600000000002
2020-08-13,123.13115448905805,97678,-3.906066666666689
2020-08-14,123.15190343245864,78704,-3.652711111111117
2020-08-17,123.17272052067099,78257,-3.1852222222222224
2020-08-18,123.19360561692062,101931,-3.015533333333323
2020-08-19,123.21455858443306,109048,-2.764111111111106
2020-08-20,123.23557928643379,107448,-2.4931555555555605
2020-08-21,123.25666758614835,95391,-1.697222222222237
2020-08-24,123.27782334680225,77109,-1.7114444444444388
2020-08-25,123.299046431621,93228,-2.568866666666679
2020-08-26,123.32033670383011,83446,-1.947844444444442
2020-08-27,123.34169402665512,136370,-2.4183333333333223
2020-08-28,123.36311826332154,127627,-1.7509333333333217
2020-08-31,123.38460927705485,98789,-2.607355555555557
2020-09-01,123.40616693108063,114098,-2.295955555555551
2020-09-02,123.42779108862433,99547,-1.8496000000000237
2020-09-03,123.44948161291153,109318,-1.70893333333332
2020-09-04,123.47123836716767,109903,-1.5196888888888935
2020-09-07,123.49306121461831,60397,-1.1948666666666554
2020-09-08,123.51495001848897,102062,-0.409755555555563
2020-09-09,123.53690464200521,102790,-0.8161999999999949
2020-09-10,123.5589249483924,106281,-0.7889555555555603
2020-09-11,123.58101080087617,92534,-1.0233555555555398
2020-09-14,123.60316206268206,67968,-0.6431333333333242
2020-09-15,123.6253785970355,74293,-0.05880000000000507
2020-09-16,123.64766026716207,98020,0.8899333333333317
2020-09-17,123.67000693628725,110071,0.8442444444444419
2020-09-18,123.69241846763656,81511,1.1535999999999973
2020-09-21,123.71489472443551,100784,1.802133333333316
2020-09-22,123.73743556990969,95395,2.1358444444444444
2020-09-23,123.76004086728449,100274,2.096511111111127
2020-09-24,123.7827104797855,97994,1.941955555555566
2020-09-25,123.80544427063822,87555,2.127888888888876
2020-09-28,123.82824210306819,78143,1.821977777777775
2020-09-29,123.85110384030091,95347,0.81486666666666
2020-09-30,123.8740293455619,111466,1.333066666666653
2020-10-01,123.89701848207662,120325,0.9408222222222236
2020-10-02,123.92007111307065,118763,1.452133333333336
2020-10-05,123.94318710176952,80632,0.28548888888889223
2020-10-06,123.9663663113987,96819,0.9250888888888795
2020-10-07,123.98960860518372,89532,0.20015555555553988
2020-10-08,124.01291384635007,81493,0.1493111111111176
2020-10-09,124.03628189812332,82703,-0.09737777777776557
2020-10-12,124.05971262372896,67476,0.4434444444444381
2020-10-13,124.08320588639248,84633,0.9293555555555457
2020-10-14,124.10676154933942,79925,1.2354666666666816
2020-10-15,124.1303794757953,83315,1.2787555555555628
2020-10-16,124.15405952898563,79775,1.1671777777777947
2020-10-19,124.17780157213592,72269,0.4969111111111033
2020-10-20,124.20160546847171,76104,-0.1559999999999917
2020-10-21,124.22547108121849,86214,0.49675555555555206
2020-10-22,124.24939827360176,71406,0.5468888888889012
2020-10-23,124.27338690884706,73324,0.3031777777777904
2020-10-26,124.29743685017993,71269,0.66824444444444
2020-10-27,124.32154796082585,64872,1.2493111111111261
2020-10-28,124.34572010401034,91075,1.8049777777777791
2020-10-29,124.3699531429589,91264,2.147822222222217
2020-10-30,124.39424694089712,100629,2.2743777777777723
2020-11-02,124.4186013610504,86337,2.1458444444444496
2020-11-03,124.44301626664436,83993,1.5169111111110993
2020-11-04,124.46749152090445,182938,1.3935333333333375
2020-11-05,124.49202698705624,121717,1.4097555555555488
2020-11-06,124.5166225283252,123991,1.029711111111098
2020-11-09,124.54127800793685,147278,-0.7403111111111258
2020-11-10,124.56599328911672,130678,-0.6225111111111232
2020-11-11,124.59076823509031,91084,-0.4646888888889009
2020-11-12,124.61560270908315,89101,-0.41322222222221683
2020-11-13,124.64049657432076,80891,-0.1325999999999965
2020-11-16,124.66544969402867,90459,-0.33462222222220817
2020-11-17,124.69046193143235,80586,0.016555555555555657
2020-11-18,124.7155331497573,87119,0.521155555555552
2020-11-19,124.74066321222915,95393,0.36086666666668066
2020-11-20,124.7658519820733,80588,0.402422222222242
2020-11-23,124.7910993225153,82992,-0.25684444444443955
2020-11-24,124.8164050967807,85831,-0.6413333333333497
2020-11-25,124.84176916809497,87633,-0.845799999999997
2020-11-26,124.86719139968368,58894,-0.5414222222222094
2020-11-27,124.89267165477223,66485,-0.840955555555567
2020-11-30,124.91820979658627,87501,-0.6866888888888809
2020-12-01,124.94380568835122,86372,-2.1792222222222364
2020-12-02,124.96945919329269,95767,-2.667888888888868
2020-12-03,124.99517017463614,93118,-2.2885777777777747
2020-12-04,125.02093849560706,89543,-2.3662000000000063
2020-12-07,125.046764019431,85161,-2.040288888888881
2020-12-08,125.07264660933345,89257,-2.088622222222213
2020-12-09,125.09858612853996,84679,-1.9012888888888853
2020-12-10,125.12458244027604,99716,-2.46531111111112
2020-12-11,125.15063540776714,89223,-1.9214222222222475
2020-12-14,125.17674489423888,85530,-2.1837555555555497
2020-12-15,125.20291076291674,81646,-1.7552444444444433
2020-12-16,125.22913287702623,93648,-1.9236888888889183
2020-12-17,125.25541109979282,91029,-2.1355333333333277
2020-12-18,125.28174529444209,85558,-2.181955555555561
2020-12-21,125.3081353241995,126321,-2.0325777777777887
2020-12-22,125.33458105229063,98874,-1.5610444444444482
2020-12-23,125.36108234194091,92645,-1.6765999999999934
2020-12-24,125.38763905637596,56203,-1.723111111111109
2020-12-28,125.41425105882121,79590,-2.152911111111109
2020-12-29,125.44091821250224,77613,-2.1867777777777917
2020-12-30,125.46764038064453,83963,-2.185533333333339
2020-12-31,125.49441742647356,69683,-1.2994444444444468
2021-01-04,125.52124921321493,108393,-1.4200444444444429
2021-01-05,125.54813560409409,95782,-1.2888222222222367
2021-01-06,125.57507646233657,139367,-1.8854666666666589
2021-01-07,125.60207165116788,106283,-2.1264666666666727
2021-01-08,125.62912103381355,115426,-1.6782888888889005
2021-01-11,125.65622447349912,92354,-1.2035333333333256
2021-01-12,125.68338183345008,93396,-1.118688888888883
2021-01-13,125.71059297689192,90082,-0.7118222222222101
2021-01-14,125.73785776705017,96184,-0.5478666666666498
2021-01-15,125.76517606715036,87243,0.2040666666666624
2021-01-18,125.792547740418,77230,0.44693333333333385
2021-01-19,125.81997265007865,79969,-0.29637777777777785
2021-01-20,125.84745065935775,81652,0.4154222222222046
2021-01-21,125.87498163148084,84571,-0.12219999999999231
2021-01-22,125.90256542967347,76924,-0.41502222222221974
2021-01-25,125.93020191716113,76348,-0.040888888888886754
2021-01-26,125.95789095716928,75838,0.003933333333336009
2021-01-27,125.98563241292355,98427,-0.041066666666651486
2021-01-28,126.0134261476494,105145,-0.28382222222221287
2021-01-29,126.0412720245723,117765,-0.9361111111110887
2021-02-01,126.06916990691782,86950,-0.3461555555555691
2021-02-02,126.09711965791146,83553,-0.17262222222221624
2021-02-03,126.12512114077876,72493,-0.10091111111111672
2021-02-04,126.15317421874522,69598,0.04173333333334028
2021-02-05,126.18127875503629,71040,-0.6473555555555492
2021-02-08,126.20943461287762,70125,-0.47068888888890115
2021-02-09,126.23764165549457,78287,-0.37995555555555427
2021-02-10,126.26589974611285,72460,-0.396911111111109
2021-02-11,126.29420874795781,53936,-0.6841333333333353
2021-02-12,126.322568524255,59811,-0.7429111111111268
2021-02-15,126.35097893822996,53022,-1.3226444444444354
2021-02-16,126.3794398531082,79322,-1.849955555555539
2021-02-17,126.40795113211523,85866,-0.9621999999999957
2021-02-18,126.43651263847659,79212,-1.2261555555555503
2021-02-19,126.46512423541776,77834,-1.1520222222222145
2021-02-22,126.4937857861643,91326,-1.131888888888895
2021-02-23,126.52249715394167,83638,-1.222644444444441
2021-02-24,126.55125820197539,112022,-2.088844444444419
2021-02-25,126.58006879349104,148594,-2.599199999999996
2021-02-26,126.60892879171408,166320,-1.7635555555555555
2021-03-01,126.63783805987006,107227,-1.7551111111111197
2021-03-02,126.66679646118445,106507,-2.0605999999999796
2021-03-03,126.6958038588828,106526,-2.1091777777777736
2021-03-04,126.72486011619063,123762,-2.231733333333338
2021-03-05,126.75396509633345,143889,-2.001044444444446
2021-03-08,126.78311866253676,111675,-1.867777777777789
2021-03-09,126.81232067802608,110653,-1.8918666666666581
2021-03-10,126.84157100602691,94133,-2.0364000000000146
2021-03-11,126.87086950976477,98512,-2.7202000000000055
2021-03-12,126.90021605246527,94143,-2.914333333333346
2021-03-15,126.92961049735379,89194,-2.701000000000022
2021-03-16,126.9590527076559,79898,-2.191511111111126
2021-03-17,126.98854254659716,79958,-2.757266666666652
2021-03-18,127.01807987740301,101107,-2.0326000000000164
2021-03-19,127.04766456329901,85271,-1.8253777777777742
2021-03-22,127.07729646751068,70853,-1.9668666666666894
2021-03-23,127.10697545326352,78973,-0.6910222222222302
2021-03-24,127.136701383783,76150,-0.37357777777776846
2021-03-25,127.16647412229472,90286,-0.3524666666666576
2021-03-26,127.19629353202413,76711,-1.1707777777777721
2021-03-29,127.22615947619681,81455,-0.974911111111112
2021-03-30,127.25607181803825,71382,-0.9728888888888889
2021-03-31,127.28603042077391,88722,-1.471066666666644
2021-04-01,127.31603514762935,78034,-1.7818888888888864
2021-04-02,127.34608586183012,46624,-1.570711111111109
2021-04-05,127.37618242660173,59621,-1.5150666666666552
2021-04-06,127.40632470516957,79696,-1.6124222222222215
2021-04-07,127.43651256075933,91175,-1.5897111111111144
2021-04-08,127.46674585659642,77706,-1.312222222222232
2021-04-09,127.49702445590641,76355,-1.5414444444444655
2021-04-12,127.5273482219148,70667,-1.2331999999999823
2021-04-13,127.55771701784707,86042,-1.180555555555543
2021-04-14,127.58813070692874,77057,-1.2864666666666835
2021-04-15,127.61858915238534,71368,-0.8562888888888835
2021-04-16,127.64909221744243,69034,-1.0168666666666581
2021-04-19,127.6796397653255,74205,-0.7565333333333228
2021-04-20,127.71023165926002,67676,-0.6446888888888793
2021-04-21,127.74086776247154,55417,-0.5456222222222209
2021-04-22,127.77154793818562,63275,-0.19515555555554442
2021-04-23,127.80227204962769,57588,-0.8841555555555374
2021-04-26,127.8330399600233,56562,-0.9719777777777665
2021-04-27,127.86385153259799,54869,-1.7347333333333381
2021-04-28,127.8947066305773,61298,-1.8890222222222235
2021-04-29,127.92560511718662,57647,-2.1453111111111127
2021-04-30,127.95654685565162,61486,-1.5109111111111133
2021-05-03,127.9875317091977,50722,-1.5746222222222173
2021-05-04,128.01855954105042,61135,-1.2522444444444432
2021-05-05,128.04963021443533,51417,-0.9928222222222303
2021-05-06,128.08074359241286,62069,-1.4460444444444533
2021-05-07,128.1118995383736,66018,-1.8697111111111155
2021-05-10,128.14309791702817,62015,-1.719600000000014
2021-05-11,128.17433857985296,70405,-1.6153111111111116
2021-05-12,128.20562135607992,76710,-2.008088888888892
2021-05-13,128.23694606136422,74800,-1.7510222222222183
2021-05-14,128.26831251336623,60366,-2.3004444444444516
2021-05-17,128.29972053281693,55021,-2.1685333333333006
2021-05-18,128.33116991280812,57134,-2.4499111111111063
2021-05-19,128.36266040025293,76208,-2.27451111111111
2021-05-20,128.39419171459014,62453,-2.249711111111111
2021-05-21,128.42576357799922,61178,-1.8771333333333189
2021-05-24,128.4573757133448,52822,-1.9587111111111142
2021-05-25,128.48902784314885,62593,-2.2583111111111123
2021-05-26,128.52071968993334,62441,-1.9567777777777735
2021-05-27,128.55245097622037,67809,-2.7017555555555646
2021-05-28,128.58422142453188,63732,-2.6013777777777705
2021-05-31,128.61603075738986,47688,-2.508955555555559
2021-06-01,128.6478786973164,58501,-2.183155555555544
2021-06-02,128.67976496683355,57396,-2.150088888888888
2021-06-03,128.71168928846316,60835,-2.060111111111098
2021-06-04,128.74365138472737,59033,-1.4704888888888945
2021-06-07,128.77565097814818,49835,-1.3280666666666718
2021-06-08,128.80768779124756,53625,-1.3546888888888873
2021-06-09,128.83976154654752,45060,-1.5410888888889076
2021-06-10,128.87187196657007,48020,-1.0663777777777739
2021-06-11,128.90401877271805,56956,-0.7034444444444432
2021-06-14,128.93620168863265,40376,-1.2418666666666809
2021-06-15,128.96842044690902,36372,-1.2188444444444428
2021-06-16,129.00067469037953,56515,-0.506711111111116
2021-06-17,129.0329639110036,80619,1.0680222222222255
2021-06-18,129.06528751097784,80543,1.5784444444444148
2021-06-21,129.09764490145275,76083,0.8669333333333213
2021-06-22,129.13003549581728,64953,0.24879999999998859
2021-06-23,129.1624587063413,64404,0.11568888888888296
2021-06-24,129.19491394529445,58207,0.21055555555557248
2021-06-25,129.22740062494657,55048,0.30551111111108753
2021-06-28,129.2599181575674,58022,0.6803777777777782
2021-06-29,129.2924659554266,57219,1.0757333333333463
2021-06-30,129.32504343079404,67058,0.8326444444444405
2021-07-01,129.35764999593943,63301,0.4227333333333263
2021-07-02,129.39028506313255,60975,0.8325555555555866
2021-07-05,129.42294804464314,51227,0.9391777777777861
2021-07-06,129.45563835274092,67326,1.789666666666676
2021-07-07,129.48835539969565,72292,2.133955555555559
2021-07-08,129.52109859777713,84470,2.500111111111096
2021-07-09,129.5538673592551,72568,1.7230000000000132
2021-07-12,129.58666109639927,60115,1.5930888888889
2021-07-13,129.61947922147945,65570,2.1489111111111185
2021-07-14,129.65232114676542,68142,2.2442222222222483
2021-07-15,129.68518628452682,73644,2.59515555555555
2021-07-16,129.71807404703347,67574,2.3086000000000126
2021-07-19,129.75098384655513,81544,3.044577777777789
2021-07-20,129.7839150953616,85206,2.6760222222222296
2021-07-21,129.81686720572253,74420,1.9478444444444278
2021-07-22,129.8498395899078,67138,2.3001111111111356
2021-07-23,129.88283166018704,66343,1.766711111111107
2021-07-26,129.91584282883005,67370,1.5740222222222258
2021-07-27,129.9488725081066,69227,2.042244444444435
2021-07-28,129.9819201102864,76232,1.5327555555555534
2021-07-29,130.01498504763936,63356,1.4861555555555412
2021-07-30,130.04806673243502,68468,1.3438222222222294
2021-08-02,130.08116457694328,57807,1.6689111111111288
2021-08-03,130.11427799343383,64841,1.9887777777777558
2021-08-04,130.14740639417641,59392,1.660666666666657
2021-08-05,130.18054919144086,60924,1.2754666666666594
2021-08-06,130.21370579749686,56434,1.457977777777785
2021-08-09,130.24687562461415,54162,1.516044444444418
2021-08-10,130.28005808506254,52686,1.3196222222222218
2021-08-11,130.31325259111176,55467,1.196333333333314
2021-08-12,130.3464585550316,46049,1.2139999999999986
2021-08-13,130.37967538909177,46277,1.4026666666666756
2021-08-16,130.41290250556202,51830,1.9062888888889233
2021-08-17,130.4461393167121,57955,2.154800000000023
2021-08-18,130.47938523481182,59930,1.8408666666666704
2021-08-19,130.5126396721309,75222,2.1284666666666965
2021-08-20,130.54590204093904,53939,1.793533333333329
2021-08-23,130.5791717535061,56021,1.3457777777777835
2021-08-24,130.6124482221018,47602,1.161777777777786
2021-08-25,130.64573085899585,54027,0.5714000000000112
2021-08-26,130.679019076458,60772,0.6222888888889031
2021-08-27,130.7123122867581,62019,0.36775555555553296
2021-08-30,130.74560990216582,43509,0.21033333333335236
2021-08-31,130.77891133495092,65365,-0.04542222222221426
2021-09-01,130.81221599738316,58243,-0.45815555555554965
2021-09-02,130.84552330173233,48383,-0.7718888888888955
2021-09-03,130.87883266026813,61452,-0.5561777777778047
2021-09-06,130.91214348526037,37069,-0.6320888888889158
2021-09-07,130.9454551889788,63814,-0.8911777777778127
2021-09-08,130.97876718369315,64884,-0.5792888888888967
2021-09-09,131.0120788816731,63664,-0.05037777777778274
2021-09-10,131.0453896951886,61105,-0.12784444444443466
2021-09-13,131.0786990365092,54107,-0.2621333333333382
2021-09-14,131.11200631790476,58963,0.1599777777777831
2021-09-15,131.145310951645,62862,0.3917333333333204
2021-09-16,131.17861234999972,63128,0.4518888888888739
2021-09-17,131.21190992523864,63167,0.6218222222221925
2021-09-20,131.2452030896315,61961,1.2886444444444578
2021-09-21,131.27849125544805,68575,1.4703777777777702
2021-09-22,131.3117738349581,80376,1.1515777777777885
2021-09-23,131.34505024043142,68843,-0.01684444444444466
2021-09-24,131.37831988413765,63120,-0.3065777777777896
2021-09-27,131.41158217834663,67264,-0.35153333333335013
2021-09-28,131.44483653532808,80011,-0.7912888888888858
2021-09-29,131.4780823673518,76474,-0.38120000000000687
2021-09-30,131.51131908668748,77695,0.6364666666666778
2021-10-01,131.54454610560495,83389,0.6586222222222204
2021-10-04,131.5777628363739,75886,0.5158000000000129
2021-10-05,131.6109686912641,68698,0.1268444444444583
2021-10-06,131.64416308254533,79105,0.6095333333333315
2021-10-07,131.67734542248732,58680,0.4007555555555484
2021-10-08,131.71051512335984,65318,-0.5166666666666515
2021-10-11,131.74367159743264,55010,-1.538555555555547
2021-10-12,131.77681425697543,68600,-1.562777777777768
2021-10-13,131.80994251425804,67168,-1.8584222222222309
2021-10-14,131.84305578155016,52521,-2.3185555555555766
2021-10-15,131.87615347112163,61298,-2.936422222222234
2021-10-18,131.90923499524212,63519,-3.0511999999999944
2021-10-19,131.94229976618143,60936,-3.266777777777776
2021-10-20,131.97534719620924,57991,-3.318755555555555
2021-10-21,132.0083766975954,61111,-2.5390000000000157
2021-10-22,132.04138768260964,63457,-2.0906888888888773
2021-10-25,132.07437956352166,58438,-1.8732888888888795
2021-10-26,132.10735175260126,49738,-2.1573999999999955
2021-10-27,132.1403036621182,65409,-1.7764222222222088
2021-10-28,132.17323470434224,72594,-2.333844444444452
2021-10-29,132.20614429154313,71619,-1.430555555555543
2021-11-01,132.2390318359906,58087,-1.8617777777777746
2021-11-02,132.2718967499544,61418,-1.4617555555555555
2021-11-03,132.30473844570434,60058,-1.862222222222215
2021-11-04,132.33755633551007,64125,-0.8734000000000037
2021-11-05,132.37034983164148,66023,-0.581133333333355
2021-11-08,132.40311834636825,58617,-0.5912666666666553
2021-11-09,132.4358612919601,65194,-0.2641999999999882
2021-11-10,132.46857808068683,77114,-0.10446666666666715
2021-11-11,132.5012681248182,52755,0.04231111111107566
2021-11-12,132.5339308373291,58628,0.27593333333331316
2021-11-15,132.5665656297841,54830,0.9079111111111047
2021-11-16,132.59917190810705,68644,0.6907333333333554
2021-11-17,132.6317491347709,69824,1.4913333333333298
2021-11-18,132.66429686729583,64408,0.7337777777777887
2021-11-19,132.69681471975102,80562,2.028555555555556
2021-11-22,132.72930230056505,76416,1.6405777777777644
2021-11-23,132.7617592167561,77317,1.2164444444444484
2021-11-24,132.79418507604748,76775,1.4718666666666707
2021-11-25,132.82657948616261,42682,1.4791111111111093
2021-11-26,132.85894205482472,112331,2.425311111111114
2021-11-29,132.8912723897572,91219,2.455266666666688
2021-11-30,132.92357009868346,109919,2.3280222222222164
2021-12-01,132.95583478932673,93087,2.9188222222222464
2021-12-02,132.98806606941042,89306,2.6308444444444206
2021-12-03,133.02026354665787,83984,2.9249555555555418
2021-12-06,133.05242682879236,70628,2.432866666666655
2021-12-07,133.08455552353732,63759,2.498088888888873
2021-12-08,133.116649238616,75152,1.5310222222222194
2021-12-09,133.14870758175186,56601,2.32864444444445
2021-12-10,133.18073016066813,62676,2.12255555555555
2021-12-13,133.21271658308822,55346,2.1803999999999917
2021-12-14,133.24466645673542,59051,2.235355555555543
2021-12-15,133.27657938933314,66667,1.4237111111111176
2021-12-16,133.30845498860464,75105,1.343999999999994
2021-12-17,133.34029286227326,72581,2.3160000000000025
2021-12-20,133.3720926181311,73811,1.8387777777777785
2021-12-21,133.40385386383278,59618,1.12026666666668
2021-12-22,133.4355762064835,54764,0.5265333333333615
2021-12-23,133.46725925869694,48029,0.13620000000000232
2021-12-24,133.49890264234566,42249,0.2119777777777756
2021-12-27,133.53050598481065,38779,-0.5108444444444444
2021-12-28,133.56206891282764,41126,-0.28493333333335613
2021-12-29,133.5935910531867,46219,-0.9586222222222318
2021-12-30,133.62507203351342,47387,-0.8460000000000036
2021-12-31,133.65651147374572,38026,-1.5335555555555516
2022-01-03,133.68790898090012,50668,-0.8834444444444216
2022-01-04,133.71926415430542,63740,-1.6762888888889051
2022-01-05,133.75057659405726,61844,-1.9749777777777524
2022-01-06,133.78184590044307,70835,-1.5361555555555526
2022-01-07,133.8130716736543,59902,-1.9187111111110937
2022-01-10,133.84425351388256,65076,-1.145444444444479
2022-01-11,133.87539102131933,65305,-1.723111111111109
2022-01-12,133.90648379615618,64293,-1.7926888888889039
2022-01-13,133.9375314385845,63300,-1.4039777777777829
2022-01-14,133.96853354879602,76504,-1.0052222222222156
2022-01-17,133.99948972698212,42015,-1.3306222222222175
2022-01-18,134.03039957333434,77777,-0.4233333333333178
2022-01-19,134.06126268804428,64284,-0.2791777777777895
2022-01-20,134.09207867130337,67201,0.3053333333333512
2022-01-21,134.12284712330325,76151,0.42135555555555015
2022-01-24,134.15356764423535,81869,0.3059555555555562
2022-01-25,134.18423983429125,73644,0.6806888888888807
2022-01-26,134.21486329366243,69539,0.45155555555555793
2022-01-27,134.24543762254044,87068,0.7751777777777704
2022-01-28,134.27596242111682,75834,0.8734888888888861
2022-01-31,134.30643728958307,68603,0.02566666666666606
2022-02-01,134.33686182813074,64999,0.09788888888888891
2022-02-02,134.36723563695134,57179,0.061977777777769916
2022-02-03,134.3975583162364,76547,-2.0188666666666677
2022-02-04,134.4278294661774,73664,-2.2923999999999864
2022-02-07,134.45804868696592,68744,-2.0070222222222185
2022-02-08,134.4882155787935,58821,-2.1543333333333408
2022-02-09,134.5183297418516,56533,-2.142977777777787
2022-02-10,134.54839077633184,77277,-2.635355555555577
2022-02-11,134.57839828242567,83586,-1.0406222222222254
2022-02-14,134.6083518603246,93743,-0.5812444444444509
2022-02-15,134.63825111022027,72226,-1.1705111111110966
2022-02-16,134.66809563230407,69013,-1.1263333333333208
2022-02-17,134.69788502676758,95816,-0.34984444444444307
2022-02-18,134.72761889380234,77917,0.007888888888885504
2022-02-21,134.7572968335999,56512,0.5471111111111213
2022-02-22,134.78691844635173,101379,0.02291111111114219
2022-02-23,134.8164833322494,61647,0.33784444444447104
2022-02-24,134.84599109148436,164280,1.0378666666666732
2022-02-25,134.8754413242482,107763,0.1353555555555488
2022-02-28,134.9048336307324,127858,1.3511333333333369
2022-03-01,134.93416761112854,104547,2.483022222222232
2022-03-02,134.9634428656282,109192,1.7979333333333614
2022-03-03,134.99265899442275,88059,2.428244444444445
2022-03-04,135.02181559770384,117054,4.499000000000009
2022-03-07,135.05091227566288,138754,4.8029111111110865
2022-03-08,135.07994862849154,127404,3.809244444444431
2022-03-09,135.1089242563813,99855,1.4679999999999893
2022-03-10,135.1378387595236,103227,2.1010888888888957
2022-03-11,135.16669173811005,102077,1.6480666666666508
2022-03-14,135.19548279233214,91768,0.3097333333333552
2022-03-15,135.22421152238135,99849,0.011355555555553565
2022-03-16,135.25287752844935,103321,-1.467955555555534
2022-03-17,135.28148041072757,88625,-1.942777777777792
2022-03-18,135.31001976940746,81935,-2.0418888888888773
2022-03-21,135.33849520468067,65574,-1.9737777777777694
2022-03-22,135.36690631673872,93067,-3.4284444444444375
2022-03-23,135.3952527057731,93157,-3.522266666666667
2022-03-24,135.42353397197527,90000,-4.639133333333348
2022-03-25,135.4517497155369,102210,-4.060888888888883
2022-03-28,135.47989953664938,124864,-5.937044444444439
2022-03-29,135.50798303550434,128903,-5.87706666666665
2022-03-30,135.5359998122932,122559,-5.4226222222222304
2022-03-31,135.5639494672076,121269,-4.016866666666658
2022-04-01,135.59183160043895,101291,-4.599644444444436
2022-04-04,135.61964581217893,80822,-3.7510444444444317
2022-04-05,135.64739170261888,86787,-3.7310666666666634
2022-04-06,135.67506887195046,101779,-3.7163333333333526
2022-04-07,135.70267692036512,95804,-3.6377111111111162
2022-04-08,135.73021544805448,89294,-3.848977777777776
2022-04-11,135.75768405520995,99564,-5.047688888888899
2022-04-12,135.78508234202312,103409,-4.248488888888886
2022-04-13,135.81240990868548,96119,-5.233244444444438
2022-04-14,135.83966635538866,103432,-4.616977777777805
2022-04-15,135.86685128232403,125615,-4.803711111111085
2022-04-18,135.8939642896832,74733,-4.948133333333345
2022-04-19,135.92100497765773,111476,-6.922533333333348
2022-04-20,135.94797294643908,126961,-6.501822222222216
2022-04-21,135.97486779621877,116927,-6.5739111111111015
2022-04-22,136.00168912718834,121474,-6.128955555555564
2022-04-25,136.02843653953937,136567,-4.398577777777803
2022-04-26,136.05510963346336,126141,-2.3565333333333456
2022-04-27,136.08170800915184,133319,-2.5234000000000094
2022-04-28,136.10823126679628,147712,-4.120111111111129
2022-04-29,136.13467900658827,135304,-3.5163777777777625
2022-05-02,136.16105082871928,111920,-3.2344666666666626
2022-05-03,136.1873463333809,100142,-3.1292444444444527
2022-05-04,136.21356512076457,94300,-3.0967111111111194
2022-05-05,136.2397067910619,130915,-3.010177777777784
2022-05-06,136.26577094446438,143964,-3.1939111111111345
2022-05-09,136.29175718116352,118932,-2.8694222222222265
2022-05-10,136.31766510135083,134518,-2.361244444444452
2022-05-11,136.34349430521794,124525,-1.4790888888888958
2022-05-12,136.36924439295632,151859,2.107799999999969
2022-05-13,136.39491496475742,120640,0.9198666666666497
2022-05-16,136.42050562081283,99413,0.8079555555555658
2022-05-17,136.44601596131406,107293,-0.7547111111111064
2022-05-18,136.4714455864527,103472,1.6332666666666569
2022-05-19,136.4967940964202,146129,0.5815333333333399
2022-05-20,136.52206109140806,120746,0.851644444444446
2022-05-23,136.5472461716079,109528,-0.6864666666666324
2022-05-24,136.57234893721122,122933,-0.06291111111113423
2022-05-25,136.59736898840947,118970,0.2491111111111195
2022-05-26,136.6223059253943,104559,-0.12813333333332366
2022-05-27,136.64715934835712,101761,-0.13673333333332494
2022-05-30,136.6719288574895,72371,-1.2617999999999938
2022-05-31,136.69661405298294,126622,-1.7729777777777826
2022-06-01,136.72121453502905,114175,-2.2447111111111155
2022-06-02,136.74572990381932,94444,-3.095866666666666
2022-06-03,136.7701597595452,89227,-3.592000000000013
2022-06-06,136.79450370239826,95833,-4.298066666666642
2022-06-07,136.81876133257006,120301,-5.052088888888903
2022-06-08,136.84293225025212,121362,-6.756200000000007
2022-06-09,136.86701605563593,132417,-5.369200000000006
2022-06-10,136.89101234891302,131694,-3.8903333333333308
2022-06-13,136.91492073027496,153181,-2.3852222222221826
2022-06-14,136.93874079991323,147612,-3.485155555555565
2022-06-15,136.96247215801938,154446,-2.112422222222193
2022-06-16,136.98611440478487,167640,-1.7551999999999737
2022-06-17,137.00966714040138,161706,-3.738355555555586
2022-06-20,137.03312996506028,120653,-4.007333333333321
2022-06-21,137.05650247895315,130672,-5.865311111111112
2022-06-22,137.0797842822715,151947,-5.750644444444447
2022-06-23,137.1029749752069,166437,-3.7135999999999854
2022-06-24,137.12607415795085,136079,-4.341022222222222
2022-06-27,137.1490814306949,125377,-4.847422222222207
2022-06-28,137.17199639363054,125012,-4.574066666666653
2022-06-29,137.19481864694927,142538,-3.7686222222222057
2022-06-30,137.2175477908427,135408,-3.327044444444425
2022-07-01,137.2401834255023,137675,-1.9704888888888945
2022-07-04,137.26272515111955,97240,-2.2578888888888855
2022-07-05,137.2851725678861,146499,-0.2605777777777689
2022-07-06,137.30752527599336,158331,0.827666666666687
2022-07-07,137.32978287563293,131813,1.063422222222215
2022-07-08,137.35194496699629,141417,0.649799999999999
2022-07-11,137.37401115027504,122799,1.2989999999999782
2022-07-12,137.3959810256606,131875,1.9250000000000114
2022-07-13,137.4178541933445,138842,1.074177777777777
2022-07-14,137.43963025351832,142615,0.19582222222223322
2022-07-15,137.46130880637364,114495,-0.1733777777777732
2022-07-18,137.4828894521019,108358,-0.4401777777778193
2022-07-19,137.5043717908946,118380,-1.5168000000000177
2022-07-20,137.52575542294335,103467,-0.8504222222222495
2022-07-21,137.54703994843965,124455,-0.4310222222222251
2022-07-22,137.568224967575,120915,1.1465555555555795
2022-07-25,137.58931008054097,111505,0.545222222222236
2022-07-26,137.61029488752902,99507,1.7075777777777716
2022-07-27,137.6311789887307,102122,1.0019333333333407
2022-07-28,137.65196198433753,127403,3.47237777777778
2022-07-29,137.67264347454108,130684,4.095555555555563
2022-08-01,137.69322305953284,114822,5.239355555555534
2022-08-02,137.71370033950438,146594,4.850155555555546
2022-08-03,137.73407491464715,138882,4.049666666666667
2022-08-04,137.75434638515273,117765,3.888711111111121
2022-08-05,137.77451435121264,108150,2.6113555555555763
2022-08-08,137.79457841301837,102390,2.287666666666638
2022-08-09,137.81453817076147,87115,1.8249999999999886
2022-08-10,137.8343932246335,110223,2.841955555555529
2022-08-11,137.85414317482594,111114,2.3335111111111075
2022-08-12,137.87378762153034,100123,2.5880444444444493
2022-08-15,137.89332616493823,89865,3.9576888888888675
2022-08-16,137.91275840524105,95340,2.757644444444452
2022-08-17,137.93208394263047,104910,1.7489111111111129
2022-08-18,137.9513023772979,101813,2.1122444444444284
2022-08-19,137.9704133094349,98629,1.654155555555576
2022-08-22,137.989416339233,96450,2.2800444444444565
2022-08-23,138.00831106688375,115302,2.480977777777781
2022-08-24,138.02709709257869,114718,1.9217555555555634
2022-08-25,138.04577401650923,103639,2.3616888888888923
2022-08-26,138.06434143886702,105934,1.3435777777777673
2022-08-29,138.0827989598435,107297,-0.3944888888889011
2022-08-30,138.1011461796303,110087,-0.8317777777777735
2022-08-31,138.11938269841886,116880,-1.5735777777777855
2022-09-01,138.1375081164007,118044,-1.3972888888888804
2022-09-02,138.15552203376743,109613,-1.5971111111111043
2022-09-05,138.17342405071048,89699,-1.6297333333333484
2022-09-06,138.19121376742146,144631,-3.430222222222227
2022-09-07,138.2088907840918,152835,-5.701999999999998
2022-09-08,138.2264547009131,145123,-5.801888888888897
2022-09-09,138.24390511807684,146930,-4.8317333333333465
2022-09-12,138.26124163577455,127917,-6.042177777777795
2022-09-13,138.2784638541978,127898,-5.381088888888883
2022-09-14,138.29557137353814,140249,-4.097911111111102
2022-09-15,138.312563793987,120482,-4.596088888888914
2022-09-16,138.32944071573593,117245,-4.199177777777749
2022-09-19,138.34620173897653,103152,-4.541533333333319
2022-09-20,138.36284646390024,121957,-4.218400000000003
2022-09-21,138.3793744906986,151647,-2.643266666666648
2022-09-22,138.39578541956317,176838,-0.940444444444438
2022-09-23,138.41207885068545,153375,0.17957777777778006
2022-09-26,138.428254384257,168673,0.0024444444444213786
2022-09-27,138.4443116204693,141445,0.14108888888890192
2022-09-28,138.46025015951392,155546,-1.2374888888888904
2022-09-29,138.47606960158234,155583,-2.518555555555537
2022-09-30,138.49176954686607,149794,-2.5599777777777604
2022-10-03,138.50734959555675,143785,-2.536800000000028
2022-10-04,138.52280934784577,148729,-4.281888888888886
2022-10-05,138.53814840392474,141529,-3.2079555555555714
2022-10-06,138.55336636398516,146427,-2.147555555555556
2022-10-07,138.56846282821854,130261,-1.5464444444444325
2022-10-10,138.58343739681646,109016,-1.2750222222222192
2022-10-11,138.5982896699704,136719,-1.3319333333332963
2022-10-12,138.61301924787188,140813,-2.191866666666698
2022-10-13,138.62762573071245,140398,-3.458955555555576
2022-10-14,138.64210871868357,142756,-3.9944666666666535
2022-10-17,138.65646781197688,121162,-5.781066666666675
2022-10-18,138.67070261078382,129377,-5.9979999999999905
2022-10-19,138.68481271529592,122190,-5.149599999999964
2022-10-20,138.69879772570476,126889,-5.3799111111111415
2022-10-21,138.71265724220183,150507,-3.789666666666676
2022-10-24,138.72639086497867,152245,-5.1328888888888855
2022-10-25,138.73999819422676,120357,-5.221400000000017
2022-10-26,138.75347883013768,138565,-5.133333333333326
2022-10-27,138.76683237290297,147987,-3.064822222222233
2022-10-28,138.7800584227141,135763,-4.055222222222227
2022-10-31,138.79315657976255,110487,-3.9100444444444236
2022-11-01,138.80612644423996,121422,-3.11160000000001
2022-11-02,138.81896761633783,125340,-1.8094222222222243
2022-11-03,138.8316796962476,116864,-1.0629999999999598
2022-11-04,138.84426228416095,127127,-2.388711111111121
2022-11-07,138.85671498026926,117644,-3.1448444444444306
2022-11-08,138.8690373847641,110039,-2.8225333333333253
2022-11-09,138.88122909783704,130019,-2.594133333333332
2022-11-10,138.89328971967953,138643,0.09037777777777478
2022-11-11,138.90521885048324,160467,0.29975555555557776
2022-11-14,138.9170160904395,135550,-0.49344444444443525
2022-11-15,138.92868103973996,145898,-0.1596444444444387
2022-11-16,138.94021329857605,138355,-1.006733333333358
2022-11-17,138.95161246713943,120068,-1.2662888888888801
2022-11-18,138.96287814562152,113937,-0.7835777777777935
2022-11-21,138.97400993421394,109692,-1.4034222222222184
2022-11-22,138.9850074331081,96457,-1.2924444444444418
2022-11-23,138.99587024249564,107912,-0.8168444444444276
2022-11-24,139.00659796256795,88294,0.039911111111109676
2022-11-25,139.01719019351668,98106,-0.1131777777777927
2022-11-28,139.0276465358108,122427,0.9731999999999914
2022-11-29,139.03796659000363,119402,1.4324000000000012
2022-11-30,139.0481499531499,134946,1.043777777777791
2022-12-01,139.05819623944564,149664,2.3378888888888696
2022-12-02,139.06810515176184,135187,3.209755555555546
2022-12-05,139.0778765013971,118334,1.3047555555555732
2022-12-06,139.08751014869847,127714,1.3602444444444757
2022-12-07,139.09700594834408,124437,1.3056222222222402
2022-12-08,139.10636375401094,110901,0.5974444444444487
2022-12-09,139.11558342001535,121447,1.0349555555555412
2022-12-12,139.12466480067366,105056,-0.07391111111112991
2022-12-13,139.13360775030208,125454,0.8842222222222063
2022-12-14,139.14241212321707,132553,0.4080888888888978
2022-12-15,139.1510777737348,127923,-1.270977777777773
2022-12-16,139.15960455617164,115688,0.4118666666666684
2022-12-19,139.16799232484385,109064,-0.09208888888889533
2022-12-20,139.17624093406778,167486,5.035377777777796
2022-12-21,139.18435023815968,119698,4.375911111111094
2022-12-22,139.19232009143593,112177,4.385933333333355
2022-12-23,139.20015034821282,113797,3.591688888888882
2022-12-27,139.2078408628066,93517,2.434644444444416
2022-12-28,139.2153914895336,104030,1.6394666666666637
2022-12-29,139.22280208271013,95225,2.40011111111113
2022-12-30,139.23007249665253,109722,3.8480888888888956
2023-01-02,139.237202585677,41305,4.687688888888886
2023-01-03,139.2441922041,133756,5.567488888888903
2023-01-04,139.25104120623774,139886,2.9536666666666633
2023-01-05,139.25774944640654,134644,3.112177777777788
2023-01-06,139.26431677892265,126309,2.8065999999999747
2023-01-09,139.27074305810248,124753,1.7721777777777845
2023-01-10,139.27702813826227,124009,1.2563333333333446
2023-01-11,139.28317187371835,109008,0.5975999999999999
2023-01-12,139.28917411878697,142728,2.6469777777778063
2023-01-13,139.29503472778453,132610,4.361355555555548
2023-01-16,139.3007535550273,95914,3.7064222222222156
2023-01-17,139.30633045483148,118911,4.363244444444433
2023-01-18,139.31176528151357,156658,3.3583111111111066
2023-01-19,139.3170578893898,122052,3.277355555555573
2023-01-20,139.32220813277635,112691,1.6006666666666831
2023-01-23,139.32721586598961,112428,0.14284444444442101
2023-01-24,139.33208094334594,94622,0.3801111111111197
2023-01-25,139.33680321916162,103387,0.5793333333333521
2023-01-26,139.3413825477529,105231,0.1210444444444363
2023-01-27,139.34581878343616,101466,0.794111111111107
2023-01-30,139.35011178052764,110529,0.2691111111111013
2023-01-31,139.35426139334368,101429,0.4586444444444737
2023-02-01,139.35826747620055,108190,0.004577777777768688
2023-02-02,139.36212988341467,122814,1.2469555555555587
2023-02-03,139.36584846930216,108976,0.03231111111111318
2023-02-06,139.3694230881795,111688,-0.6003999999999792
2023-02-07,139.37285359436288,119735,0.9783111111111111
2023-02-08,139.3761398421686,103291,0.7091999999999814
2023-02-09,139.3792816859131,110846,0.25168888888890706
2023-02-10,139.38227897991257,123816,1.0722000000000094
2023-02-13,139.38513157848334,99559,-0.6581555555555667
2023-02-14,139.3878393359417,126148,-1.5785777777778094
2023-02-15,139.39040210660391,105027,-2.095888888888908
2023-02-16,139.39281974478644,107976,-1.7063555555555752
2023-02-17,139.39509210480543,100887,-2.258555555555546
2023-02-20,139.39721904097726,77124,-2.286422222222228
2023-02-21,139.39920040761822,100706,-2.6327777777777612
2023-02-22,139.40103605904469,102598,-1.903266666666667
2023-02-23,139.4027258495728,87672,-1.4386444444444635
2023-02-24,139.404269633519,117432,-2.601866666666666
