Time,Close,Volume,diferencia_media_5
2018-05-07,0.5418107150326854,0.5900500060462502,0.4932993230648474
2018-05-08,0.5414202310337508,0.7815703178904988,0.4895124104777779
2018-05-09,0.54101833619705,0.7700326497513924,0.4858628470518992
2018-05-10,0.5406050148250046,1.0,0.5038163445501823
2018-05-11,0.5401802512200415,0.7115013906375592,0.4826253311095864
2018-05-14,0.5397440296845826,0.5569058847798097,0.466575100559209
2018-05-15,0.5392963345210546,0.7497919378587737,0.5059746885117234
2018-05-16,0.5388371500318776,0.8557364688475847,0.5118610811341129
2018-05-17,0.5383664605194785,0.8255941330032792,0.4872755812812693
2018-05-18,0.5378842502862806,0.5391370222573142,0.516177769057195
2018-05-21,0.5373905036347111,0.5825135329307242,0.5329343667222598
2018-05-22,0.5368852048671897,0.5941294466614029,0.5150593544589419
2018-05-23,0.53636833828614,0.7786183251175461,0.5685666633964487
2018-05-24,0.5358398881939905,0.8285639088652255,0.5113313057980957
2018-05-25,0.5352998388931649,0.8105887625104031,0.5595801039929373
2018-05-28,0.5347481746860847,0.6036398426552285,0.5242421269498675
2018-05-29,0.5341848798751752,0.9755944886650592,0.543627979986267
2018-05-30,0.5336099387628579,0.9041918297375927,0.5026586873344454
2018-05-31,0.5330233356515635,0.8788295882147913,0.4746002158343977
2018-06-01,0.5324250548437082,0.8433345425833849,0.42978514666928097
2018-06-04,0.5318150806417261,0.7031860182241095,0.46714411851270327
2018-06-05,0.5311933973480283,0.7714588534886864,0.4123221818895334
2018-06-06,0.5305599892650523,0.7365328667050781,0.4211517708231143
2018-06-07,0.5299148406952092,0.8128934508439853,0.44124399097419886
2018-06-08,0.5292579359409348,0.7208801917728317,0.46257235357598336
2018-06-11,0.5285892593046455,0.5474559512885626,0.5010693613264007
2018-06-12,0.5279087950887718,0.6984237069915993,0.5072696948886511
2018-06-13,0.5272165275957335,0.6600762538856049,0.49477092122044314
2018-06-14,0.5265124411279576,0.8542960386390958,0.5788482291768856
2018-06-15,0.5257965199878587,0.7396128977187854,0.5322279996075747
2018-06-18,0.5250687484778744,0.5512544190976149,0.5401157657215747
2018-06-19,0.5243291109004229,0.7920979065747636,0.5723339546747763
2018-06-20,0.5235775915579275,0.704701137406372,0.5344452074953392
2018-06-21,0.5228141747528117,0.9417674967812608,0.4618267438438146
2018-06-22,0.5220388447875024,0.7830463142769751,0.43777101932699036
2018-06-25,0.5212515859644213,0.7159080400901958,0.42699892082802005
2018-06-26,0.520452382585999,0.7501262599318552,0.4934955361522616
2018-06-27,0.51964121895465,0.8466244140472177,0.5889532031786524
2018-06-28,0.5188180793728048,0.8557471387009808,0.5923869322083772
2018-06-29,0.5179829481428833,0.9241302291173186,0.45525360541548193
2018-07-02,0.5171358095673142,0.5943001643157423,0.4901795349749814
2018-07-03,0.5162766479485192,0.5747565495116763,0.43523987049936047
2018-07-04,0.51540544758892,0.4221242966788303,0.4232316295496902
2018-07-05,0.5145221927909454,0.7015748703612812,0.4589031688413606
2018-07-06,0.5136268678570186,0.5002311801569179,0.41234180319827307
2018-07-09,0.5127194570895615,0.6597703847549135,0.45902089669380963
2018-07-10,0.5117999447910027,0.5452117254575588,0.46157166683017914
2018-07-11,0.5108683152637585,0.6530768300576884,0.5222996173844803
2018-07-12,0.5099245528102596,0.520642609703876,0.5192583145295774
2018-07-13,0.5089686417329276,0.5296586358236771,0.4784067497302047
2018-07-16,0.5080005663341893,0.4187953024192114,0.47552241734523665
2018-07-17,0.5070203109164648,0.5874394485819765,0.5629353477876968
2018-07-18,0.5060278597821792,0.5097593592397374,0.5823604434415757
2018-07-19,0.5050231972337631,0.64844967030153,0.5983518100657319
2018-07-20,0.504006307573631,0.6327329762489063,0.4639262238791345
2018-07-23,0.5029771751042116,0.38676795914157475,0.46681055626410256
2018-07-24,0.5019357841279266,0.42574137698014697,0.42943196311194065
2018-07-25,0.5008821189472048,0.45371417596722224,0.4061414696360248
2018-07-26,0.49981616386447136,0.4126850330409794,0.5056607475718624
2018-07-27,0.4987379031821426,0.3222686953614591,0.5072304522711653
2018-07-30,0.4976473212026491,0.32658642936912713,0.483488668694202
2018-07-31,0.49654440222841245,0.3806790294701351,0.48855096634945516
2018-08-01,0.4954291305618561,0.3640553978788332,0.47442362405572314
2018-08-02,0.49430149050540884,0.445637096946288,0.5620720102030813
2018-08-03,0.49316146636148694,0.3803624904860474,0.556676150299223
2018-08-06,0.4920090424325192,0.23279841801640316,0.5774943588737367
2018-08-07,0.4908442030209308,0.2450118435372698,0.5461198861964109
2018-08-08,0.48966694517632625,0.31054252647901953,0.5524771902285875
2018-08-09,0.4884773169370238,0.31205408904348325,0.5728637300107934
2018-08-10,0.487275379088528,0.7295298862593628,0.5794172471303842
2018-08-13,0.4860611924163383,0.6037892206027755,0.549828313548513
2018-08-14,0.4848348177059627,0.5221826252107296,0.5526145393897762
2018-08-15,0.48359631574289885,0.5349046470768158,0.5374472677327584
2018-08-16,0.4823457473126478,0.5438317577516485,0.5014029235750035
2018-08-17,0.4810831732007159,0.472105446604497,0.459079760620033
2018-08-20,0.4798086541925972,0.33297055831786204,0.42123025605807957
2018-08-21,0.47852225107379986,0.4581777313046385,0.35078975767683573
2018-08-22,0.47722402462983027,0.45177226264911124,0.38396939075836445
2018-08-23,0.47591403564617707,0.4254319512316567,0.5009516334739517
2018-08-24,0.47459234490835556,0.4416181188337139,0.486922397723929
2018-08-27,0.4732590132018615,0.1963715385217274,0.4623368978710876
2018-08-28,0.4719141013121959,0.23852101605457277,0.4783086431864998
2018-08-29,0.4705576700248617,0.3349729341385516,0.3466496615324237
2018-08-30,0.4691897801253635,0.2858347026311859,0.4013931129206326
2018-08-31,0.4678104923992059,0.3351329819394948,0.47573825174139056
2018-09-03,0.4664198729025024,0.17150722349074926,0.5551653095261457
2018-09-04,0.4650180087738658,0.25182987985745076,0.5697635632296671
2018-09-05,0.4636049924225176,0.33627109963509105,0.49437849504562126
2018-09-06,0.46218091625768665,0.2968957839852614,0.4576474050819188
2018-09-07,0.46074587268860157,0.3607726396505979,0.4592563523987054
2018-09-10,0.4592999541244822,0.22581677727748023,0.3812812714608062
2018-09-11,0.4578432529745591,0.2803290582787393,0.4116354360835858
2018-09-12,0.4563758616480573,0.2654944054402026,0.4233689787108788
2018-09-13,0.4548978725542039,0.27564143602000246,0.40160894731678654
2018-09-14,0.45340937959258554,0.23095964661445556,0.4678308643186486
2018-09-17,0.4519104826242568,0.22077349323886958,0.4061610909447667
2018-09-18,0.45040128300062143,0.28155253480150516,0.43955655842244706
2018-09-19,0.44888188207309376,0.27892775086603644,0.46115961934661104
2018-09-20,0.4473523811930846,0.3126516008336712,0.37107819091533456
2018-09-21,0.4458128817120084,0.3339877510083012,0.5564406945943272
2018-09-24,0.4442634849812759,0.2678204334805773,0.5154321593250263
2018-09-25,0.4427042923522908,0.3017505672805389,0.45847150004905285
2018-09-26,0.4411354051764729,0.29175291464828607,0.47770038261551967
2018-09-27,0.4395569248052311,0.32679982643705147,0.5261650152065129
2018-09-28,0.43796895258997814,0.28988924692174733,0.5649367212793096
2018-10-01,0.43637158988211944,0.2753391235071097,0.5384871970960485
2018-10-02,0.4347649380330765,0.34298243742130985,0.558952222113213
2018-10-03,0.4331490983942512,0.4255991122681974,0.553163936034533
2018-10-04,0.431524172317058,0.3806363500565502,0.461885607770038
2018-10-05,0.42989026115291296,0.38756819814629084,0.38587265770626794
2018-10-08,0.42824746625322163,0.31235284493857723,0.4180123614245065
2018-10-09,0.4265958889693948,0.3862380230895628,0.39962719513391776
2018-10-10,0.4249356306528451,0.3527738062212359,0.40463062886294543
2018-10-11,0.4232667926549869,0.5311524152991471,0.4027666045325212
2018-10-12,0.421589476327231,0.43668864656466294,0.4906112037672914
2018-10-15,0.4199037830209882,0.3870418187120776,0.5033061905229093
2018-10-16,0.41820981408766755,0.3983518633120648,0.4777788678504849
2018-10-17,0.4165076708786817,0.3544347467332466,0.5329932306484831
2018-10-18,0.4147974547454414,0.33096106926157504,0.5858922790150097
2018-10-19,0.41307926703936104,0.33821656957100077,0.52108309624252
2018-10-22,0.41135320911184614,0.34587752430948265,0.5825958991464715
2018-10-23,0.4096193823143146,0.45082975893244565,0.52502697929952
2018-10-24,0.4078778879981737,0.4395837334528357,0.5816736976356325
2018-10-25,0.40612882751483426,0.4280104991357419,0.6027469832237794
2018-10-26,0.40437230221571063,0.5210409508973346,0.5461395075051506
2018-10-29,0.40260841345221543,0.3292218831579921,0.5470028450897684
2018-10-30,0.40083726257575414,0.3556617798738112,0.5774943588737367
2018-10-31,0.3990589509377429,0.32073579309020295,0.49647797508093894
2018-11-01,0.39727357988959255,0.4235184908559357,0.3044834690473858
2018-11-02,0.3954812507827121,0.3415704601552108,0.3619542823506323
2018-11-05,0.3936820649685142,0.2538856049451214,0.33595604826841863
2018-11-06,0.39187612379840964,0.3223256012462389,0.3536152261355848
2018-11-07,0.390063528623811,0.42722804322001956,0.4023349357402113
2018-11-08,0.3882443807961309,0.4022748127440729,0.4803100166781126
2018-11-09,0.38641878166677657,0.3790536551361118,0.5681938585303643
2018-11-12,0.3845868325871642,0.39503709552364086,0.6502305503777103
2018-11-13,0.38274863490869926,0.47234373999701246,0.5073285588148702
2018-11-14,0.3809042899827979,0.5867601345824175,0.45941332286863584
2018-11-15,0.37905389916087273,0.6763122141368444,0.6173059943098191
2018-11-16,0.37719756379432745,0.43058193380422954,0.5353281663886966
2018-11-19,0.37533538523458176,0.2747167153923305,0.509447660158932
2018-11-20,0.37346746483304294,0.31066700810197534,0.5375453742764655
2018-11-21,0.37159390394112535,0.2827119922038938,0.5049936230746589
2018-11-22,0.3697148039102327,0.2785294096725778,0.42872559599725335
2018-11-23,0.3678302660917865,0.30001849441255346,0.49449622289806805
2018-11-26,0.3659403918371886,0.2939971404792898,0.4829392720494452
2018-11-27,0.36404528249785884,0.45773315407979626,0.539370155989406
2018-11-28,0.36214503942520615,0.37271931883655923,0.4679485921710976
2018-11-29,0.36023976397063784,0.372395666616874,0.48876680074561124
2018-11-30,0.3583295574855683,0.37663159841517113,0.5084469734131277
2018-12-03,0.3564145213214083,0.3471507934814309,0.5214166584911206
2018-12-04,0.3544947568295669,0.46293292930155144,0.524497203963503
2018-12-05,0.3525703653614638,0.29560473172431945,0.48941430393407076
2018-12-06,0.3506414482685045,0.47499697687487114,0.4391837535563627
2018-12-07,0.3487081069020963,0.3944466969690503,0.48460708329245517
2018-12-10,0.3467704426136571,0.516879708072811,0.6229961738447944
2018-12-11,0.3448285567545959,0.43107274706045545,0.6489551653095266
2018-12-12,0.34288255067632356,0.5882290177332963,0.4929265181987652
2018-12-13,0.3409325257302491,0.3664774545997738,0.43649563425880444
2018-12-14,0.3389785832677905,0.39672648897804147,0.478681448052582
2018-12-17,0.337020824640355,0.38465888478692306,0.46080643578926633
2018-12-18,0.33505935119935515,0.3778337352311446,0.4654174433434699
2018-12-19,0.33309426429620004,0.4787634351237347,0.4912390856470134
2018-12-20,0.3311256652822987,0.5118115277096092,0.44430491513783926
2018-12-21,0.32915365550907083,0.512046264484326,0.47615029922495866
2018-12-24,0.3271783363279219,0.3129468001109665,0.4331011478465612
2018-12-26,0.3251998090902628,0.18936144484041456,0.49347591484352193
2018-12-27,0.3232181751475114,0.6132676070364126,0.49047385460610277
2018-12-28,0.3212335358510714,0.28349800473741493,0.4469930344353953
2018-12-31,0.3192459925523554,0.23312207023608833,0.42413420975179167
2019-01-02,0.3172556466027814,0.39228071672961884,0.5342097517904456
2019-01-03,0.3152625993537512,0.4671332949218611,0.5079368193858524
2019-01-04,0.3132669521566811,0.4003471258971569,0.4375748062395761
2019-01-07,0.3112688063629836,0.2524487313544312,0.40494456980280424
2019-01-08,0.30926826332406776,0.24883165105311456,0.45894241145884435
2019-01-09,0.3072654243913462,0.40746747473023054,0.4209359364269604
2019-01-10,0.3052603909162297,0.33445366793993586,0.4803100166781104
2019-01-11,0.3032532642501291,0.3735124446056778,0.41869910723045406
2019-01-14,0.301244145744457,0.3218952504925916,0.4051015402727347
2019-01-15,0.29923313675062424,0.5026852464380472,0.4422839203374868
2019-01-16,0.2972203386200434,0.3596060690126118,0.44114588443049174
2019-01-17,0.2952058527041235,0.4617770285169615,0.38243892867654095
2019-01-18,0.2931897803542771,0.28051755902207237,0.5003826155204532
2019-01-21,0.29117222292191336,0.19621860395638163,0.48688315510644525
2019-01-22,0.28915328175844657,0.27097515346805806,0.44157755322279957
2019-01-23,0.28713305821528934,0.31140322798631415,0.3692730305111359
2019-01-24,0.28511165364384894,0.35063272230639553,0.3897380555283027
2019-01-25,0.2830891693955415,0.3905522004794321,0.32084764053762205
2019-01-28,0.28106570682177434,0.2474659098183991,0.4144609045423327
2019-01-29,0.2790413672739547,0.449901481686975,0.5238300794663016
2019-01-30,0.27701625210350755,0.3333119936265409,0.4853330717158821
2019-01-31,0.2749904626618278,0.29180270729746843,0.49861669773373823
2019-02-01,0.2729641003003387,0.26490045026781334,0.5036397527715077
2019-02-04,0.270937266370451,0.2214670337096235,0.5246345531246915
2019-02-05,0.2689100622235685,0.1869820675330588,0.5870891788482282
2019-02-06,0.26688258921111085,0.21907342993107276,0.5720592563523991
2019-02-07,0.2648549486844818,0.2568091447756841,0.518512704797413
2019-02-08,0.262827241995101,0.16892156235106665,0.5007946630040212
2019-02-11,0.2607995704943704,0.22384285439918056,0.5452565486117911
2019-02-12,0.258772035533708,0.20141837917813676,0.5008142843127631
2019-02-13,0.2567447384645263,0.25917073899404625,0.5327381536348499
2019-02-14,0.25471778063822725,0.27851873981918157,0.547964289218091
2019-02-15,0.2526912634062324,0.2493046812203467,0.45054449131757124
2019-02-18,0.2506652881199507,0.2195357902449087,0.428980673010891
2019-02-19,0.24863995613079304,0.2455239965002881,0.32381045815755755
2019-02-20,0.24661536879016843,0.2997410782242519,0.3772196605513594
2019-02-21,0.2445916274494877,0.3255621234430906,0.43745707838712716
2019-02-22,0.242568833460167,0.2686953614590669,0.4513097223584819
2019-02-25,0.2405470881736136,0.2643171649488203,0.4452467379574201
2019-02-26,0.23852649294124362,0.4225937702282638,0.33038359658589456
2019-02-27,0.2365071491144608,0.3845699693419546,0.3241440204061604
2019-02-28,0.2344891580446813,0.3163931627579437,0.41463749632100505
2019-03-01,0.23247262108331768,0.30279621291336795,0.4970469930344332
2019-03-04,0.230457639581779,0.18633831971148718,0.5401550083390563
2019-03-05,0.2284443148914761,0.21674740189069802,0.5285195722554704
2019-03-06,0.2264327483638251,0.1899909661907912,0.5099381928774653
2019-03-07,0.22442304135022795,0.2001913460375721,0.5616599627195131
2019-03-08,0.22241529520210612,0.22733900969534016,0.5875993328755034
2019-03-11,0.22040961127086334,0.24904504812103884,0.4501520651427472
2019-03-12,0.2184060909079193,0.3277281036825221,0.5064848425389964
2019-03-13,0.21640483546467415,0.25434796525895736,0.27805356617286436
2019-03-14,0.2144059462925494,0.26297276342089726,0.4045325223192383
2019-03-15,0.2124095247429505,0.20911134347680732,0.407985872657705
2019-03-18,0.21041567216729007,0.17808696641841476,0.4668890414990678
2019-03-19,0.20842448991698426,0.18032407901382103,0.4940449327970184
2019-03-20,0.206436079343435,0.25333077256851827,0.537368782497791
2019-03-21,0.20445054179806377,0.2895762645554584,0.5939762582164219
2019-03-22,0.2024679786322725,0.2951245883214898,0.47389384871970824
2019-03-25,0.20048849119747914,0.23003848260458237,0.4761895418424402
2019-03-26,0.19851218084509448,0.24619619726424963,0.4577455116256237
2019-03-27,0.1965391489265258,0.29745772959746203,0.4759540861375445
2019-03-28,0.19456949679318747,0.28423066800395497,0.6069851859119006
2019-03-29,0.1926033257964903,0.2669917415334713,0.5807711174335332
2019-04-01,0.1906407372878487,0.21805268062283495,0.48862945158442045
2019-04-02,0.18868183261866633,0.26671788196296853,0.4460315903070748
2019-04-03,0.18672671314036293,0.23493950193124347,0.4176591778671618
2019-04-04,0.18477548020434575,0.22072725720748598,0.5053468066320014
2019-04-05,0.18282823516202562,0.18178584892910238,0.5462179927401158
2019-04-08,0.1808850793648169,0.1612214848167986,0.510173648582361
2019-04-09,0.17894611416413042,0.16786880348264016,0.5036201314627681
2019-04-10,0.1770114409113699,0.18826956317620197,0.45588148729520395
2019-04-11,0.17508116095795856,0.1499114402168114,0.4853330717158821
2019-04-12,0.1731553764572773,0.1491254276832903,0.474443245364465
2019-04-15,0.17123419277062446,0.12319412731269073,0.45429216128715705
2019-04-16,0.16931771606127732,0.15648406990887948,0.5037574806239568
2019-04-17,0.16740605249250962,0.14405013408449102,0.5027567938781503
2019-04-18,0.1654993082275915,0.2130093965842243,0.5438045717649371
2019-04-19,0.1635975894298003,0.2957576662896652,0.5228882566467186
2019-04-22,0.1617010022624097,0.03352823598870418,0.5083292455606787
2019-04-23,0.15980965288869164,0.16890022264427423,0.5281860100068675
2019-04-24,0.157923647471927,0.19590917820789144,0.5378593152163265
2019-04-25,0.15604309217538948,0.17242127426502496,0.5225939370155994
2019-04-26,0.15416809316234747,0.19532233627109963,0.491690375748063
2019-04-29,0.15229875659607828,0.1171443204370372,0.4659079760620011
2019-04-30,0.1504351886398556,0.18207037835300144,0.38214460904542397
2019-05-01,0.1485774954569532,0.1264021965671525,0.3991955263416056
2019-05-02,0.14672578321065366,0.17203004630716373,0.4412243696654548
2019-05-03,0.14488015806421828,0.18659439619299634,0.35216324928872655
2019-05-06,0.1430407261809279,0.16292154812459547,0.46365152555675504
2019-05-07,0.14120759372405978,0.17357361843181612,0.49163151182183745
2019-05-08,0.13938086685688056,0.20872367213674486,0.5488472481114485
2019-05-09,0.13756065174267285,0.19473905095210658,0.5461198861964087
2019-05-10,0.13574705454470504,0.185200202015891,0.5128813891886611
2019-05-13,0.1339401814262562,0.1528136403405817,0.5302658687334434
2019-05-14,0.13214013855059648,0.14105546189795354,0.5497890709310316
2019-05-15,0.1303470320810014,0.16277928341264591,0.5793191405866771
2019-05-16,0.12856096818074647,0.12014610585917217,0.5836946924359872
2019-05-17,0.1267820530131072,0.1464579643342367,0.6042382026881191
2019-05-20,0.12501039274135728,0.09639501219919906,0.5539095457667017
2019-05-21,0.1232460935287687,0.18170049010193268,0.5300107917198101
2019-05-22,0.12148926153861517,0.15986641343547942,0.5389384871970959
2019-05-23,0.11974000293417753,0.1785102039364646,0.5146669282841156
2019-05-24,0.11799842387872062,0.1775499171308053,0.46074757186304294
2019-05-27,0.1162646305355235,0.11631562848993122,0.4849014029235743
2019-05-28,0.11453872906786522,0.18456001081211815,0.5000686745805921
2019-05-29,0.11282082563901419,0.16604425855188754,0.5191405866771306
2019-05-30,0.11111102641224413,0.1240512722021866,0.5260472873540661
2019-05-31,0.1094094375508341,0.17958785912948222,0.48935544000784736
2019-06-03,0.10771616521805605,0.18092159080400905,0.453899735112333
2019-06-04,0.1060313155771837,0.2157551055248501,0.42764642401648173
2019-06-05,0.10435499731316611,0.20958437364403948,0.45645050524870034
2019-06-06,0.10268732919765,0.22728210381056035,0.46243500441479474
2019-06-07,0.10102843252394678,0.20023402545115698,0.4385362503678988
2019-06-10,0.09937842858537849,0.18472361523086006,0.4934170509172964
2019-06-11,0.09773743867526719,0.23123706280275713,0.46204257823996847
2019-06-12,0.09610558408692249,0.2345233776487911,0.49700775041695167
2019-06-13,0.09448298611366823,0.1897846823584644,0.5079171980771107
2019-06-14,0.09286976604882291,0.20319668807750585,0.5609535956048259
2019-06-17,0.09126604518570325,0.118478052111564,0.5872853919356402
2019-06-18,0.0896719448176242,0.21727022470711255,0.5308741293044236
2019-06-19,0.08808758623790958,0.20992580895271834,0.4376925340920251
2019-06-20,0.08651309073987434,0.2782164273062888,0.38442068085941405
2019-06-21,0.08494857961683522,0.23984052125790462,0.37307956440694734
2019-06-24,0.08339417416211425,0.15674370300818735,0.4201707053860476
2019-06-25,0.08184999566902285,0.19030750517487893,0.4957716079662517
2019-06-26,0.08031616543088838,0.24412268908758528,0.507034239183751
2019-06-27,0.07879280474102224,0.2148695076929643,0.5155498871774753
2019-06-28,0.07728003489274116,0.19164479346720442,0.48050622976552465
2019-07-01,0.07577797717937429,0.19004431545777228,0.5178259589914653
2019-07-02,0.07428675289422593,0.1712226940668502,0.5425880506229769
2019-07-03,0.07280648333062167,0.13653855729355613,0.5407240262925549
2019-07-04,0.07133728978187648,0.08152479318267501,0.5174727754341228
2019-07-05,0.06987929354131062,0.1423785237190841,0.5396448543117811
2019-07-08,0.06843261590223904,0.0928348377826622,0.5190032375159419
2019-07-09,0.06699737815798557,0.11382955264861329,0.5485136858628479
2019-07-10,0.06557370160186515,0.18780720286236602,0.4912979495732346
2019-07-11,0.0641617075271963,0.1842505850636279,0.46037476699695856
2019-07-12,0.06276151722729217,0.17420313978219276,0.42164230354164767
2019-07-15,0.061373251995478384,0.0951679790586344,0.48109486902776294
2019-07-16,0.059997033125069876,0.14484681647140835,0.5784558030020593
2019-07-17,0.05863298190938515,0.13377862188173534,0.5387815167271677
2019-07-18,0.05728121964174271,0.16768385935710578,0.4302560580790747
2019-07-19,0.05594186761545572,0.13091198793595243,0.45709800843716203
2019-07-22,0.054615047123848015,0.1011964462274955,0.47832826449524163
2019-07-23,0.05330087946023454,0.13384975423771012,0.5201608947316788
2019-07-24,0.05199948591793735,0.12248280375294311,0.48682429118022186
2019-07-25,0.050710987790273165,0.16048526493245985,0.49749828313548505
2019-07-26,0.049435506370562265,0.10500202727214529,0.5430000981065428
2019-07-29,0.04817316295211249,0.11959838671816649,0.6552732267242238
2019-07-30,0.046924078828251226,0.18654460354381397,0.665515549887177
2019-07-31,0.04568837529229164,0.22872964725464673,0.5905229078779552
2019-08-01,0.044466173637555784,0.26860644601409844,0.5574610026488755
2019-08-02,0.04325759515736216,0.27304510502692364,0.4845089767487502
2019-08-05,0.04206276114502572,0.26568290618353574,0.4885313450407133
2019-08-06,0.04088179289386673,0.25375756670436683,0.4638281173354252
2019-08-07,0.039714811697201924,0.24321219493110835,0.4859020896693807
2019-08-08,0.038561938848351573,0.1770555472567807,0.49459432944177295
2019-08-09,0.0374232956406253,0.16128194731937717,0.5753752575296771
2019-08-12,0.03629900336735403,0.2483515076502849,0.5143726086529965
2019-08-13,0.03518918332184917,0.2673153937531565,0.5077013636809589
2019-08-14,0.034093956797429215,0.2616497015997667,0.4935740213872269
2019-08-15,0.03301344508741266,0.28982878441916876,0.4507210830962436
2019-08-16,0.03194776948511624,0.21836210637132514,0.4215834396154221
2019-08-19,0.030897051283860222,0.140532639081539,0.45252624350044
2019-08-20,0.02986141177696311,0.19159855743582083,0.4289610517021491
2019-08-21,0.028840972257738073,0.15048761230020702,0.4903365054449119
2019-08-22,0.027835854019507167,0.22132121237987523,0.38983616207200983
2019-08-23,0.026846178355592443,0.2317421025301779,0.38975767683704454
2019-08-26,0.025872066559301743,0.2948685118399807,0.4724811144903381
2019-08-27,0.02491363992396245,0.20257783658052542,0.4273913470028441
2019-08-28,0.023971019803273208,0.26390104066636794,0.5206514274502122
2019-08-29,0.023044330616802,0.20408584252719036,0.53291474541352
2019-08-30,0.022133708141781838,0.20206212699970838,0.5295006376925327
2019-09-02,0.021239290979776726,0.17170995070527734,0.5966447562052382
2019-09-03,0.020361217732332904,0.2586656992666254,0.5350730893750612
2019-09-04,0.019499627001009046,0.23788793808639735,0.3767879917590494
2019-09-05,0.018654657387365603,0.24993064595292463,0.3326008044736591
2019-09-06,0.017826447492954145,0.18929386910223855,0.40158932600804464
2019-09-09,0.017015135919333346,0.1518426836815262,0.3974884724811163
2019-09-10,0.016220861268056552,0.13837021545990624,0.4381634455018144
2019-09-11,0.015443762140684214,0.12549881564627302,0.4814676738938473
2019-09-12,0.0146839771387679,0.20743261987580291,0.4789953889924452
2019-09-13,0.013941644863860958,0.16354751285717334,0.3566369076817415
2019-09-16,0.01321690391752739,0.14180590825348727,0.4412832335916804
2019-09-17,0.01250989290132054,0.13459308735764636,0.3994702246639851
2019-09-18,0.011820750416793757,0.15122738880234454,0.4568429314235266
2019-09-19,0.011149615065503937,0.16302469004075887,0.44200922201510734
2019-09-20,0.010496625449007979,0.16853033439320547,0.4889630138330233
2019-09-23,0.009861920168862781,0.1275580973517424,0.5246737957421753
2019-09-24,0.009245637826625241,0.1377193544027372,0.464259786127733
2019-09-25,0.00864791702384693,0.1434419524409068,0.5827136269989204
2019-09-26,0.00806889636208652,0.1348847300171429,0.5700578828607863
2019-09-27,0.007508714442895581,0.12722377527866102,0.5665260472873543
2019-09-30,0.006967509867839894,0.11832867416401698,0.5337192190719144
2019-10-01,0.006445421238469251,0.1646216114323923,0.489178848229175
2019-10-02,0.005942587156340551,0.15321553815183914,0.48456784067497144
2019-10-03,0.005459146223010691,0.19420911490009463,0.45607770038261597
2019-10-04,0.004995237040031242,0.1417063229551226,0.45951142941234296
2019-10-07,0.004550998208966206,0.09585084967599213,0.5020111841459816
2019-10-08,0.0041265683313636,0.17538749350917254,0.5532620425782379
2019-10-09,0.003722086008785652,0.149957676248195,0.5503777101932699
2019-10-10,0.003337689842785707,0.2634137840279408,0.3393897772981457
2019-10-11,0.0029735184349206634,0.33160481708314665,0.19882272147552338
2019-10-14,0.00262971038674209,0.20877702140372595,0.3044834690473858
2019-10-15,0.0023064042998122147,0.3220375152045411,0.23702540959482155
2019-10-16,0.0020037387756843827,0.3348840186935832,0.3164917099970561
2019-10-17,0.001721852415913716,0.3416309226577894,0.34270577847542366
2019-10-18,0.001460883822057113,0.2385067895833778,0.33501422544883563
2019-10-21,0.0012209715956696954,0.21297738702403562,0.4074757186304319
2019-10-22,0.0010022543383119142,0.24170774560224212,0.5100559207299142
2019-10-23,0.0008048706515371151,0.22849135386213126,0.4875502796036488
2019-10-24,0.0006289436397732828,0.1908232147556959,0.5394093986068875
2019-10-25,0.00047453441896117,0.1302184474651985,0.5347002845089768
2019-10-28,0.0003416886079090631,0.11787698370357726,0.49053271853232616
2019-10-29,0.00023045182542880127,0.1644651202492478,0.4768174237221622
2019-10-30,0.00014086969032867103,0.15670813683019996,0.4423427842637102
2019-10-31,7.298782142761695e-05,0.18330096811136481,0.41769842048464767
2019-11-01,2.685183753037279e-05,0.15591145444328264,0.442676346512313
2019-11-04,2.507357450554082e-06,0.11094513561383666,0.503522024919061
2019-11-05,0.0,0.158120114096299,0.5059943098204652
2019-11-06,1.9375383983444294e-05,0.10701507294623104,0.5238300794662972
2019-11-07,6.067912821983157e-05,0.17613793986470627,0.5395467477680761
2019-11-08,0.000123956851521001,0.12098191104187563,0.5422741096831158
2019-11-11,0.00020925417269168634,0.0999374035267422,0.465633277739626
2019-11-12,0.0003166108016063873,0.14004538244311188,0.465633277739626
2019-11-13,0.0004460428123778115,0.13080173278419155,0.4582360443441571
2019-11-14,0.0005975603701706689,0.11825754180804222,0.4414402040616109
2019-11-15,0.0007711736401603275,0.08717981548266861,0.4452467379574223
2019-11-18,0.0009668927875150501,0.11488586813483849,0.4163249288727547
2019-11-19,0.0011847279774102049,0.12538856049451214,0.45721573628961104
2019-11-20,0.0014246893750105016,0.1207365044137627,0.47505150593544515
2019-11-21,0.0016867847196184726,0.11682778145294952,0.49561463749632123
2019-11-22,0.0019710120470417536,0.12511114430621056,0.5578926714411855
2019-11-25,0.002277366967234684,0.10268666908516678,0.47989796919454447
2019-11-26,0.0026058450901285113,0.10969676276647959,0.5006769351515744
2019-11-27,0.0029564420256704693,0.12789597604262248,0.45097616010987907
2019-11-28,0.003329153383800687,0.10976789512245434,0.45331109585009255
2019-11-29,0.0037239747744663987,0.10789000092472063,0.45166290591582664
2019-12-02,0.00414090180760418,0.11192320550848965,0.4511723731972911
2019-12-03,0.004579930093161266,0.11722256602860943,0.42668497988815685
2019-12-04,0.005041055241077785,0.1472297503965629,0.3551064455999202
2019-12-05,0.005524272861297419,0.10990304659880641,0.3496124791523614
2019-12-06,0.006029578563763849,0.10800381269428024,0.41104679682134754
2019-12-09,0.006556967958415427,0.10399906105290115,0.4456195428235067
2019-12-10,0.007106436655197612,0.1164721196730757,0.464691454920043
2019-12-11,0.007677980264050532,0.1481544710242348,0.444030216815462
2019-12-12,0.008271594394919646,0.23241430329413942,0.4683998822721494
2019-12-13,0.008887274657748634,0.33204583769019014,0.3496713430785826
2019-12-16,0.009525016662474073,0.1749251331953366,0.3868929657608162
2019-12-17,0.01018481601904142,0.214887290781958,0.5826940056901785
2019-12-18,0.010866668337392582,0.21162231564271644,0.6091239085647
2019-12-19,0.011570569227474792,0.1843537269797913,0.647660158932601
2019-12-20,0.012296514299226402,0.13094399749614105,0.5919748847248112
2019-12-23,0.01304448450938267,0.1415284920651857,0.5711174335328161
2019-12-24,0.013814402201868248,0.0900428928106528,0.5163543608358696
2019-12-26,0.014606175067404692,0.060686569499868406,0.4630040223682912
2019-12-27,0.015419710796699349,0.15041647994423224,0.3921318551947396
2019-12-30,0.016254917080473774,0.14269506270317178,0.38979691945452827
2019-12-31,0.017111701609444196,0.1189653087499911,0.31170411066418235
2020-01-02,0.017989972074326843,0.18572658145010423,0.4607083292455592
2020-01-03,0.01888963616583972,0.2093069574557379,0.5356421073285577
2020-01-06,0.019810601574697273,0.15518590441234004,0.4608849210242338
2020-01-07,0.020752775991621064,0.17666787591671823,0.5095261453938972
2020-01-08,0.02171606710732199,0.21492997019554289,0.5030707348180135
2020-01-09,0.022700382612521608,0.1748717839283555,0.5176886098302766
2020-01-10,0.023705630197930816,0.13704359702097696,0.5218090846659469
2020-01-13,0.02473171755427117,0.13546445871833723,0.5576179731188082
2020-01-14,0.025778552372260677,0.2085245015400155,0.5070931031099766
2020-01-15,0.02684604234260668,0.14076026262065827,0.47724909251447
2020-01-16,0.027934095156041394,0.1397110603700305,0.44067497302070024
2020-01-17,0.029042618503268613,0.1396612677208482,0.49983321887569854
2020-01-20,0.030171520075008118,0.068731638960614,0.5008535269302468
2020-01-21,0.03132070756197969,0.10807494505025501,0.4689885215343855
2020-01-22,0.03249008865489955,0.14734711878392126,0.39790051996468223
2020-01-23,0.03367957104448038,0.10137783373523114,0.4215638183066802
2020-01-24,0.034889062421445516,0.12960670920381556,0.48776611399980485
2020-01-27,0.03611847047650407,0.10045666972535798,0.5108800156970461
2020-01-28,0.037367702900379385,0.08988284500970957,0.5364269596782101
2020-01-29,0.03863666738378413,0.06935760369319192,0.5208280192288823
2020-01-30,0.039925271617438085,0.13438680352531956,0.4432453644658095
2020-01-31,0.041233423292055704,0.13563517637267664,0.3576964583537713
2020-02-03,0.04256103009834966,0.12327592952206169,0.5488668694201904
2020-02-04,0.04390799972704862,0.13715029555493907,0.517649367212793
2020-02-05,0.045274239868858146,0.12539923034790834,0.5442166192485031
2020-02-06,0.0466596582144998,0.0908929244645512,0.5836946924359849
2020-02-07,0.04806416245468803,0.12733758704822062,0.5621504954380465
2020-02-10,0.04948766028014262,0.11119054224194959,0.5178063376827234
2020-02-11,0.05093005938157624,0.11833578739961446,0.4637300107917181
2020-02-12,0.052391267449710455,0.11360548572729277,0.4519376042382039
2020-02-13,0.05387119217525971,0.16046392522566738,0.3916805650936943
2020-02-14,0.05536974124894023,0.10141695653101727,0.41752182870597526
2020-02-17,0.056886822361464695,0.06464152849206518,0.4775041695281076
2020-02-18,0.05842234320355999,0.11835001387080941,0.4922790150103013
2020-02-19,0.059976211465935236,0.12675074511142886,0.5587756303345429
2020-02-20,0.06154833483931199,0.15704245890328133,0.567291278328265
2020-02-21,0.0631386210143976,0.16502350924364967,0.47599332875502814
2020-02-24,0.06474697768192073,0.17243905735401865,0.48672618463651474
2020-02-25,0.06637331253259227,0.22482092429383355,0.4174629647797497
2020-02-26,0.06801753325713022,0.20307931969014748,0.5180025507701356
2020-02-27,0.0696795475462455,0.2637303230120285,0.5288138918865896
2020-02-28,0.0713592630906632,0.32451647781026155,0.569881291082116
2020-03-02,0.07305658758109779,0.34481053896986125,0.5953889924457942
2020-03-03,0.07477142870826192,0.3443837448340127,0.498243892867656
2020-03-04,0.07650369416287717,0.21635617393283685,0.4367114686549605
2020-03-05,0.07825329163566153,0.17875916718237628,0.37198077111743383
2020-03-06,0.08002012881732234,0.344269933064453,0.32443834003727956
2020-03-09,0.08180411339858651,0.5414950598578775,0.3296576081624655
2020-03-10,0.08360515307016847,0.48440778757033215,0.5455901108603939
2020-03-11,0.0854231555227809,0.3397850380202443,0.6280780928087895
2020-03-12,0.08725802844714359,0.43727904511925336,0.8037476699695858
2020-03-13,0.0891096795339692,0.5094179239310584,0.9348964975963888
2020-03-16,0.09097801647398107,0.5389271818071886,0.7697439419209274
2020-03-17,0.09286294695789543,0.5915935781709025,0.8175414500147171
2020-03-18,0.09476437867642495,0.564221847591814,0.9999999999999999
2020-03-19,0.09668221932028764,0.5858318573369469,0.9329343667222597
2020-03-20,0.09861637658019973,0.5379135457345482,0.6501520651427428
2020-03-23,0.10056675814687921,0.5534381824260401,0.6039831256744793
2020-03-24,0.10253327171104232,0.5205857038190962,0.3370548415579322
2020-03-25,0.10451582496340528,0.5134262321902363,0.26347493377808273
2020-03-26,0.1065143255946861,0.5737393568212372,0.0922005297753361
2020-03-27,0.10852868129559923,0.592809941458071,0.0
2020-03-30,0.11055879975686445,0.39345084398540364,0.21161581477484837
2020-03-31,0.11260458866919798,0.45503723778835276,0.3442166192485031
2020-04-01,0.11466595572331606,0.3387251659162203,0.4855292848032963
2020-04-02,0.11674280860993136,0.32877019269755237,0.4936525066221921
2020-04-03,0.11883505501976899,0.29083886387401037,0.5807711174335332
2020-04-06,0.12094260264353629,0.2410888941052617,0.582556656528992
2020-04-07,0.12306535917195838,0.278906411159244,0.46270970273717205
2020-04-08,0.12520323229574792,0.21032770676397577,0.4231923869322086
2020-04-09,0.12735612970561938,0.2746029036227709,0.3568919846953791
2020-04-10,0.1295239590922943,0.017253152941678576,0.40651427450210925
2020-04-13,0.13170662814648537,0.10156633447856427,0.4052585107426674
2020-04-14,0.13390404455891414,0.20120853872801125,0.34303934072402653
2020-04-15,0.1361161160202915,0.20733303457743824,0.4706367114686536
2020-04-16,0.13834275022133724,0.22192939402345946,0.5337780829981357
2020-04-17,0.14058385485277114,0.20363415206675062,0.5069361326400482
2020-04-20,0.1428393376053041,0.1482220467624108,0.5522613558324314
2020-04-21,0.14510910616965944,0.22261226464081718,0.6239183753556355
2020-04-22,0.14739306817534725,0.15821969939466363,0.5474737564995578
2020-04-23,0.14969113100710096,0.22556425741376984,0.5146276856666341
2020-04-24,0.15200320198844786,0.16639992033176132,0.4699107230452267
2020-04-27,0.15432918844291166,0.13748461762802044,0.40461100755420354
2020-04-28,0.15666899769402853,0.16429795921270712,0.43753556362209456
2020-04-29,0.15902253706532576,0.16819245570232533,0.4185421367605214
2020-04-30,0.16138971388032886,0.2390580653421822,0.3466300402236818
2020-05-01,0.16377043546256687,0.16132107011516328,0.4698714804277452
2020-05-04,0.16616460913557063,0.16416992097195254,0.5221230256058079
2020-05-05,0.16857214222286387,0.17600634500615298,0.5316982242715576
2020-05-06,0.170992942047981,0.15635247505032612,0.5973511233199232
2020-05-07,0.17342691593444748,0.19313145970707696,0.5324242126949867
2020-05-08,0.17587397120579773,0.11635119466791859,0.4711664868046707
2020-05-11,0.17833401518554837,0.18114565772532953,0.5218875699009121
2020-05-12,0.1808069551972391,0.224162950001067,0.5598548023153167
2020-05-13,0.18329269856439367,0.2580930838010286,0.5621504954380465
2020-05-14,0.1857911526105429,0.22656366701521524,0.541744334347101
2020-05-15,0.18830222465921587,0.2103028104393846,0.6087511036986156
2020-05-18,0.1908258220339345,0.19786176137939865,0.49015991366624173
2020-05-19,0.19336185205823675,0.19936265409046616,0.4356911606004123
2020-05-20,0.19591022205564457,0.18227666218532823,0.44640439517315916
2020-05-21,0.19847083934969056,0.1637929194852863,0.45919748847247976
2020-05-22,0.20104361126390025,0.15884566412724155,0.5286176787991775
2020-05-25,0.20362844512180622,0.09812708506718452,0.5075051505935447
2020-05-26,0.20622524824693755,0.18546694835079636,0.37425684293142175
2020-05-27,0.20883392796281441,0.2652063193985048,0.45480231531443227
2020-05-28,0.21145439159297297,0.2426680324079014,0.41320514078289083
2020-05-29,0.2140865464609405,0.30944708819700817,0.4253899735112335
2020-06-01,0.21673029989024606,0.2184225688739037,0.34547238300794714
2020-06-02,0.21938555920441516,0.23798041014916455,0.32565486117924203
2020-06-03,0.22205223172698219,0.2671340062454209,0.3645050524870019
2020-06-04,0.2247302247814691,0.2664724753348556,0.39768468556852615
2020-06-05,0.22741944569140848,0.27148019319547884,0.39087609143529994
2020-06-08,0.23011980178032942,0.18492634244538814,0.38145786323947856
2020-06-09,0.2328312003717592,0.21239410170504258,0.41214559011086327
2020-06-10,0.23555354878922508,0.29166755582111636,0.42778377317767036
2020-06-11,0.23828675435625968,0.4104336939743781,0.5702737172569401
2020-06-12,0.24103072439638673,0.4160958295099692,0.6046894927891687
2020-06-15,0.2437853662331424,0.38486161200145114,0.5181595212400638
2020-06-16,0.2465505871900433,0.38364169209648397,0.5210242323162944
2020-06-17,0.24932629459062916,0.302998940127896,0.5004611007554205
2020-06-18,0.2521123957584237,0.31025444043732175,0.5963896791916028
2020-06-19,0.25490879801695776,0.24788203410085147,0.6278622584126357
2020-06-22,0.25771540868975507,0.2112275310670565,0.48429314235259197
2020-06-23,0.26053213510035,0.30361779162487645,0.4242126949867569
2020-06-24,0.26335888457227163,0.2863041761806193,0.4965760816246439
2020-06-25,0.26619556442904013,0.240772355121174,0.49775336014912047
2020-06-26,0.2690420819941952,0.19961161733637783,0.5752379083684884
2020-06-29,0.27189834459125706,0.1806868540292923,0.5798685372314338
2020-06-30,0.2747642566444224,0.19376453767525237,0.45519474148925637
2020-07-01,0.27763971098051776,0.2059388404003329,0.3931717845580297
2020-07-02,0.2805245975270356,0.17594943912137317,0.40935936426959574
2020-07-03,0.2834188062114702,0.14412482305826452,0.4234278426371044
2020-07-06,0.28632222696131215,0.15839041704900308,0.45266359266163086
2020-07-07,0.28923474970406104,0.20833955741448112,0.4304326498577449
2020-07-08,0.2921562643672022,0.19177638832575777,0.39162170116746653
2020-07-09,0.29508666087823165,0.21170767446988614,0.42234867065633275
2020-07-10,0.2980258291646418,0.16959376311502816,0.4333366035514569
2020-07-13,0.3009736591539216,0.1611005598116415,0.5134896497596368
2020-07-14,0.30393004077357233,0.21885647624534976,0.5148827626802717
2020-07-15,0.30689486395107757,0.1974740900393362,0.4771509859707629
2020-07-16,0.3098680186139351,0.1627366039990611,0.5007750416952793
2020-07-17,0.3128493913837609,0.10838437079874523,0.47752379083684726
2020-07-20,0.3158388556586651,0.1692238748639594,0.4057294221524589
2020-07-21,0.3188362815308885,0.24268225887909634,0.3703325811831636
2020-07-22,0.32184153909266655,0.284596999637225,0.39693907583635957
2020-07-23,0.3248544984362365,0.29337473236451067,0.4283920337486483
2020-07-24,0.32787502965383375,0.24789981718984516,0.41997449229863554
2020-07-27,0.33090300283769736,0.27966752736817396,0.37943686843912394
2020-07-28,0.33393828772716816,0.28054245534666356,0.3670754439321111
2020-07-29,0.33698075265003347,0.2735785976967343,0.35577357009712374
2020-07-30,0.34003026558117533,0.3148780435756813,0.32822525262435126
2020-07-31,0.3430866944954776,0.4119416999210431,0.39515353674090065
2020-08-03,0.34614990736783824,0.3266362220183095,0.44165603845776696
2020-08-04,0.3492197721731394,0.2570509947859983,0.4736976356322962
2020-08-05,0.35229615688627014,0.26008478976832194,0.4552732267242216
2020-08-06,0.35537892948211436,0.3443197257136354,0.4367507112724399
2020-08-07,0.3584679579355665,0.31499896858083837,0.5196114980869221
2020-08-10,0.36156311022151044,0.19458611638676088,0.49734131266555237
2020-08-11,0.3646642543148353,0.28710441518533536,0.5177867163739817
2020-08-12,0.3677712581904231,0.292894588961681,0.5171980771117434
2020-08-13,0.3708839898231737,0.22513746327792122,0.46767389384871816
2020-08-14,0.37400231718796384,0.20512793154222064,0.45703914451093863
2020-08-17,0.3771261082596862,0.16908161015200984,0.44379476111056626
2020-08-18,0.3802552310132281,0.23291222978596277,0.34982831354851307
2020-08-19,0.383389553423477,0.2883776843572836,0.499676248405768
2020-08-20,0.3865289434653185,0.33076545528264445,0.4159717453154143
2020-08-21,0.3896732691136453,0.3118193522687665,0.5392916707544407
2020-08-24,0.392822398343343,0.2102281214656111,0.5568527420778954
2020-08-25,0.3959761991292954,0.23593535491489015,0.45366427940743725
2020-08-26,0.39913453944640054,0.21153340019774797,0.41656038457765043
2020-08-27,0.4022972872695352,0.36153731247732657,0.4253311095850101
2020-08-28,0.4054643105735938,0.33628176948848726,0.3276758559795945
2020-08-31,0.4086354773334602,0.24815945028915304,0.37192190719120827
2020-09-01,0.41181065552402174,0.35224387016922387,0.40045129010104963
2020-09-02,0.41498971312017296,0.30362134824267517,0.4598646129696855
2020-09-03,0.4181725180967977,0.34225333077256853,0.5448445011282251
2020-09-04,0.4213589384287779,0.3311353435337132,0.5301481408809966
2020-09-07,0.4245488420910153,0.1376090992509763,0.6048857058765809
2020-09-08,0.4277420970583812,0.32172453283825214,0.7070734818012347
2020-09-09,0.4309385713057754,0.2799378303208781,0.6204061610909433
2020-09-10,0.4341381328080782,0.33567714446270175,0.7139801824781702
2020-09-11,0.43734064954018415,0.26193778764146447,0.6324340233493576
2020-09-14,0.44054598947697876,0.2067426360228477,0.5205925635239866
2020-09-15,0.4437540205933441,0.214819715043782,0.45994309820465074
2020-09-16,0.4469646108641818,0.29902619804670555,0.37655253605415584
2020-09-17,0.4501776282643615,0.35129780983475956,0.40292357500245174
2020-09-18,0.45339294076878645,0.26362362447806637,0.48258608849210266
2020-09-21,0.45661041635233524,0.3015940760973944,0.5748454821936622
2020-09-22,0.45982992298990055,0.30490173065022086,0.6230746590797575
2020-09-23,0.4630513286563662,0.3023445224529282,0.585872657706268
2020-09-24,0.46627450132662496,0.3225496681675594,0.5233787893652497
2020-09-25,0.46949930897555703,0.24704622891814804,0.49043461198861904
2020-09-28,0.4727256195780605,0.2540705490706558,0.40657313842833265
2020-09-29,0.47595330110901557,0.23974093595953994,0.40877072500735745
2020-09-30,0.4791822215433097,0.2883919108284786,0.39309329932306447
2020-10-01,0.48241224885583556,0.3142449656075059,0.43826155204552153
2020-10-02,0.48564325102148054,0.3546374739477746,0.42894143039340726
2020-10-05,0.48887509601512846,0.18685758591010293,0.4116943000098092
2020-10-06,0.49210765181167027,0.2550912983788936,0.5223584813107058
2020-10-07,0.4953407863859933,0.2372619733538195,0.48142843127636575
2020-10-08,0.49857436771298325,0.2026134027585128,0.4747179436868445
2020-10-09,0.5018082637675274,0.1796803311922494,0.38744236240557295
2020-10-12,0.5050423425245185,0.13623624478066337,0.38483272834298
2020-10-13,0.5082764719588457,0.23109124147300886,0.5247915235946242
2020-10-14,0.5115105200453822,0.22730344351735277,0.46771313646620183
2020-10-15,0.5147443547590349,0.25179075706166465,0.567605219268126
2020-10-16,0.5179778440746805,0.253334329186317,0.5349161189051307
2020-10-19,0.52121085596721,0.2206845777939011,0.47279505543019695
2020-10-20,0.5244432584115089,0.21923347773201596,0.477052879427058
2020-10-21,0.5276749193824699,0.2604938008151768,0.3083096242519391
2020-10-22,0.5309057068549716,0.22867985460546442,0.4066516236632979
2020-10-23,0.5341354888039138,0.18953216249475402,0.47163739821446005
2020-10-26,0.537364133204175,0.20708051471372785,0.5053664279407433
2020-10-27,0.540591508030646,0.16079113406315132,0.5016776218973809
2020-10-28,0.5438174812582197,0.27255429177069773,0.5325419405474356
2020-10-29,0.5470419208617727,0.28439427242269694,0.5556558422446791
2020-10-30,0.5502646948162049,0.2726894432470498,0.5176101245953093
2020-11-02,0.5534856710963947,0.19290739278575647,0.5259884234278405
2020-11-03,0.5567047176772331,0.16880419396370827,0.3870695575394886
2020-11-04,0.559921702533611,0.5155530896338817,0.4642990287452167
2020-11-05,0.563136493640414,0.3628674875340546,0.34551162562542864
2020-11-06,0.5663489589725277,0.32965579052943816,0.3862454625723523
2020-11-09,0.5695589665048413,0.40994643733595104,0.4206023741783597
2020-11-10,0.5727663842122457,0.3751982814422797,0.35377219660551307
2020-11-11,0.5759710800696265,0.2559840094463769,0.4494064554105762
2020-11-12,0.5791729220518711,0.23222935916860504,0.5435298734425599
2020-11-13,0.5823717781338651,0.17552264498552456,0.4777788678504849
2020-11-16,0.5855675162904994,0.19377165091084986,0.48411655057392616
2020-11-17,0.5887600044966614,0.19403484062795645,0.43196311193956616
2020-11-18,0.5919491107272403,0.1740217522744571,0.4221524575689207
2020-11-19,0.5951347029571217,0.20219727847606045,0.45429216128715705
2020-11-20,0.5983166491611929,0.17087414552257385,0.446836063965467
2020-11-23,0.6014948173143413,0.1953081097999047,0.4356715392916704
2020-11-24,0.6046690753914579,0.19977166513732103,0.42001373491611926
2020-11-25,0.6078392913674282,0.20163533286385982,0.4192092612577249
2020-11-26,0.6110053332171397,0.09432150402253474,0.4682429118022167
2020-11-27,0.6141670689154815,0.15374903082164987,0.5233787893652497
2020-11-30,0.6173243664373427,0.21464188415384505,0.5037182380064752
2020-12-01,0.6204770937576107,0.20265608217209763,0.41732561561856324
2020-12-02,0.6236251188511677,0.23397210188998674,0.471755126066909
2020-12-03,0.626768309692908,0.2016993519842371,0.4019425095653872
2020-12-04,0.6299065342577173,0.22754885014546566,0.44430491513783926
2020-12-07,0.6330396605204847,0.23491460560665234,0.5114097910330611
2020-12-08,0.636167556456094,0.2641820134724682,0.5204355930540561
2020-12-09,0.639290090039438,0.20548359332209443,0.4804277445305572
2020-12-10,0.6424071292454023,0.2511683489468855,0.5611105660747564
2020-12-11,0.6455185420488743,0.23586066594111665,0.5867163739821459
2020-12-14,0.6486241964247395,0.20167801227744464,0.47206906700677
2020-12-15,0.6517239603478906,0.23688497186715324,0.3647012655744139
2020-12-16,0.6548177017932151,0.22104379619157366,0.33734916118905345
2020-12-17,0.6579052887355967,0.20109828357625037,0.3205140782890214
2020-12-18,0.6609865891499247,0.17456235817986532,0.4393799666437747
2020-12-21,0.6640614710110899,0.3423778123955244,0.5241440204061604
2020-12-22,0.667129802293978,0.27603266397786363,0.603747669969588
2020-12-23,0.6701914509734745,0.28177304510502693,0.46943981163543735
2020-12-24,0.6732462850244687,0.14948464608096285,0.4238595114294122
2020-12-28,0.6762941724218514,0.19039286400204863,0.4860198175218275
2020-12-29,0.6793349811405118,0.22236685801270428,0.45117237319729325
2020-12-30,0.6823685791553284,0.21920502478962606,0.38082998135975654
2020-12-31,0.685394834441194,0.19378943399984355,0.37871088001569697
2021-01-04,0.6884136149729994,0.27978845237333105,0.4721867948592168
2021-01-05,0.6914247887256302,0.2652027627807061,0.4505641126263109
2021-01-06,0.6944282236739756,0.36118876393305027,0.49090552339841054
2021-01-07,0.697423787792923,0.27865033467773487,0.5213185519474135
2021-01-08,0.7004113490573562,0.30763321311965175,0.5029333856568227
2021-01-11,0.7033907754421662,0.2530640262336129,0.544746394584518
2021-01-12,0.7063619349222385,0.21950022406692132,0.3981555969783198
2021-01-13,0.7093246954724641,0.2250023118015692,0.43353281663887117
2021-01-14,0.7122789250677322,0.25861234999964433,0.40704404983812414
2021-01-15,0.7152244916829282,0.23001002966219247,0.5113705484155795
2021-01-18,0.7181612632929362,0.1604461421366737,0.5264200922201505
2021-01-19,0.721089107872654,0.1840976504982822,0.471127244187187
2021-01-20,0.7240078933969567,0.2075819978233499,0.4522123025605812
2021-01-21,0.7269174878407423,0.210324150146177,0.38824683606396515
2021-01-22,0.7298177591788928,0.1787556105645775,0.4575885411556954
2021-01-25,0.7327085753862992,0.21417596722221038,0.481820857451192
2021-01-26,0.7355898044378488,0.1861533755859528,0.4426567252035712
2021-01-27,0.7384613143084273,0.26286606488693515,0.4945550868242914
2021-01-28,0.7413229729729256,0.29441682137954095,0.45756891984695136
2021-01-29,0.7441746484062275,0.31346606630958224,0.4861179240655368
2021-02-01,0.7470162085832257,0.25567102708008793,0.5190621014421675
2021-02-02,0.7498475214788023,0.21630638128365454,0.5015010301187085
2021-02-03,0.7526684550678482,0.18406564093809352,0.5166486804669865
2021-02-04,0.7554788773252561,0.20376574692530391,0.4785244775826537
2021-02-05,0.7582786562259063,0.17481132142577693,0.4198567644461866
2021-02-08,0.7610676597446915,0.15476978012988768,0.4317668988521519
2021-02-09,0.7638457558564955,0.16499505630125977,0.39034631609928505
2021-02-10,0.7666128125362075,0.16803952113697962,0.4072598842342802
2021-02-11,0.7693686977587184,0.1293684158113001,0.45389973511233084
2021-02-12,0.7721132794989138,0.13561383666588422,0.4412636122829407
2021-02-15,0.7748464257316794,0.11120121209534582,0.4227214755224171
2021-02-16,0.7775680044319024,0.1953756855380807,0.44067497302070024
2021-02-17,0.7802778835744775,0.2066359374888856,0.4834101834592367
2021-02-18,0.782975931134283,0.21690033645604379,0.40710291376434754
2021-02-19,0.785662015086217,0.1915167552264499,0.4072795055430199
2021-02-22,0.7883360034051581,0.23388318644501827,0.38173256156185803
2021-02-23,0.7909977640660006,0.19840236728480687,0.37072500735799196
2021-02-24,0.7936471650436285,0.2967535192733119,0.4009222015108389
2021-02-25,0.7962840743129327,0.38117695596195844,0.5363484744432448
2021-02-26,0.7989083598488005,0.4739548878598408,0.6019228882566453
2021-03-01,0.801519889626114,0.3155715840464352,0.5765917786716374
2021-03-02,0.8041185316197677,0.3023267393639345,0.5166879230844703
2021-03-03,0.8067041538046489,0.29973752160645317,0.4856666339644871
2021-03-04,0.8092766241556397,0.39477390580653426,0.5164132247620931
2021-03-05,0.8118358106476364,0.3952006999423828,0.5637986853723125
2021-03-08,0.8143815812555211,0.36094691392273603,0.5462179927401137
2021-03-09,0.8169138039541792,0.31757040324932606,0.46745805945256425
2021-03-10,0.8194323467185054,0.3025401364318588,0.4189738055528313
2021-03-11,0.8219370775233852,0.2784653905522005,0.3821642303541658
2021-03-12,0.8244278643437024,0.28234921718842254,0.4730305111350905
2021-03-15,0.8269045751543498,0.2605080272863718,0.504581575591093
2021-03-16,0.8293670779302129,0.238001749855957,0.5149416266064929
2021-03-17,0.8318152406461827,0.24730941863525463,0.4519179829294599
2021-03-18,0.8342489312771413,0.31792606502919984,0.47367801432355655
2021-03-19,0.8366680177979795,0.2439946508468307,0.5253212989306392
2021-03-22,0.8390723681835865,0.1565836552072441,0.5186500539585994
2021-03-23,0.841461850408848,0.220428501312392,0.599666437751397
2021-03-24,0.8438363324486513,0.19584160246971544,0.6148140880996774
2021-03-25,0.8461956822778873,0.21175391050126974,0.5265181987638576
2021-03-26,0.8485397678714452,0.15421850437108325,0.4556067889728223
2021-03-29,0.8508684572042036,0.18465248287488534,0.46321985676444505
2021-03-30,0.8531816182510585,0.16825647482270262,0.4810163837927999
2021-03-31,0.855479118986894,0.18563766600513576,0.45915824585499826
2021-04-01,0.8577608273866044,0.20979065747636627,0.4294908270381618
2021-04-02,0.8600266114250683,0.16254099002013045,0.4444226429902882
2021-04-05,0.8622763390771784,0.07534694806626689,0.3950554301971935
2021-04-06,0.864509878317822,0.18390914975494904,0.4901991562837233
2021-04-07,0.8667270971218901,0.2187106549156015,0.5658785440988905
2021-04-08,0.868927863464263,0.16057062375962955,0.5498479348572549
2021-04-09,0.8711120453198351,0.15783558467239994,0.5560678897282451
2021-04-12,0.8732795106634921,0.1386618581194028,0.48552928480329416
2021-04-13,0.8754301290885014,0.17844618481608732,0.46459334837633803
2021-04-14,0.8775637766616757,0.15874607882887687,0.4472481114490329
2021-04-15,0.879680331068192,0.1700347837220717,0.4524673795742188
2021-04-16,0.881779669993243,0.1723999345582325,0.41934661041891574
2021-04-19,0.883861671122018,0.13633938669682677,0.32437947611105616
2021-04-20,0.8859262151607137,0.08976903324014994,0.4082213283626007
2021-04-21,0.8879732078860911,0.07646372605507067,0.4469145492004322
2021-04-22,0.8900026100419307,0.09433928711152843,0.5457078387128407
2021-04-23,0.8920143953585313,0.07505886202456911,0.5157853428823689
2021-04-26,0.8940085375661795,0.07574528925972558,0.4763857549298544
2021-04-27,0.8959850103951688,0.062450651928042514,0.4639458451878742
2021-04-28,0.8979437875757856,0.09382002091291265,0.4333169822427151
2021-04-29,0.8998848428383273,0.10639622144925064,0.455135877563033
2021-04-30,0.9018081499130748,0.10002987558950939,0.568959089571275
2021-05-03,0.9037136825303307,0.06563382485791312,0.4737564995585218
2021-05-04,0.9056014144203779,0.11140749592767261,0.4916707544393212
2021-05-05,0.90747131931351,0.06749037934885442,0.464259786127733
2021-05-06,0.9093233709400188,0.0839788594638043,0.4691062493868345
2021-05-07,0.911157543030189,0.09785678211448041,0.4092808790346305
2021-05-10,0.9129738093143214,0.10456811990069924,0.32549789070930935
2021-05-11,0.9147721435227023,0.11096291870283036,0.3521436279799869
2021-05-12,0.9165525193856183,0.11726524544219429,0.4651035024036089
2021-05-13,0.9183149106333648,0.13632871684343056,0.5008142843127652
2021-05-14,0.9200592909962335,0.10277558453013523,0.4789365250662218
2021-05-17,0.921785634204511,0.08547619555707305,0.4371038948297846
2021-05-18,0.9234939139884961,0.08962676852820044,0.3979397625821638
2021-05-19,0.9251841040784665,0.1553032727996984,0.484626704601197
2021-05-20,0.92685617820473,0.10657049572138878,0.4352006278818789
2021-05-21,0.9285101100975641,0.11207614007383539,0.48668694201903323
2021-05-24,0.9301458734872625,0.1053292361096292,0.4858039831256758
2021-05-25,0.931763442104117,0.11980822716829205,0.4823506327872069
2021-05-26,0.9333627896784247,0.1073458384015137,0.5149220052977532
2021-05-27,0.934943889940465,0.13221015343249182,0.43571078190915197
2021-05-28,0.936506716620535,0.14392565246153516,0.45425291866967554
2021-05-31,0.9380512434489283,0.052225375756670425,0.4467772000392414
2021-06-01,0.9395774441559279,0.1358627999117959,0.5035416462278028
2021-06-02,0.9410852924718363,0.11179161064993633,0.49284803296379776
2021-06-03,0.9425747621269327,0.12629194141539163,0.5418424408908059
2021-06-04,0.9440458268515108,0.12043419190086994,0.4799764544295119
2021-06-07,0.945498460375866,0.09900201304567409,0.45488080054939756
2021-06-08,0.9469326364302866,0.09740509165404067,0.4788384185225147
2021-06-09,0.9483483287450625,0.06466286819885762,0.5063671146865496
2021-06-10,0.9497455110504873,0.129546246701237,0.4597468851172387
2021-06-11,0.9511241570768512,0.10671276043333831,0.5176689885215326
2021-06-14,0.9524842405544387,0.09750823357020409,0.5052487000882965
2021-06-15,0.9538257352135489,0.09357105766700098,0.513725105464537
2021-06-16,0.9551486147844699,0.13104358279450573,0.586088492102424
2021-06-17,0.9564528529974918,0.17621974207407726,0.5936819385853027
2021-06-18,0.9577384235829047,0.1879530241921143,0.6623172765623457
2021-06-21,0.9590053002710022,0.16990318886351835,0.49051309722358427
2021-06-22,0.9602534567920724,0.14249589210644248,0.44977926027665843
2021-06-23,0.9614828668764108,0.12611411052545474,0.4331011478465612
2021-06-24,0.9626935042543003,0.1310009033809209,0.47108800156970543
2021-06-25,0.9638853426560363,0.11876613815326177,0.5298538212498775
2021-06-28,0.9650583558119123,0.10887162743717234,0.5179829294613958
2021-06-29,0.9662125174522167,0.10854441859968846,0.5341116452467364
2021-06-30,0.9673478013072394,0.13675551097927913,0.5179436868439143
2021-07-01,0.9684641811072705,0.12043419190086994,0.5555577357009698
2021-07-02,0.9695616305826054,0.14115149057851945,0.477563033454331
2021-07-05,0.9706401234635322,0.05488928248792528,0.4626704601196905
2021-07-06,0.9716996334803394,0.14954866520134014,0.497910330619051
2021-07-07,0.972740134363324,0.15584387870510658,0.4874521730599417
2021-07-08,0.9737615998427653,0.1692914506021354,0.5016383792798971
2021-07-09,0.9747640036489678,0.1538770690624044,0.4077896595702951
2021-07-12,0.9757473195122142,0.1120690268382379,0.4334543314039037
2021-07-13,0.9767115211627999,0.12629905465098912,0.5050328656921403
2021-07-14,0.9776565823310079,0.14162807736355038,0.4704797409987253
2021-07-15,0.9785824767471407,0.15228370428856974,0.5097812224075348
2021-07-16,0.9794891781414812,0.11858119402772739,0.5424310801530463
2021-07-19,0.9803766602443176,0.19026482576129405,0.589286765427253
2021-07-20,0.9812448967859506,0.1622849135386213,0.5998626508388113
2021-07-21,0.9820938614966668,0.137776260287517,0.4920435593054078
2021-07-22,0.9829235281067543,0.12409395161577146,0.4228392033748639
2021-07-23,0.9837338703465015,0.11109095694358494,0.4393603453350329
2021-07-26,0.9845248619462073,0.12005363379640498,0.3976650642597843
2021-07-27,0.985296476636158,0.11242468861811171,0.38860001962130764
2021-07-28,0.9860486881466457,0.10507315962812004,0.4048464632590993
2021-07-29,0.9867814702079603,0.05779503922949432,0.38208574511920057
2021-07-30,0.9874947965503953,0.06819458967300455,0.4713430785833409
2021-08-02,0.9881886409042355,0.06190648940483558,0.49863631904248007
2021-08-03,0.9888629769997745,0.06464864172766267,0.4792897086235665
2021-08-04,0.9895177785673077,0.06239730266106143,0.5021092906896886
2021-08-05,0.9901530193371215,0.06483714247099577,0.4564505052486982
2021-08-06,0.9907686730395096,0.041214087051777246,0.5049347591484354
2021-08-09,0.9913647134047601,0.052417433117802295,0.5235161385264405
2021-08-10,0.9919411141631631,0.026144697438523865,0.5162758756009022
2021-08-11,0.9924978490450123,0.039794996550080744,0.4860001962130878
2021-08-12,0.9930348917805958,0.029946721865374906,0.5183164917099965
2021-08-13,0.9935522161002073,0.013330203509670444,0.4564308839399585
2021-08-16,0.9940497957341385,0.024978126800537764,0.483684881781614
2021-08-17,0.9945276044126778,0.05683830904163377,0.5663690768174239
2021-08-18,0.9949856158661134,0.036170803013166594,0.5288923771215526
2021-08-19,0.9954238038247425,0.07397053697815524,0.6128323359168064
2021-08-20,0.9958421420188515,0.04798944395837336,0.5726086529971558
2021-08-23,0.9962406041787286,0.041022029690645376,0.4520160894731692
2021-08-24,0.9966191640346747,0.020198032479033734,0.4457372706759535
2021-08-25,0.9969777953169725,0.035466592689016446,0.41118414598253616
2021-08-26,0.997316471755914,0.05896516648527915,0.48792308446973537
2021-08-27,0.9976351670817927,0.08088815859670088,0.45442951044834573
2021-08-30,0.9979338550248951,0.02159222665613908,0.46549592857843514
2021-08-31,0.9982125093155183,0.07536828777305933,0.4729716472088693
2021-09-01,0.9984711036839453,0.05852058926043689,0.4599823408221323
2021-09-02,0.998709611860475,0.0422099400354239,0.42370254095948384
2021-09-03,0.9989280075753921,0.056806299481445124,0.42044540370842703
2021-09-06,0.999126264558992,0.01978546481438012,0.45541057588541245
2021-09-07,0.9993043565415611,0.07770854228462902,0.5119395663690781
2021-09-08,0.9994622572533931,0.07916675558211163,0.5247719022858846
2021-09-09,0.9995999404247815,0.09108853844348179,0.46041400961444007
2021-09-10,0.9997173797860093,0.06457395275388915,0.46225841263612455
2021-09-13,0.9998145490673771,0.07551055248500886,0.45087805356617194
2021-09-14,0.9998914219991644,0.0844269933064453,0.4890807416854701
2021-09-15,0.9999479723116735,0.07982828649267691,0.4734229373099189
2021-09-16,0.9999841737351893,0.07330900606758996,0.5131953301285199
2021-09-17,1.0,0.07442578405639373,0.5513195330128529
2021-09-20,0.9999954248364045,0.07531138188827953,0.590150103011873
2021-09-21,0.9999704219746857,0.09862501155900784,0.5526930246247415
2021-09-22,0.9999249651451407,0.11765291678225674,0.5518885509663493
2021-09-23,0.9998590280780579,0.11861676020571478,0.4368488178161492
2021-09-24,0.9997725845037273,0.08084192256531729,0.4761306779162168
2021-09-27,0.9996656081524389,0.09373821870354167,0.45650936917492374
2021-09-28,0.9995380727544827,0.12733047381262314,0.5909938192877467
2021-09-29,0.9993899520401541,0.14736134525511618,0.6602177965270281
2021-09-30,0.9992212197397432,0.11744663294992995,0.5637005788286097
2021-10-01,0.9990318495835417,0.16322386063748817,0.47028352791131106
2021-10-04,0.9988218153018344,0.1128052467225767,0.39207299126851836
2021-10-05,0.9985910906249149,0.11129724077591173,0.39246541744334246
2021-10-06,0.9983396492830767,0.14961979755731492,0.46596683998822885
2021-10-07,0.9980674650066099,0.08972991044436383,0.4630628862945146
2021-10-08,0.9977745115258045,0.0943001643157423,0.47263808496026644
2021-10-11,0.9974607625709524,0.07594801647425366,0.4922790150103013
2021-10-12,0.99712619187234,0.11422789384207195,0.4932797017561055
2021-10-13,0.9967707731602644,0.11733282118037032,0.4345727460021591
2021-10-14,0.9963944801650104,0.08186978510915259,0.43321887569901013
2021-10-15,0.9959972866168751,0.08198715349651096,0.38856077700382613
2021-10-18,0.9955791662461451,0.07631434810752367,0.4321200824094966
2021-10-19,0.9951400927831138,0.07445779361658238,0.41106641813008726
2021-10-20,0.9946800399580695,0.07850878128934509,0.41108603943883126
2021-10-21,0.9941989815013059,0.08096640418827313,0.46414205827528837
2021-10-22,0.9936968911431112,0.11389357176899055,0.5025017168645127
2021-10-25,0.993173742613779,0.1128336996649666,0.501245953105073
2021-10-26,0.9926295096435958,0.1046499221100702,0.49628176199352475
2021-10-27,0.9920641659628586,0.13156640561092026,0.504660060826056
2021-10-28,0.9914776853018523,0.16064175611560433,0.44995585205533295
2021-10-29,0.990870041390874,0.1396541544852507,0.5366820366918478
2021-11-01,0.9902412079602065,0.10973944218006444,0.5461591288138947
2021-11-02,0.9895911587401454,0.10255507422661346,0.5643088393995876
2021-11-03,0.9889198674609823,0.12384498836985981,0.48588246836064103
2021-11-04,0.988227307853009,0.1142883563446505,0.6091631511821837
2021-11-05,0.9875134536465122,0.10785443474673324,0.5757088197782799
2021-11-08,0.9867782785717871,0.08521656245776517,0.48694201903266865
2021-11-09,0.986021756359122,0.1072249133963566,0.48470518983616007
2021-11-10,0.985243860738807,0.1433779333205295,0.5804767978024118
2021-11-11,0.9844445654411356,0.07620053633796404,0.5898754046894913
2021-11-12,0.9836238441963943,0.06976305812224808,0.5274207789659591
2021-11-15,0.9827816707348802,0.07674469886117098,0.49822427155891197
2021-11-16,0.9819180187868781,0.11836068372420562,0.4569606592759734
2021-11-17,0.9810328620826834,0.12644131936293862,0.41181202786225823
2021-11-18,0.980126174352586,0.09383780400190635,0.4309035612675364
2021-11-19,0.9791979293268742,0.12904120697381616,0.4920043166879219
2021-11-22,0.9782481007358417,0.15677926918617474,0.5361718826645747
2021-11-23,0.9772766623097748,0.13866897135500023,0.5425095653880094
2021-11-24,0.9762835877789726,0.14415327600065442,0.5599921514765032
2021-11-25,0.975268850873718,0.07966112545613623,0.5317178455802994
2021-11-26,0.974232425324308,0.18389847990155284,0.4989110173648574
2021-11-29,0.973174284861031,0.09437129667171708,0.5012655744138127
2021-11-30,0.9720944032141734,0.20346699103020993,0.4978318453840879
2021-12-01,0.9709927541140342,0.1904355434156335,0.5157461002648873
2021-12-02,0.9698693112908963,0.08739321255059289,0.48482291768861124
2021-12-03,0.9687240484750586,0.17246751029640855,0.5325419405474335
2021-12-06,0.967556939396804,0.12300562656935761,0.4898655940351204
2021-12-07,0.9663679577864279,0.10205714773479012,0.49967624840576585
2021-12-08,0.9651570773742222,0.14107324498694723,0.5251643284607065
2021-12-09,0.9639242718904715,0.10129603152586016,0.49320121652114246
2021-12-10,0.96266951506548,0.0942539282843587,0.4560188364563904
2021-12-13,0.9613927806295237,0.07251232368067263,0.4959874423624056
2021-12-14,0.9600940423128996,0.06053363493452267,0.47777886785048707
2021-12-15,0.9587732738458996,0.10106485136894218,0.4579221034042961
2021-12-16,0.9574304489588084,0.1508503873156783,0.41585401746296535
2021-12-17,0.9560655413819319,0.1013280410860488,0.49687040125576304
2021-12-20,0.9546785248455425,0.1007376425314583,0.5209261257725895
2021-12-21,0.9532693730799426,0.06601082634457935,0.47046011968998125
2021-12-22,0.9518380598154188,0.06686085799847775,0.4095948199744915
2021-12-23,0.9503845587822664,0.040228903921526796,0.3661532424212678
2021-12-24,0.94890884371077,0.09060839504065214,0.4159325026979306
2021-12-27,0.9474108883312233,0.0003698882510687618,0.41183164917100007
2021-12-28,0.9458906663739182,0.0,0.4568429314235266
2021-12-29,0.9443481515691463,0.023150025251986367,0.42697929951927815
2021-12-30,0.9427833176471925,0.028901076232545897,0.4298440105955066
2021-12-31,0.9411961383383574,0.02643278348022164,0.4205631315608738
2022-01-03,0.9395865873729239,0.04406293790856648,0.49057196114980767
2022-01-04,0.9379546384811839,0.06950698164073892,0.46000196213087413
2022-01-05,0.9363002653934309,0.07161961261318937,0.44658098695182935
2022-01-06,0.9346234418399533,0.09225155246366916,0.4735995290885891
2022-01-07,0.9329241415510463,0.06592546751740964,0.4272932404591392
2022-01-10,0.9312023382569983,0.07663800032720884,0.4627881879721373
2022-01-11,0.9294580056880974,0.08763506256090707,0.4262336897871094
2022-01-12,0.9276911175746374,0.07538251424425428,0.3890709310310992
2022-01-13,0.9259016476469064,0.08068543138217281,0.4200922201510845
2022-01-14,0.9240895696352016,0.10315258601680145,0.4567448248798195
2022-01-17,0.9222548572698077,0.046072426964853516,0.5078190915334057
2022-01-18,0.9203974842810148,0.15169686235177793,0.5471205729422152
2022-01-19,0.9185174243991217,0.13044962762211648,0.5156283724124383
2022-01-20,0.9166146513544096,0.12478393546872667,0.5088197782792121
2022-01-21,0.9146891388771774,0.14559014959134464,0.5278524477582647
2022-01-24,0.9127408606977099,0.16403476949560047,0.5594231335230047
2022-01-25,0.9107697905463024,0.15569450075755958,0.5301677621897385
2022-01-26,0.9087759021532413,0.15129852115831927,0.5358775630334556
2022-01-27,0.9067591692488204,0.17240704779382998,0.5754341214559004
2022-01-28,0.9047195655633313,0.15336491609938613,0.5306975375257533
2022-01-31,0.9026570648270607,0.1310933754436881,0.4730108898263508
2022-02-01,0.9005716407703073,0.10853374874629222,0.39999999999999997
2022-02-02,0.8984632671233541,0.08348093297198096,0.37072500735799196
2022-02-03,0.8963319176165001,0.15147279543045744,0.39126851761012615
2022-02-04,0.8941775659800246,0.15617108754259051,0.48735406651623675
2022-02-07,0.8920001859442248,0.12413663102935633,0.4970077504169539
2022-02-08,0.8897997512393925,0.08373700945349012,0.489610517021485
2022-02-09,0.8875762355958212,0.05755318921918014,0.4946531933679985
2022-02-10,0.885329612743794,0.16305669960094749,0.46074757186304294
2022-02-11,0.8830598564136078,0.21178947667925713,0.4689492789169018
2022-02-14,0.8807669403355529,0.1887568198146291,0.4947709212204453
2022-02-15,0.8784508382399174,0.14570396136090424,0.48582360443441547
2022-02-16,0.8761115238569968,0.13329492186110697,0.4562150495438046
2022-02-17,0.8737489709170756,0.1683560601210673,0.43243402334935765
2022-02-18,0.8713631531504493,0.1397003905166343,0.45823604434415927
2022-02-21,0.868954044287408,0.09423614519536501,0.4665554792504649
2022-02-22,0.8665216180582398,0.16898202485364522,0.4895908957127431
2022-02-23,0.864065848193242,0.1255592781488516,0.5210242323162944
2022-02-24,0.8615867084226974,0.33553132313295353,0.641518689296574
2022-02-25,0.8590841724769014,0.17629087443005204,0.5735112331992551
2022-02-28,0.8565582140861459,0.21852926740786582,0.5276169920533711
2022-03-01,0.8540088069807208,0.167545151262955,0.5699990189345628
2022-03-02,0.8514359248909127,0.19606922600883464,0.463141371529482
2022-03-03,0.8488395415470151,0.1582588221904498,0.5123712351613858
2022-03-04,0.8462196306793253,0.19433003990525172,0.5930932993230644
2022-03-07,0.8435761660181242,0.2755703036640277,0.656273913470028
2022-03-08,0.8409091212937092,0.26203737293982915,0.6157362896105185
2022-03-09,0.8382184702363666,0.16545030337949823,0.4875306582949091
2022-03-10,0.8355041865763901,0.16960087635062565,0.536564308839401
2022-03-11,0.8327662440440733,0.17533058762439274,0.5451191994506024
2022-03-14,0.8300046163697026,0.14465831572807525,0.5595604826841954
2022-03-15,0.8272192772835716,0.17338156107068425,0.5076817423722149
2022-03-16,0.824410200515965,0.1850970600997276,0.39668399882272193
2022-03-17,0.8215773597971818,0.15298791461271988,0.40771117433532766
2022-03-18,0.8187207288575067,0.11976910437250592,0.4062591974884716
2022-03-21,0.8158402814272385,0.1202883705711217,0.45060335524379463
2022-03-22,0.8129359912366603,0.16276150032365222,0.4009222015108389
2022-03-23,0.8100078320160637,0.1227815596480371,0.46830177572844234
2022-03-24,0.8070557774957461,0.1610543237802579,0.49373099185715735
2022-03-25,0.8040798014059902,0.1332166762695347,0.4992642009222021
2022-03-28,0.8010798774770915,0.1711551183286742,0.5713136466202302
2022-03-29,0.7980559794393383,0.21808113356522485,0.5379181791425477
2022-03-30,0.7950080810230222,0.18661217928199003,0.48344942607671826
2022-03-31,0.791936155958437,0.1899056073636215,0.46718336113018694
2022-04-01,0.7888401779758745,0.13888592504072328,0.482743058962031
2022-04-04,0.7857201208056175,0.10854441859968846,0.4854311782595892
2022-04-05,0.7825759581779614,0.11064282310094394,0.5234572746002172
2022-04-06,0.7794076638231981,0.1756542398440779,0.5138820759344631
2022-04-07,0.7762152114716194,0.14838209456335405,0.4949278916903758
2022-04-08,0.7729985748535171,0.11663928070961639,0.516903757480622
2022-04-11,0.769757727699174,0.14783081880454962,0.5075051505935447
2022-04-12,0.7664926437388893,0.17011302931364392,0.5201805160404207
2022-04-13,0.763203296702951,0.13624335801626086,0.4167173550475809
2022-04-14,0.759889660321651,0.1397288434590242,0.4538016285686259
2022-04-15,0.7565517083252775,0.18858965877808842,0.47997645442950976
2022-04-18,0.7531894144441207,0.07282174942916285,0.5217894633572072
2022-04-19,0.7498027524084776,0.16371467389371402,0.5330324732659668
2022-04-20,0.7463916959486312,0.15601815297724475,0.45588148729520395
2022-04-21,0.7429562187948839,0.16654218504371082,0.48572549789070835
2022-04-22,0.739496294677517,0.17671411194810183,0.629059158245854
2022-04-25,0.7360118973268186,0.2214207976782399,0.6698911017364848
2022-04-26,0.7325030004730859,0.21005384719347292,0.7500441479446669
2022-04-27,0.7289695778466108,0.18475206817324996,0.6763857549298544
2022-04-28,0.7254116031776814,0.2216164116571705,0.6540370842735195
2022-04-29,0.721829050196586,0.16874017484333098,0.4868439124889637
2022-05-02,0.7182218926336237,0.15373124773265617,0.515373295398805
2022-05-03,0.7145901042190737,0.17149299701955428,0.49655646031590206
2022-05-04,0.7109336586832384,0.18199568937922794,0.3763759442754835
2022-05-05,0.7072525297563992,0.2448446825007291,0.6300206023741768
2022-05-06,0.7035466924386746,0.30294559086091494,0.6052585107426652
2022-05-09,0.6998161268094574,0.2491339635660073,0.5799666437751387
2022-05-10,0.6960608142179723,0.2668565900571193,0.5580692632198578
2022-05-11,0.6922807360134282,0.26205515602882284,0.549435887373689
2022-05-12,0.6884758735450518,0.31305705526272737,0.5686647699401558
2022-05-13,0.6846462081620537,0.18372064901161594,0.48929657608162397
2022-05-16,0.6807917212136605,0.17347403313345144,0.429176886098303
