Time,Close,Volume,diferencia_media_70
2018-12-05,115.5592057989048,126562,1.1501714285714115
2018-12-06,115.55006354066214,282343,1.3410714285714675
2018-12-07,115.54101307443757,226605,1.0611857142857275
2018-12-10,115.53205421699873,246528,0.8514714285714433
2018-12-11,115.52318678511298,209500,1.1762571428571391
2018-12-12,115.51441059554791,214661,0.7268857142857428
2018-12-13,115.50572546507108,187956,0.46455714285716
2018-12-14,115.49713121044988,183455,1.3277142857142792
2018-12-17,115.48862764845192,182978,1.4581285714285457
2018-12-18,115.4802145958447,202210,1.595857142857156
2018-12-19,115.47189186939569,239848,1.4820857142857164
2018-12-20,115.46365928587248,280784,2.001671428571413
2018-12-21,115.45551666204251,268170,2.95482857142855
2018-12-24,115.44746381467334,229001,3.3724285714285855
2018-12-26,115.4395005605325,142497,2.775914285714279
2018-12-27,115.43162671638743,416239,2.2243714285714304
2018-12-28,115.42384209900568,351828,2.8327714285714194
2018-12-31,115.4161465251548,209955,3.3826571428571555
2019-01-02,115.4085398116023,275024,5.289614285714308
2019-01-03,115.40102177511564,372327,6.035828571428581
2019-01-04,115.39359223246238,287104,4.896585714285692
2019-01-07,115.38625100041,188487,3.724542857142879
2019-01-08,115.37899789572606,192762,3.937428571428555
2019-01-09,115.37183273517803,232123,3.4322714285714397
2019-01-10,115.36475533553346,232215,3.4526000000000323
2019-01-11,115.35776551355983,182014,3.592442857142885
2019-01-14,115.35086308602469,151585,3.904385714285695
2019-01-15,115.34404786969554,209372,3.80572857142856
2019-01-16,115.33731968133989,174184,3.4982000000000113
2019-01-17,115.33067833772526,227066,3.2820571428571412
2019-01-18,115.32412365561913,167248,2.8947714285714454
2019-01-21,115.3176554517891,118329,2.909700000000015
2019-01-22,115.3112735430026,142494,3.238599999999977
2019-01-23,115.30497774602713,159158,2.6677857142857135
2019-01-24,115.29876787763033,194164,3.3528285714285744
2019-01-25,115.29264375457957,188101,2.3148000000000053
2019-01-28,115.28660519364247,153248,2.290985714285682
2019-01-29,115.28065201158647,167193,2.1177285714285716
2019-01-30,115.27478402517912,175181,1.9012428571428615
2019-01-31,115.26900105118796,166593,2.4058999999999884
2019-02-01,115.26330290638042,146893,1.567700000000002
2019-02-04,115.2576894075241,125608,1.268028571428573
2019-02-05,115.2521603713865,117577,1.5159142857142882
2019-02-06,115.2467156147351,126155,1.9242857142857162
2019-02-07,115.24135495433744,129660,2.3054428571428645
2019-02-08,115.236078206961,111106,2.4821285714286034
2019-02-11,115.23088518937334,123981,2.2595142857142747
2019-02-12,115.22577571834196,126040,1.52109999999999
2019-02-13,115.22074961063437,118259,1.6050714285714207
2019-02-14,115.2158066830181,149130,1.7409142857142683
2019-02-15,115.21094675226061,141683,1.7550142857142816
2019-02-18,115.2061696351295,99405,1.3066428571428332
2019-02-19,115.20147514839218,130216,0.9234285714285875
2019-02-20,115.19686310881627,126890,0.6445428571428664
2019-02-21,115.19233333316922,147718,0.8161714285714368
2019-02-22,115.18788563821853,121981,0.8396714285714353
2019-02-25,115.1835198407318,142270,0.0674714285714515
2019-02-26,115.17923575747646,126113,0.2180285714285617
2019-02-27,115.17503320522005,131289,-0.07584285714285954
2019-02-28,115.17091200073011,135172,-0.5523428571428752
2019-03-01,115.16687196077409,126249,-1.102642857142854
2019-03-04,115.16291290211961,100026,-0.6752000000000038
2019-03-05,115.15903464153406,85633,-0.4887571428571391
2019-03-06,115.15523699578506,77517,-0.3876571428571367
2019-03-07,115.15151978164003,89995,1.031471428571436
2019-03-08,115.14788281586657,99582,0.9876571428571594
2019-03-11,115.14432591523217,80938,0.7602000000000118
2019-03-12,115.14084889650432,93959,0.10074285714286191
2019-03-13,115.13745157645054,81923,-0.17972857142858345
2019-03-14,115.13413377183838,94348,-0.5810428571428616
2019-03-15,115.13089529943528,80044,-0.6063857142857216
2019-03-18,115.12773597600884,66990,-0.7056857142857211
2019-03-19,115.12465561832651,60379,-0.8561428571428706
2019-03-20,115.12165404315583,81790,-0.774157142857149
2019-03-21,115.11873106726432,98602,-0.4938428571428375
2019-03-22,115.1158865074195,124358,1.2474428571428575
2019-03-25,115.11312018038888,114901,1.0231714285714446
2019-03-26,115.11043190293995,110294,0.7435285714285556
2019-03-27,115.10782149184021,126544,1.0606142857142942
2019-03-28,115.10528876385725,120352,1.0701142857142685
2019-03-29,115.10283353575855,108323,0.8900999999999897
2019-04-01,115.10045562431159,103326,0.32378571428573366
2019-04-02,115.09815484628392,87794,0.4300142857142646
2019-04-03,115.09593101844304,90637,-0.09347142857141932
2019-04-04,115.09378395755647,81793,-0.15192857142857008
2019-04-05,115.09171348039172,77670,-0.1872428571428486
2019-04-08,115.0897194037163,80143,-0.4420857142857102
2019-04-09,115.08780154429772,84717,-0.09474285714286168
2019-04-10,115.08595971890354,92237,-0.04175714285713639
2019-04-11,115.08419374430122,83702,-0.5116857142857185
2019-04-12,115.08250343725828,90169,-1.3564571428571384
2019-04-15,115.08088861454226,71701,-1.4201857142857222
2019-04-16,115.0793490929207,87797,-1.1103714285714261
2019-04-17,115.07788468916102,69874,-1.3140428571428657
2019-04-18,115.07649522003081,79302,-0.4364142857142781
2019-04-19,115.07518050229758,50838,-0.47257142857144174
2019-04-22,115.07394035272881,53998,-0.6715714285714256
2019-04-23,115.07277458809207,77236,-0.23547142857144365
2019-04-24,115.0716830251548,96522,0.25065714285713625
2019-04-25,115.07066548068458,91320,1.0247285714285823
2019-04-26,115.0697217714489,85849,0.927528571428553
2019-04-29,115.06885171421524,53788,0.44164285714283835
2019-04-30,115.06805512575117,78473,0.35299999999999443
2019-05-01,115.06733182282419,65134,0.6341428571428622
2019-05-02,115.06668162220181,79515,0.7970857142857142
2019-05-03,115.0661043406515,78072,0.9035285714285664
2019-05-06,115.06559979494085,110015,1.2196857142857311
2019-05-07,115.06516780183735,112496,1.9653142857142996
2019-05-08,115.06480817810846,117278,2.0974142857142795
2019-05-09,115.06452074052179,126130,2.2343428571428774
2019-05-10,115.06430530584477,138912,1.736528571428579
2019-05-13,115.06416169084495,123354,2.5378142857142905
2019-05-14,115.06408971228984,103725,2.402485714285703
2019-05-15,115.06408918694696,115261,2.405085714285704
2019-05-16,115.06415993158379,100509,2.409471428571422
2019-05-17,115.06430176296794,129704,2.344714285714261
2019-05-20,115.06451449786681,110487,2.205285714285722
2019-05-21,115.06479795304796,100659,1.7462571428571465
2019-05-22,115.06515194527893,89014,1.9894000000000034
2019-05-23,115.0655762913272,126896,2.4523999999999972
2019-05-24,115.06607080796032,99326,2.510342857142845
2019-05-27,115.06663531194573,63340,2.3466285714285817
2019-05-28,115.06726962005104,112085,2.833528571428559
2019-05-29,115.06797354904371,123557,2.855785714285716
2019-05-30,115.06874691569125,102314,2.7814714285714217
2019-05-31,115.06958953676121,143548,3.780942857142847
2019-06-03,115.07050122902105,139872,3.1785714285714306
2019-06-04,115.07148180923834,132408,2.910899999999984
2019-06-05,115.07253109418055,132522,2.843628571428553
2019-06-06,115.07364890061523,130404,2.258328571428578
2019-06-07,115.0748350453099,116214,1.7922142857142802
2019-06-10,115.076089345032,94677,1.6725142857142998
2019-06-11,115.07741161654914,101438,1.3910571428571359
2019-06-12,115.0788016766288,110126,1.7693142857142874
2019-06-13,115.08025934203849,99084,1.972128571428584
2019-06-14,115.08178442954569,103333,2.46648571428571
2019-06-17,115.08337675591798,73863,2.362271428571418
2019-06-18,115.08503613792284,112711,2.6600857142857137
2019-06-19,115.08676239232776,103163,2.6251000000000175
2019-06-20,115.08855533590028,138721,2.7488999999999777
2019-06-21,115.0904147854079,126712,1.823128571428569
2019-06-24,115.0923405576182,97699,1.494185714285706
2019-06-25,115.0943324692986,129275,1.9125714285714395
2019-06-26,115.09639033721668,111887,1.1408428571428715
2019-06-27,115.0985139781399,101880,1.0817142857142699
2019-06-28,115.10070320883582,101361,0.893757142857126
2019-07-01,115.10295784607199,112313,1.202714285714265
2019-07-02,115.10527770661581,94105,1.7312714285714463
2019-07-03,115.10766260723489,85000,1.889328571428564
2019-07-04,115.11011236469672,50072,1.7990428571428652
2019-07-05,115.11262679576878,82940,1.6564428571428778
2019-07-08,115.11520571721864,71054,1.447657142857139
2019-07-09,115.11784894581376,66096,1.3357714285714337
2019-07-10,115.12055629832169,87404,1.2658857142857016
2019-07-11,115.12332759150995,80335,1.133642857142874
2019-07-12,115.12616264214601,79004,1.5800999999999874
2019-07-15,115.12906126699745,70249,1.6541714285714164
2019-07-16,115.13202328283175,78513,1.7570285714285774
2019-07-17,115.13504850641641,69470,1.8551000000000073
2019-07-18,115.13813675451891,96964,1.953485714285705
2019-07-19,115.14128784390688,96921,1.9885571428571467
2019-07-22,115.14450159134776,78168,1.891542857142852
2019-07-23,115.14777781360905,76335,2.0363285714285837
2019-07-24,115.1511163274583,70573,2.1223714285714124
2019-07-25,115.15451694966296,90919,1.4691285714285556
2019-07-26,115.15797949699068,66454,1.5460142857142785
2019-07-29,115.16150378620881,55658,1.1838571428571498
2019-07-30,115.16508963408499,86516,1.214271428571422
2019-07-31,115.16873685738663,106946,1.8198571428571455
2019-08-01,115.17244527288135,140615,3.2381571428571334
2019-08-02,115.1762146973366,173606,3.7160714285714533
2019-08-05,115.18004494751993,168665,3.3450142857142993
2019-08-06,115.18393584019881,169887,2.706471428571419
2019-08-07,115.18788719214079,172199,2.8546571428571355
2019-08-08,115.1918988201134,126758,3.1998857142857275
2019-08-09,115.19597054088408,105397,3.3483571428571537
2019-08-12,115.20010217122041,98704,3.5405142857142806
2019-08-13,115.2042935278899,137292,2.3133428571428425
2019-08-14,115.20854442766004,143766,3.5122571428571376
2019-08-15,115.21285468729836,177757,3.5153428571428407
2019-08-16,115.21722412357238,131364,3.3666857142857083
2019-08-19,115.22165255324957,90396,3.1423571428571364
2019-08-20,115.22613979309752,96512,3.2708000000000084
2019-08-21,115.23068565988366,80537,2.955299999999994
2019-08-22,115.23528997037558,102408,3.1248285714285657
2019-08-23,115.23995254134076,136075,3.526914285714284
2019-08-26,115.24467318954669,188545,3.123057142857135
2019-08-27,115.24945173176093,126520,3.5319428571428375
2019-08-28,115.25428798475096,115939,3.193414285714283
2019-08-29,115.25918176528434,111430,2.9169285714285706
2019-08-30,115.26413289012852,111671,3.811785714285719
2019-09-02,115.26914117605106,76156,4.033399999999986
2019-09-03,115.27420643981947,114639,4.175442857142855
2019-09-04,115.27932849820127,96764,2.9383000000000123
2019-09-05,115.28450716796392,115503,2.2882714285714343
2019-09-06,115.28974226587498,105185,2.3755571428571614
2019-09-09,115.295033608702,83644,1.7652857142857101
2019-09-10,115.30038101321244,91922,1.4282714285714349
2019-09-11,115.30578429617381,86508,1.3921285714285716
2019-09-12,115.31124327435366,133552,0.4721428571428561
2019-09-13,115.3167577645195,97843,0.33972857142856583
2019-09-16,115.32232758343879,110090,0.9953142857142865
2019-09-17,115.32795254787912,101833,0.26144285714288173
2019-09-18,115.33363247460795,94978,0.30457142857142117
2019-09-19,115.33936718039284,103522,0.5658142857142678
2019-09-20,115.34515648200126,91446,1.2917571428571506
2019-09-23,115.35100019620076,86150,1.559342857142866
2019-09-24,115.35689813975881,108653,1.7200714285714156
2019-09-25,115.36285012944298,109701,1.7560142857142722
2019-09-26,115.36885598202076,94401,1.8694571428571436
2019-09-27,115.37491551425965,104775,1.4812857142857183
2019-09-30,115.38102854292718,90829,1.7238571428571419
2019-10-01,115.38719488479084,101591,1.6614285714285586
2019-10-02,115.39341435661821,104050,1.920028571428574
2019-10-03,115.39968677517672,121982,2.0959000000000145
2019-10-04,115.40601195723393,98867,1.869542857142875
2019-10-07,115.41238971955737,84562,1.494414285714285
2019-10-08,115.41881987891448,108283,1.7813999999999908
2019-10-09,115.4253022520729,89768,1.1356571428571414
2019-10-10,115.4318366558,145217,0.20288571428571345
2019-10-11,115.43842290686341,131821,-0.6674000000000007
2019-10-14,115.44506082203058,84259,-0.5827714285714336
2019-10-15,115.45175021806905,109131,-1.1898999999999802
2019-10-16,115.45849091174632,116520,-1.5308285714285859
2019-10-17,115.46528271982996,111009,-2.000542857142861
2019-10-18,115.47212545908738,95101,-2.210242857142873
2019-10-21,115.47901894628619,88611,-2.238728571428581
2019-10-22,115.48596299819384,84309,-1.8397857142857248
2019-10-23,115.49295743157786,94528,-2.1295285714285654
2019-10-24,115.5000020632058,96203,-1.7947714285714227
2019-10-25,115.50709670984517,73446,-1.569671428571425
2019-10-28,115.51424118826343,67048,-2.1110428571428628
2019-10-29,115.52143531522813,75132,-2.1466142857142927
2019-10-30,115.52867890750677,91632,-2.5073857142857037
2019-10-31,115.53597178186692,116090,-1.6311857142856923
2019-11-01,115.543313755076,86330,-1.949385714285711
2019-11-04,115.55070464390162,68335,-1.991271428571423
2019-11-05,115.55814426511121,99711,-2.0628428571428543
2019-11-06,115.56563243547237,75216,-1.770957142857128
2019-11-07,115.57316897175257,106558,-1.902471428571431
2019-11-08,115.58075369071928,84897,-1.506185714285735
2019-11-11,115.5883864091401,55821,-1.3981428571428722
2019-11-12,115.59606694378249,82363,-1.102114285714265
2019-11-13,115.60379511141392,84637,-0.8384142857142933
2019-11-14,115.61157072880202,83703,-0.5268285714285668
2019-11-15,115.61939361271423,72498,-1.2550857142857268
2019-11-18,115.6272635799181,76438,-1.325885714285704
2019-11-19,115.63518044718107,71345,-1.2265857142857044
2019-11-20,115.64314403127078,93274,-1.2078857142856947
2019-11-21,115.65115414895462,92362,-1.0232714285714053
2019-11-22,115.65921061700018,77401,-0.6111714285714385
2019-11-25,115.66731325217494,65857,-0.8111142857142823
2019-11-26,115.67546187124643,71054,-1.04738571428571
2019-11-27,115.68365629098217,65389,-1.2695857142856966
2019-11-28,115.69189632814965,51758,-1.330971428571445
2019-11-29,115.7001817995164,74505,-1.332857142857165
2019-12-02,115.70851252184995,77592,-1.4018857142857115
2019-12-03,115.71688831191781,86300,-1.020657142857118
2019-12-04,115.72530898648745,91223,-1.187142857142831
2019-12-05,115.73377436232643,71483,-1.3092428571428485
2019-12-06,115.74228425620224,74495,-0.5811285714285503
2019-12-09,115.75083848488244,54617,-0.546357142857147
2019-12-10,115.75943686513446,64393,-1.018728571428582
2019-12-11,115.7680792137259,68620,-1.1561857142857406
2019-12-12,115.77676534742419,88709,-1.956928571428577
2019-12-13,115.78549508299697,126568,-1.8140857142857385
2019-12-16,115.79426823721164,65289,-2.2750142857142635
2019-12-17,115.80308462683575,61630,-2.222228571428573
2019-12-18,115.8119440686368,57892,-1.8628714285714238
2019-12-19,115.82084637938236,64210,-1.6625857142856972
2019-12-20,115.82979137583987,56841,-1.2708857142856829
2019-12-23,115.83877887477689,53256,-1.3041285714285777
2019-12-24,115.84780869296091,62201,-1.1915000000000049
2019-12-26,115.85688064715947,30257,-1.6191428571428474
2019-12-27,115.86599455414009,85398,-2.3040428571428464
2019-12-30,115.87515023067026,85198,-1.8250714285714338
2019-12-31,115.8843474935175,61174,-1.7479000000000013
2020-01-02,115.89358615944931,76128,-1.0530000000000115
2020-01-03,115.90286604523325,103203,-0.34149999999999636
2020-01-06,115.9121869676368,88951,-1.0143428571428643
2020-01-07,115.92154874342744,83819,-0.5795571428571407
2020-01-08,115.93095118937276,144869,-0.7551857142857017
2020-01-09,115.94039412224022,80382,-1.1780571428571278
2020-01-10,115.94987735879737,65148,-1.252257142857161
2020-01-13,115.9594007158117,55306,-1.8088428571428636
2020-01-14,115.96896401005071,80757,-1.7069999999999936
2020-01-15,115.97856705828197,66373,-1.7854428571428542
2020-01-16,115.98820967727292,60985,-1.844928571428568
2020-01-17,115.99789168379115,59049,-1.2692428571428422
2020-01-20,116.00761289460412,43239,-1.3100142857142885
2020-01-21,116.01737312647938,73072,-0.7966857142857293
2020-01-22,116.02717219618442,69889,-0.8573142857142813
2020-01-23,116.03700992048675,82059,-0.059428571428568944
2020-01-24,116.0468861161539,71398,0.5117714285714499
2020-01-27,116.05680059995338,103785,0.9993714285714077
2020-01-28,116.0667531886527,75137,0.6972428571428537
2020-01-29,116.07674369901943,70579,0.945028571428594
2020-01-30,116.08677194782098,99925,0.8035571428571444
2020-01-31,116.0968377518249,99269,0.7407285714285621
2020-02-03,116.10694092779877,92915,0.7544714285714349
2020-02-04,116.11708129251006,78384,-0.0015571428571377055
2020-02-05,116.12725866272626,86624,0.1613142857142833
2020-02-06,116.13747285521491,69950,0.17044285714287355
2020-02-07,116.1477236867435,79877,0.7940857142857283
2020-02-10,116.1580109740796,74194,1.1501428571428534
2020-02-11,116.16833453399067,68365,1.0706285714285855
2020-02-12,116.17869418324425,68620,1.186714285714288
2020-02-13,116.18908973860785,91478,1.8273000000000081
2020-02-14,116.19952101684895,61452,1.9587999999999823
2020-02-17,116.20998783473512,43653,1.7851857142857313
2020-02-18,116.22049000903387,76215,2.2330571428571346
2020-02-19,116.23102735651266,82217,0.46047142857143797
2020-02-20,116.24159969393907,112931,-0.0969000000000051
2020-02-21,116.25220683808057,99362,-0.22062857142856274
2020-02-24,116.26284860570468,141396,0.6634285714285397
2020-02-25,116.27352481357893,160682,0.9209571428571479
2020-02-26,116.28423527847083,171758,0.6942142857142954
2020-02-27,116.29497981714789,209666,0.29544285714285934
2020-02-28,116.30575824637764,261538,1.6124428571428524
2020-03-02,116.31657038292758,228210,0.21469999999999345
2020-03-03,116.32741604356518,219015,1.172785714285709
2020-03-04,116.33829504505806,172607,1.0789428571428772
2020-03-05,116.34920720417362,157980,1.513857142857134
2020-03-06,116.36015233767948,232713,1.897328571428588
2020-03-09,116.37113026234306,319795,3.6880857142857195
2020-03-10,116.38214079493194,313720,1.5494285714285922
2020-03-11,116.39318375221359,252598,2.9367571428571324
2020-03-12,116.40425895095557,318601,3.6135428571428605
2020-03-13,116.41536620792535,362634,0.7323428571428536
2020-03-16,116.42650533989045,364898,2.202300000000008
2020-03-17,116.43767616361846,386041,2.197699999999969
2020-03-18,116.4488784958768,348086,2.5563000000000216
2020-03-19,116.460112153433,382520,2.107214285714292
2020-03-20,116.4713769530546,423317,1.9610857142857299
2020-03-23,116.48267271150911,365275,1.1035428571428554
2020-03-24,116.49399924556404,328673,0.4276142857143128
2020-03-25,116.50535637198692,330765,-0.6110285714285908
2020-03-26,116.51674390754525,298863,-0.5546428571428663
2020-03-27,116.52816166900651,248030,0.08185714285714596
2020-03-30,116.53960947313828,196562,1.245671428571427
2020-03-31,116.55108713670802,197527,1.5804714285714283
2020-04-01,116.56259447648327,163062,2.735057142857144
2020-04-02,116.57413130923156,166313,3.0387714285714083
2020-04-03,116.58569745172038,141699,2.9020000000000152
2020-04-06,116.59729272071722,149942,2.147671428571428
2020-04-07,116.60891693298966,150125,1.512842857142843
2020-04-08,116.62056990530517,137685,1.807371428571443
2020-04-09,116.6322514544313,139700,1.3215428571428731
2020-04-10,116.6439613971355,105111,1.326828571428564
2020-04-13,116.65569955018533,105604,2.2675571428571573
2020-04-14,116.66746573034831,100083,2.0306428571428654
2020-04-15,116.67925975439192,100857,2.4931142857142703
2020-04-16,116.6910814390837,111207,2.6899857142857115
2020-04-17,116.70293060119118,120129,2.6593571428571465
2020-04-20,116.71480705748185,84207,2.596485714285734
2020-04-21,116.72671062472322,110843,2.4037000000000006
2020-04-22,116.73864111968278,87975,2.72105714285712
2020-04-23,116.75059835912812,110758,3.2633571428571315
2020-04-24,116.7625821598267,92017,2.741299999999981
2020-04-27,116.77459233854606,88959,2.9181857142856984
2020-04-28,116.78662871205367,92384,3.3574428571428427
2020-04-29,116.7986910971171,84737,2.9371571428571315
2020-04-30,116.81077931050385,110984,1.4840714285714256
2020-05-01,116.82289316898141,82499,1.4263142857142839
2020-05-04,116.83503248931729,80293,2.379342857142859
2020-05-05,116.84719708827906,88634,3.215285714285713
2020-05-06,116.85938678263415,81093,4.046985714285711
2020-05-07,116.87160138915014,92262,3.41674285714285
2020-05-08,116.88384072459455,76344,2.864699999999999
2020-05-11,116.89610460573483,86277,2.061628571428585
2020-05-12,116.90839284933857,82681,2.1011142857142886
2020-05-13,116.92070527217324,94811,2.4716428571428395
2020-05-14,116.93304169100635,95693,2.3412000000000006
2020-05-15,116.94540192260543,89064,2.2562571428571516
2020-05-18,116.95778578373798,82692,0.9605142857142681
2020-05-19,116.97019309117157,94580,0.4270000000000209
2020-05-20,116.98262366167364,83177,-0.024514285714275275
2020-05-21,116.99507731201172,79421,0.20497142857142592
2020-05-22,117.00755385895339,76776,0.6736714285714385
2020-05-25,117.02005311926607,49901,0.609814285714279
2020-05-26,117.03257490971733,83368,-0.13374285714286316
2020-05-27,117.04511904707466,119948,-0.6377857142856982
2020-05-28,117.05768534810562,117864,-1.288028571428569
2020-05-29,117.07027362957768,131313,-1.765757142857126
2020-06-01,117.08288370825835,104998,-1.889314285714292
2020-06-02,117.09551540091518,114928,-3.462357142857144
2020-06-03,117.10816852431563,125454,-4.385957142857137
2020-06-04,117.12084289522728,134945,-5.7393285714285724
2020-06-05,117.13353833041764,133843,-5.659885714285707
2020-06-08,117.14625464665416,103874,-4.368585714285729
2020-06-09,117.15899166070436,124296,-4.048642857142852
2020-06-10,117.17174918933584,127328,-3.710399999999993
2020-06-11,117.18452704931606,163870,-2.5539857142857016
2020-06-12,117.19732505741253,160242,-2.6687285714285736
2020-06-15,117.21014303039276,149253,-3.2617857142857076
2020-06-16,117.22298078502426,137538,-2.5824571428571375
2020-06-17,117.2358381380746,117874,-1.9748571428571466
2020-06-18,117.2487149063112,115685,-1.4941857142857202
2020-06-19,117.26161090650167,103802,-1.0943285714285764
2020-06-22,117.27452595541345,94388,-1.9976714285714223
2020-06-23,117.28745986981411,128594,-2.0544857142857182
2020-06-24,117.30041246647114,112503,-1.9832571428571413
2020-06-25,117.31338356215205,121659,-1.7676857142856903
2020-06-26,117.32637297362436,90711,-1.7358285714285984
2020-06-29,117.33938051765558,94772,-2.4127428571428595
2020-06-30,117.35240601101323,103046,-2.6966714285714204
2020-07-01,117.36544927046481,94205,-2.363985714285718
2020-07-02,117.37851011277787,88493,-2.2775142857142896
2020-07-03,117.39158835471987,84371,-2.298228571428581
2020-07-06,117.40468381305841,77723,-2.8593000000000046
2020-07-07,117.41779630456092,80867,-2.6002571428571315
2020-07-08,117.43092564599493,77874,-2.8337857142857104
2020-07-09,117.444071654128,92137,-2.2339285714285637
2020-07-10,117.45723414572758,90329,-2.0155000000000314
2020-07-13,117.47041293756124,82874,-2.851214285714292
2020-07-14,117.48360784639647,98613,-3.3474285714285656
2020-07-15,117.49681868900076,89964,-3.088557142857155
2020-07-16,117.51004528214169,90493,-3.102157142857152
2020-07-17,117.5232874425867,68028,-3.2217857142857156
2020-07-20,117.53654498710337,94390,-3.6687428571428455
2020-07-21,117.54981773245916,93219,-3.918757142857146
2020-07-22,117.56310549542162,105460,-4.692914285714281
2020-07-23,117.57640809275826,90407,-4.512457142857144
2020-07-24,117.58972534123657,107147,-4.187699999999978
2020-07-27,117.6030570576241,111151,-4.2356142857143055
2020-07-28,117.61640305868833,109687,-3.431428571428583
2020-07-29,117.6297631611968,98888,-3.9200714285714042
2020-07-30,117.64313718191703,109425,-4.16938571428571
2020-07-31,117.65652493761651,141496,-4.570585714285713
2020-08-03,117.66992624506275,116892,-4.488457142857158
2020-08-04,117.68334092102327,99578,-4.498785714285702
2020-08-05,117.69676878226564,100278,-4.875628571428564
2020-08-06,117.71020964555728,114026,-4.8383714285714206
2020-08-07,117.72366332766576,111235,-4.208771428571438
2020-08-10,117.7371296453586,75806,-3.6215714285714284
2020-08-11,117.7506084154033,108005,-4.140085714285718
2020-08-12,117.76409945456736,108147,-4.913228571428576
2020-08-13,117.77760257961832,97678,-5.131928571428588
2020-08-14,117.79111760732366,78704,-4.845500000000001
2020-08-17,117.80464435445096,78257,-4.338071428571439
2020-08-18,117.81818263776766,101931,-4.140985714285705
2020-08-19,117.83173227404133,109048,-3.8674857142857064
2020-08-20,117.84529308003941,107448,-3.5839285714285722
2020-08-21,117.85886487252951,95391,-2.7793857142857092
2020-08-24,117.87244746827909,77109,-2.7831714285714355
2020-08-25,117.88604068405569,93228,-3.6431571428571345
2020-08-26,117.89964433662679,83446,-3.027557142857148
2020-08-27,117.91325824275992,136370,-3.508885714285725
2020-08-28,117.92688221922262,127627,-2.841085714285711
2020-08-31,117.94051608278237,98789,-3.6898857142857366
2020-09-01,117.95415965020668,114098,-3.373085714285722
2020-09-02,117.96781273826308,99547,-2.932928571428562
2020-09-03,117.98147516371908,109318,-2.809128571428573
2020-09-04,117.99514674334223,109903,-2.642014285714282
2020-09-07,118.00882729390001,60397,-2.325928571428591
2020-09-08,118.02251663215992,102062,-1.571685714285735
2020-09-09,118.03621457488951,102790,-2.0200714285714128
2020-09-10,118.04992093885625,106281,-2.0674285714285787
2020-09-11,118.0636355408277,92534,-2.382657142857127
2020-09-14,118.07735819757133,67968,-2.0430571428571227
2020-09-15,118.09108872585472,74293,-1.4788999999999959
2020-09-16,118.10482694244533,98020,-0.543271428571444
2020-09-17,118.11857266411069,110071,-0.5851285714285694
2020-09-18,118.1323257076183,81511,-0.2679571428571563
2020-09-21,118.1460858897357,100784,0.39568571428571886
2020-09-22,118.1598530272304,95395,0.7638285714285615
2020-09-23,118.17362693686988,100274,0.7863285714285695
2020-09-24,118.18740743542168,97994,0.6970285714285893
2020-09-25,118.20119433965336,87555,0.9505857142857081
2020-09-28,118.21498746633235,78143,0.6999571428571443
2020-09-29,118.22878663222622,95347,-0.27721428571427964
2020-09-30,118.24259165410244,111466,0.28868571428571954
2020-10-01,118.2564023487286,120325,-0.048142857142877915
2020-10-02,118.27021853287212,118763,0.5344571428571641
2020-10-05,118.28404002330059,80632,-0.5792857142857173
2020-10-06,118.29786663678149,96819,0.11725714285714162
2020-10-07,118.31169819008234,89532,-0.5402714285714438
2020-10-08,118.32553449997063,81493,-0.5210285714285732
2020-10-09,118.33937538321393,82703,-0.7116428571428486
2020-10-12,118.35322065657972,67476,-0.1294714285714207
2020-10-13,118.36707013683551,84633,0.41958571428573066
2020-10-14,118.38092364074883,79925,0.8083428571428612
2020-10-15,118.3947809850872,83315,0.9513428571428761
2020-10-16,118.4086419866181,79775,0.9384571428571462
2020-10-19,118.42250646210906,72269,0.3408857142857187
2020-10-20,118.43637422832761,76104,-0.25354285714284686
2020-10-21,118.45024510204125,86214,0.4631000000000256
2020-10-22,118.46411890001748,71406,0.5736285714285714
2020-10-23,118.47799543902387,73324,0.37097142857143695
2020-10-26,118.49187453582788,71269,0.775285714285701
2020-10-27,118.50575600719704,64872,1.4177571428571412
2020-10-28,118.51963966989888,91075,2.0159428571428464
2020-10-29,118.53352534070086,91264,2.419157142857131
2020-10-30,118.5474128363706,100629,2.598699999999994
2020-11-02,118.5613019736755,86337,2.5425571428571487
2020-11-03,118.57519256938313,83993,1.9874571428571386
2020-11-04,118.58908444026099,182938,1.9216285714285704
2020-11-05,118.60297740307664,121717,1.9902714285714325
2020-11-06,118.61687127459756,123991,1.65098571428571
2020-11-09,118.63076587159121,147278,-0.09789999999999566
2020-11-10,118.64466101082516,130678,0.0243714285714276
2020-11-11,118.65855650906694,91084,0.19174285714284167
2020-11-12,118.67245218308408,89101,0.253871428571415
2020-11-13,118.686347849644,80891,0.5628428571428685
2020-11-16,118.7002433255143,90459,0.38798571428570483
2020-11-17,118.71413842746247,80586,0.7483285714285728
2020-11-18,118.72803297225602,87119,1.232785714285697
2020-11-19,118.74192677666247,95393,1.0478285714285818
2020-11-20,118.75581965744932,80588,1.0609857142857209
2020-11-23,118.7697114313841,82992,0.3590714285714398
2020-11-24,118.78360191523431,85831,-0.07804285714286152
2020-11-25,118.79749092576748,87633,-0.3348285714285595
2020-11-26,118.81137827975111,58894,-0.07550000000001944
2020-11-27,118.82526379395276,66485,-0.41767142857142403
2020-11-30,118.83914728513987,87501,-0.30027142857142053
2020-12-01,118.85302857008001,86372,-1.832942857142882
2020-12-02,118.86690746554068,95767,-2.37041428571429
2020-12-03,118.88078378828938,93118,-2.037157142857126
2020-12-04,118.89465735509361,89543,-2.166000000000011
2020-12-07,118.90852798272095,85161,-1.8770285714285535
2020-12-08,118.92239548793886,89257,-1.9748142857143023
2020-12-09,118.93625968751486,84679,-1.8150714285714429
2020-12-10,118.95012039821648,99716,-2.41027142857142
2020-12-11,118.96397743681122,89223,-1.8867571428571495
2020-12-14,118.97783062006661,85530,-2.1805428571428678
2020-12-15,118.99167976475015,81646,-1.781728571428559
2020-12-16,119.00552468762936,93648,-1.996685714285718
2020-12-17,119.01936520547176,91029,-2.2606714285714418
2020-12-18,119.03320113504485,85558,-2.3639285714285734
2020-12-21,119.04703229311615,126321,-2.2523285714285635
2020-12-22,119.06085849645319,98874,-1.7935571428571535
2020-12-23,119.07467956182346,92645,-1.925528571428572
2020-12-24,119.0884953059945,56203,-1.992385714285703
2020-12-28,119.1023055457338,79590,-2.437357142857138
2020-12-29,119.11611009780889,77613,-2.4867285714285856
2020-12-30,119.12990877898727,83963,-2.5110571428571262
2020-12-31,119.14370140603646,69683,-1.6580999999999904
2021-01-04,119.157487795724,108393,-1.8249857142857167
2021-01-05,119.17126776481737,95782,-1.741400000000013
2021-01-06,119.18504113008409,139367,-2.394800000000018
2021-01-07,119.19880770829171,106283,-2.697900000000004
2021-01-08,119.2125673162077,115426,-2.300528571428586
2021-01-11,119.22631977059959,92354,-1.8811714285714203
2021-01-12,119.24006488823488,93396,-1.8371142857142928
2021-01-13,119.2538024858811,90082,-1.4459571428571394
2021-01-14,119.26753238030578,96184,-1.2901714285714263
2021-01-15,119.28125438827644,87243,-0.5548857142857173
2021-01-18,119.29496832656052,77230,-0.32922857142857254
2021-01-19,119.3086740119256,79969,-1.106800000000007
2021-01-20,119.3223712611392,81652,-0.412385714285719
2021-01-21,119.3360598909688,84571,-0.9732428571428784
2021-01-22,119.34973971818195,76924,-1.2987428571428552
2021-01-25,119.36341055954611,76348,-0.9501571428571509
2021-01-26,119.37707223182885,75838,-0.9330285714285651
2021-01-27,119.39072455179766,98427,-1.0005571428571614
2021-01-28,119.40436733622006,105145,-1.2679285714285697
2021-01-29,119.41800040186357,117765,-1.9353142857142842
2021-02-01,119.43162356549566,86950,-1.3611714285714385
2021-02-02,119.44523664388392,83553,-1.198185714285728
2021-02-03,119.45883945379582,72493,-1.1340142857142865
2021-02-04,119.47243181199889,69598,-0.9546000000000134
2021-02-05,119.4860135352606,71040,-1.5913428571428483
2021-02-08,119.49958444034853,70125,-1.3622714285714324
2021-02-09,119.51314434403011,78287,-1.212428571428589
2021-02-10,119.52669306307298,72460,-1.177514285714281
2021-02-11,119.54023041424452,53936,-1.4209857142856919
2021-02-12,119.55375621431233,59811,-1.4409285714285858
2021-02-15,119.56727028004389,53022,-1.971885714285719
2021-02-16,119.58077242820674,79322,-2.471042857142862
2021-02-17,119.59426247556837,85866,-1.5664714285714183
2021-02-18,119.60774023889628,79212,-1.8227142857142837
2021-02-19,119.62120553495805,77834,-1.7328999999999866
2021-02-22,119.63465818052116,91326,-1.689814285714263
2021-02-23,119.64809799235309,83638,-1.7513857142857177
2021-02-24,119.66152478722134,112022,-2.6002571428571173
2021-02-25,119.67493838189354,148594,-3.102328571428558
2021-02-26,119.68833859313712,166320,-2.24105714285713
2021-03-01,119.70172523771954,107227,-2.2071571428571417
2021-03-02,119.71509813240844,106507,-2.478371428571421
2021-03-03,119.72845709397123,106526,-2.500799999999998
2021-03-04,119.74180193917549,123762,-2.6026714285714405
2021-03-05,119.7551324847887,143889,-2.3713285714285632
2021-03-08,119.7684485475784,111675,-2.2280714285714396
2021-03-09,119.78174994431207,110653,-2.24841428571429
2021-03-10,119.79503649175732,94133,-2.373185714285725
2021-03-11,119.80830800668151,98512,-3.057242857142853
2021-03-12,119.82156430585225,94143,-3.269385714285704
2021-03-15,119.83480520603703,89194,-3.0767285714286032
2021-03-16,119.84803052400338,79898,-2.5863857142857114
2021-03-17,119.86124007651883,79958,-3.1804428571428502
2021-03-18,119.87443368035085,101107,-2.4830857142857212
2021-03-19,119.88761115226698,85271,-2.3160857142857196
2021-03-22,119.90077230903474,70853,-2.5132285714285842
2021-03-23,119.9139169674216,78973,-1.2583285714285637
2021-03-24,119.92704494419515,76150,-0.9793428571428535
2021-03-25,119.94015605612286,90286,-0.9783857142857073
2021-03-26,119.9532501199722,76711,-1.8190142857142888
2021-03-29,119.96632695251076,81455,-1.655399999999986
2021-03-30,119.97938637050603,71382,-1.6874142857142829
2021-03-31,119.99242819072553,88722,-2.220728571428566
2021-04-01,120.00545222993671,78034,-2.557042857142875
2021-04-02,120.01845830490724,46624,-2.356742857142862
2021-04-05,120.03144623240446,59621,-2.3255000000000052
2021-04-06,120.04441582919596,79696,-2.458585714285718
2021-04-07,120.05736691204928,91175,-2.47418571428571
2021-04-08,120.07029929773192,77706,-2.2376857142857176
2021-04-09,120.08321280301132,76355,-2.4832714285714133
2021-04-12,120.0961072446551,70667,-2.196228571428577
2021-04-13,120.10898243943076,86042,-2.1663285714285507
2021-04-14,120.12183820410573,77057,-2.305871428571436
2021-04-15,120.13467435544756,71368,-1.9045857142857017
2021-04-16,120.14749071022383,69034,-2.0890142857142564
2021-04-19,120.16028708520199,74205,-1.831957142857135
2021-04-20,120.17306329714962,67676,-1.7099714285714072
2021-04-21,120.18581916283414,55417,-1.6143428571428444
2021-04-22,120.19855449902312,63275,-1.2563285714285826
2021-04-23,120.21126912248404,57588,-1.9342571428571205
2021-04-26,120.22396284998447,56562,-2.008899999999983
2021-04-27,120.23663549829188,54869,-2.7738285714285666
2021-04-28,120.2492868841738,61298,-2.901900000000012
2021-04-29,120.26191682439774,57647,-3.129899999999992
2021-04-30,120.27452513573121,61486,-2.4852714285714512
2021-05-03,120.28711163494174,50722,-2.5343428571428603
2021-05-04,120.29967613879688,61135,-2.1875571428571448
2021-05-05,120.31221846406407,51417,-1.9012142857142749
2021-05-06,120.32473842751082,62069,-2.3318142857143016
2021-05-07,120.33723584590473,66018,-2.750571428571419
2021-05-10,120.34971053601323,62015,-2.5888571428571368
2021-05-11,120.36216231460389,70405,-2.468857142857132
2021-05-12,120.37459099844419,76710,-2.8448714285713947
2021-05-13,120.38699640430166,74800,-2.5509428571428145
2021-05-14,120.39937834894381,60366,-3.0723714285714436
2021-05-17,120.41173664913813,55021,-2.912557142857139
2021-05-18,120.4240711216522,57134,-3.177500000000009
2021-05-19,120.43638158325348,76208,-2.9706142857142765
2021-05-20,120.44866785070947,62453,-2.9334571428571508
2021-05-21,120.46092974078775,61178,-2.5498714285714073
2021-05-24,120.47316707025578,52822,-2.624842857142852
2021-05-25,120.48537965588112,62593,-2.9563428571428574
2021-05-26,120.49756731443124,62441,-2.678357142857152
2021-05-27,120.50972986267365,67809,-3.457342857142862
2021-05-28,120.5218671173759,63732,-3.370742857142858
2021-05-31,120.53397889530551,47688,-3.2950857142857046
2021-06-01,120.54606501322998,58501,-2.9843857142857075
2021-06-02,120.55812528791675,57396,-2.967028571428557
2021-06-03,120.57015953613345,60835,-2.8922000000000025
2021-06-04,120.58216757464757,59033,-2.3056285714285423
2021-06-07,120.59414922022656,49835,-2.1657571428571316
2021-06-08,120.60610428963801,53625,-2.1966428571428764
2021-06-09,120.6180325996494,45060,-2.3892714285714476
2021-06-10,120.62993396702821,48020,-1.9242428571428718
2021-06-11,120.64180820854197,56956,-1.5593142857142652
2021-06-14,120.65365514095825,40376,-2.104642857142835
2021-06-15,120.66547458104455,36372,-2.0895285714285876
2021-06-16,120.67726634556833,56515,-1.3786428571428644
2021-06-17,120.6890302512972,80619,0.1884857142857186
2021-06-18,120.70076611499849,80543,0.6966285714285334
2021-06-21,120.71247375343991,76083,-0.025714285714258267
2021-06-22,120.72415298338889,64953,-0.6552714285714387
2021-06-23,120.73580362161297,64404,-0.8115857142857124
2021-06-24,120.74742548487964,58207,-0.7372285714285738
2021-06-25,120.75901838995641,55048,-0.644042857142864
2021-06-28,120.77058215361077,58022,-0.26831428571429683
2021-06-29,120.78211659261038,57219,0.16715714285714967
2021-06-30,120.7936215237226,67058,-0.029328571428550276
2021-07-01,120.80509676371494,63301,-0.38941428571428105
2021-07-02,120.81654212935503,60975,0.04808571428571895
2021-07-05,120.82795743741029,51227,0.1878571428571547
2021-07-06,120.83934250464823,67326,1.071300000000008
2021-07-07,120.85069714783644,72292,1.4382999999999981
2021-07-08,120.86202118374237,84470,1.8359000000000094
2021-07-09,120.87331442913357,72568,1.0972428571428452
2021-07-12,120.88457670077753,60115,1.002742857142863
2021-07-13,120.8958078154418,65570,1.5951428571428607
2021-07-14,120.90700758989385,68142,1.7375142857142976
2021-07-15,120.91817584090123,73644,2.136799999999994
2021-07-16,120.92931238523147,67574,1.9058714285714302
2021-07-19,120.94041703965199,81544,2.705585714285718
2021-07-20,120.95148962093037,85206,2.406014285714292
2021-07-21,120.96252994583415,74420,1.736228571428569
2021-07-22,120.97353783113081,67138,2.1565142857142803
2021-07-23,120.98451309358786,66343,1.6772857142857163
2021-07-26,120.99545554997283,67370,1.543942857142838
2021-07-27,121.00636501705326,69227,2.0858285714285785
2021-07-28,121.01724131159662,76232,1.6426714285714183
2021-07-29,121.02808425037041,63356,1.6863571428571618
2021-07-30,121.03889365014221,68468,1.6231714285714247
2021-08-02,121.04966932767948,57807,2.0288428571428767
2021-08-03,121.06041109974974,64841,2.4155142857142664
2021-08-04,121.0711187831205,59392,2.1504142857142767
2021-08-05,121.08179219455936,60924,1.821085714285715
2021-08-06,121.0924311508337,56434,2.058157142857141
2021-08-09,121.10303546871114,54162,2.1683857142856766
2021-08-10,121.1136049649591,52686,2.0291285714286005
2021-08-11,121.1241394563452,55467,1.9714714285714479
2021-08-12,121.13463875963687,46049,2.0392142857143085
2021-08-13,121.14510269160169,46277,2.266142857142853
2021-08-16,121.1555310690071,51830,2.8275714285714457
2021-08-17,121.16592370862065,57955,3.1384000000000185
2021-08-18,121.17628042720996,59930,2.863757142857139
2021-08-19,121.18660104154236,75222,3.1620142857142923
2021-08-20,121.19688536838541,53939,2.8156857142857064
2021-08-23,121.20713322450673,56021,2.370985714285723
2021-08-24,121.21734442667375,47602,2.198814285714292
2021-08-25,121.22751879165405,54027,1.6218571428571522
2021-08-26,121.23765613621502,60772,1.6855571428571636
2021-08-27,121.24775627712431,62019,1.4453857142856918
2021-08-30,121.25781903114932,43509,1.2916428571428469
2021-08-31,121.26784421505764,65365,1.0233000000000345
2021-09-01,121.27783164561677,58243,0.603214285714273
2021-09-02,121.28778113959423,48383,0.27671428571429146
2021-09-03,121.2976925137575,61452,0.47264285714283005
2021-09-06,121.30756558487413,37069,0.37405714285711156
2021-09-07,121.31740016971166,63814,0.07435714285713857
2021-09-08,121.3271960850375,64884,0.3393857142856973
2021-09-09,121.33695314761923,63664,0.8169428571428625
2021-09-10,121.3466711742244,61105,0.7117285714285799
2021-09-13,121.35634998162048,54107,0.5521999999999991
2021-09-14,121.365989386575,58963,0.9380714285714191
2021-09-15,121.37558920585546,62862,1.1286857142856945
2021-09-16,121.38514925622938,63128,1.1451142857142713
2021-09-17,121.39466935446431,63167,1.2822571428571337
2021-09-20,121.40414931732766,61961,1.894914285714293
2021-09-21,121.41358896158708,68575,2.029871428571454
2021-09-22,121.42298810400996,80376,1.6862714285714162
2021-09-23,121.43234656136396,68843,0.49645714285716736
2021-09-24,121.44166415041641,63120,0.20084285714287375
2021-09-27,121.45094068793499,67264,0.1421428571428578
2021-09-28,121.46017599068715,80011,-0.33658571428571804
2021-09-29,121.46936987544034,76474,0.045099999999990814
2021-09-30,121.4785221589622,77695,1.0423714285714425
2021-10-01,121.48763265802013,83389,1.0466714285714147
2021-10-04,121.49670118938172,75886,0.8806857142857325
2021-10-05,121.50572756981447,68698,0.4618714285714418
2021-10-06,121.51471161608585,79105,0.920414285714287
2021-10-07,121.52365314496349,58680,0.686742857142832
2021-10-08,121.53255197321471,65318,-0.26298571428571904
2021-10-11,121.54140791760722,55010,-1.3271571428571747
2021-10-12,121.5502207949084,68600,-1.3792285714285981
2021-10-13,121.5589904218859,67168,-1.6994142857143117
2021-10-14,121.56771661530708,52521,-2.1845714285714166
2021-10-15,121.57639919193953,61298,-2.8495571428571225
2021-10-18,121.58503796855072,63519,-3.028114285714281
2021-10-19,121.5936327619083,60936,-3.309614285714275
2021-10-20,121.60218338877961,57991,-3.4217999999999904
2021-10-21,121.61068966593223,61111,-2.6989428571428675
2021-10-22,121.61915141013375,63457,-2.301499999999976
2021-10-25,121.62756843815158,58438,-2.113500000000016
2021-10-26,121.63594056675329,49738,-2.431457142857141
2021-10-27,121.64426761270637,65409,-2.0795285714285683
2021-10-28,121.65254939277837,72594,-2.6674857142857036
2021-10-29,121.66078572373674,71619,-1.7904285714285493
2021-11-01,121.66897642234908,58087,-2.2512999999999863
2021-11-02,121.67712130538281,61418,-1.8654142857143086
2021-11-03,121.68522018960554,60058,-2.2814857142856795
2021-11-04,121.6932728917847,64125,-1.2938571428571493
2021-11-05,121.70127922868784,66023,-1.0069714285714042
2021-11-08,121.7092390170825,58617,-1.0156999999999812
2021-11-09,121.71715207373616,65194,-0.6730571428571466
2021-11-10,121.72501821541633,77114,-0.5069142857142879
2021-11-11,121.73283725889054,52755,-0.3688714285714241
2021-11-12,121.74060902092629,58628,-0.13722857142857947
2021-11-15,121.74833331829113,54830,0.5023285714285919
2021-11-16,121.75600996775256,68644,0.27949999999998454
2021-11-17,121.76363878607802,69824,1.074685714285721
2021-11-18,121.77121959003517,64408,0.30532857142856074
2021-11-19,121.77875219639141,80562,1.5981857142857052
2021-11-22,121.7862364219143,76416,1.198528571428568
2021-11-23,121.79367208337136,77317,0.7595714285714337
2021-11-24,121.80105899753006,76775,1.0051285714285711
2021-11-25,121.80839698115793,42682,1.0335857142856923
